paragraph,recommending_state,position,primary_theme,action_summary,grade,grade_label,text,rationale,sources,evidence_quotes
26.1,Somalia,supported,Ratification of & accession to international instruments,Ratify outstanding international human rights treaties,C,Not implemented / no relevant action taken,Consider ratifying all remaining human rights conventions,The United States ratified none of the treaties covered by these recommendations in the review period and did not reconsider its ICCPR reservations.,A/HRC/WG.6/50/USA/2 para. 2; A/HRC/WG.6/50/USA/2 para. 3; A/HRC/WG.6/50/USA/3 para. 2,"UN Compilation (A/HRC/WG.6/50/USA/2), para. 2 — Committee on the Elimination of Racial Discrimination: ""encouraged the United States of America to consider ratifying the international human rights treaties that it had not yet ratified, including the International Covenant on Economic, Social and Cultural Rights, the Convention on the Elimination of All Forms of Discrimination against Women, the Convention on the Rights of the Child, ... the Convention on the Rights of Persons with Disabilities and the International Convention for the Protection of All Persons from Enforced Disappearance""
UN Compilation (A/HRC/WG.6/50/USA/2), para. 3 — Human Rights Committee: ""recommended that the United States reconsider its position regarding the reservations, declarations and understandings that it had lodged at the time of ratification of the International Covenant on Civil and Political Rights""
Stakeholders' Summary (A/HRC/WG.6/50/USA/3), para. 2 — Several stakeholders (OHCHR summary): ""the United States of America (USA) had not yet ratified several international human rights treaties, notwithstanding repeated recommendations to that effect"""
26.2,Ghana,supported,Ratification of & accession to international instruments,Ratify outstanding international human rights treaties,C,Not implemented / no relevant action taken,Continue with the ongoing efforts to ratify outstanding core international human rights instruments at the earliest convenience,The United States ratified none of the treaties covered by these recommendations in the review period and did not reconsider its ICCPR reservations.,A/HRC/WG.6/50/USA/2 para. 2; A/HRC/WG.6/50/USA/2 para. 3; A/HRC/WG.6/50/USA/3 para. 2,"UN Compilation (A/HRC/WG.6/50/USA/2), para. 2 — Committee on the Elimination of Racial Discrimination: ""encouraged the United States of America to consider ratifying the international human rights treaties that it had not yet ratified, including the International Covenant on Economic, Social and Cultural Rights, the Convention on the Elimination of All Forms of Discrimination against Women, the Convention on the Rights of the Child, ... the Convention on the Rights of Persons with Disabilities and the International Convention for the Protection of All Persons from Enforced Disappearance""
UN Compilation (A/HRC/WG.6/50/USA/2), para. 3 — Human Rights Committee: ""recommended that the United States reconsider its position regarding the reservations, declarations and understandings that it had lodged at the time of ratification of the International Covenant on Civil and Political Rights""
Stakeholders' Summary (A/HRC/WG.6/50/USA/3), para. 2 — Several stakeholders (OHCHR summary): ""the United States of America (USA) had not yet ratified several international human rights treaties, notwithstanding repeated recommendations to that effect"""
26.3,Albania,supported,Ratification of & accession to international instruments,Ratify outstanding international human rights treaties,C,Not implemented / no relevant action taken,Take the necessary steps to ratify the international human rights instruments that the United States has already signed,The United States ratified none of the treaties covered by these recommendations in the review period and did not reconsider its ICCPR reservations.,A/HRC/WG.6/50/USA/2 para. 2; A/HRC/WG.6/50/USA/2 para. 3; A/HRC/WG.6/50/USA/3 para. 2,"UN Compilation (A/HRC/WG.6/50/USA/2), para. 2 — Committee on the Elimination of Racial Discrimination: ""encouraged the United States of America to consider ratifying the international human rights treaties that it had not yet ratified, including the International Covenant on Economic, Social and Cultural Rights, the Convention on the Elimination of All Forms of Discrimination against Women, the Convention on the Rights of the Child, ... the Convention on the Rights of Persons with Disabilities and the International Convention for the Protection of All Persons from Enforced Disappearance""
UN Compilation (A/HRC/WG.6/50/USA/2), para. 3 — Human Rights Committee: ""recommended that the United States reconsider its position regarding the reservations, declarations and understandings that it had lodged at the time of ratification of the International Covenant on Civil and Political Rights""
Stakeholders' Summary (A/HRC/WG.6/50/USA/3), para. 2 — Several stakeholders (OHCHR summary): ""the United States of America (USA) had not yet ratified several international human rights treaties, notwithstanding repeated recommendations to that effect"""
26.4,Zambia,supported,Ratification of & accession to international instruments,Ratify outstanding international human rights treaties,C,Not implemented / no relevant action taken,Ratify all the pending main human rights instruments to which it is not yet a party,The United States ratified none of the treaties covered by these recommendations in the review period and did not reconsider its ICCPR reservations.,A/HRC/WG.6/50/USA/2 para. 2; A/HRC/WG.6/50/USA/2 para. 3; A/HRC/WG.6/50/USA/3 para. 2,"UN Compilation (A/HRC/WG.6/50/USA/2), para. 2 — Committee on the Elimination of Racial Discrimination: ""encouraged the United States of America to consider ratifying the international human rights treaties that it had not yet ratified, including the International Covenant on Economic, Social and Cultural Rights, the Convention on the Elimination of All Forms of Discrimination against Women, the Convention on the Rights of the Child, ... the Convention on the Rights of Persons with Disabilities and the International Convention for the Protection of All Persons from Enforced Disappearance""
UN Compilation (A/HRC/WG.6/50/USA/2), para. 3 — Human Rights Committee: ""recommended that the United States reconsider its position regarding the reservations, declarations and understandings that it had lodged at the time of ratification of the International Covenant on Civil and Political Rights""
Stakeholders' Summary (A/HRC/WG.6/50/USA/3), para. 2 — Several stakeholders (OHCHR summary): ""the United States of America (USA) had not yet ratified several international human rights treaties, notwithstanding repeated recommendations to that effect"""
26.5,Paraguay,supported,Ratification of & accession to international instruments,Ratify outstanding international human rights treaties,C,Not implemented / no relevant action taken,"Ratify the main international human rights treaties that are still pending, in order to move ahead with Sustainable Development Goals 5, 11, 13 and 16",The United States ratified none of the treaties covered by these recommendations in the review period and did not reconsider its ICCPR reservations.,A/HRC/WG.6/50/USA/2 para. 2; A/HRC/WG.6/50/USA/2 para. 3; A/HRC/WG.6/50/USA/3 para. 2,"UN Compilation (A/HRC/WG.6/50/USA/2), para. 2 — Committee on the Elimination of Racial Discrimination: ""encouraged the United States of America to consider ratifying the international human rights treaties that it had not yet ratified, including the International Covenant on Economic, Social and Cultural Rights, the Convention on the Elimination of All Forms of Discrimination against Women, the Convention on the Rights of the Child, ... the Convention on the Rights of Persons with Disabilities and the International Convention for the Protection of All Persons from Enforced Disappearance""
UN Compilation (A/HRC/WG.6/50/USA/2), para. 3 — Human Rights Committee: ""recommended that the United States reconsider its position regarding the reservations, declarations and understandings that it had lodged at the time of ratification of the International Covenant on Civil and Political Rights""
Stakeholders' Summary (A/HRC/WG.6/50/USA/3), para. 2 — Several stakeholders (OHCHR summary): ""the United States of America (USA) had not yet ratified several international human rights treaties, notwithstanding repeated recommendations to that effect"""
26.6,State of Palestine,supported,Ratification of & accession to international instruments,Ratify outstanding international human rights treaties,C,Not implemented / no relevant action taken,Ratify the core human rights treaties that the United States is not party to,The United States ratified none of the treaties covered by these recommendations in the review period and did not reconsider its ICCPR reservations.,A/HRC/WG.6/50/USA/2 para. 2; A/HRC/WG.6/50/USA/2 para. 3; A/HRC/WG.6/50/USA/3 para. 2,"UN Compilation (A/HRC/WG.6/50/USA/2), para. 2 — Committee on the Elimination of Racial Discrimination: ""encouraged the United States of America to consider ratifying the international human rights treaties that it had not yet ratified, including the International Covenant on Economic, Social and Cultural Rights, the Convention on the Elimination of All Forms of Discrimination against Women, the Convention on the Rights of the Child, ... the Convention on the Rights of Persons with Disabilities and the International Convention for the Protection of All Persons from Enforced Disappearance""
UN Compilation (A/HRC/WG.6/50/USA/2), para. 3 — Human Rights Committee: ""recommended that the United States reconsider its position regarding the reservations, declarations and understandings that it had lodged at the time of ratification of the International Covenant on Civil and Political Rights""
Stakeholders' Summary (A/HRC/WG.6/50/USA/3), para. 2 — Several stakeholders (OHCHR summary): ""the United States of America (USA) had not yet ratified several international human rights treaties, notwithstanding repeated recommendations to that effect"""
26.7,Azerbaijan,supported,Ratification of & accession to international instruments,Ratify outstanding international human rights treaties,C,Not implemented / no relevant action taken,Become party to the core international legal instruments for protecting and promoting human rights,The United States ratified none of the treaties covered by these recommendations in the review period and did not reconsider its ICCPR reservations.,A/HRC/WG.6/50/USA/2 para. 2; A/HRC/WG.6/50/USA/2 para. 3; A/HRC/WG.6/50/USA/3 para. 2,"UN Compilation (A/HRC/WG.6/50/USA/2), para. 2 — Committee on the Elimination of Racial Discrimination: ""encouraged the United States of America to consider ratifying the international human rights treaties that it had not yet ratified, including the International Covenant on Economic, Social and Cultural Rights, the Convention on the Elimination of All Forms of Discrimination against Women, the Convention on the Rights of the Child, ... the Convention on the Rights of Persons with Disabilities and the International Convention for the Protection of All Persons from Enforced Disappearance""
UN Compilation (A/HRC/WG.6/50/USA/2), para. 3 — Human Rights Committee: ""recommended that the United States reconsider its position regarding the reservations, declarations and understandings that it had lodged at the time of ratification of the International Covenant on Civil and Political Rights""
Stakeholders' Summary (A/HRC/WG.6/50/USA/3), para. 2 — Several stakeholders (OHCHR summary): ""the United States of America (USA) had not yet ratified several international human rights treaties, notwithstanding repeated recommendations to that effect"""
26.8,South Africa,supported,Ratification of & accession to international instruments,Ratify outstanding international human rights treaties,C,Not implemented / no relevant action taken,Ratify all conventions and other instruments it had committed to in its previous universal periodic reviews of 2010 and 2015 and has not done so yet,The United States ratified none of the treaties covered by these recommendations in the review period and did not reconsider its ICCPR reservations.,A/HRC/WG.6/50/USA/2 para. 2; A/HRC/WG.6/50/USA/2 para. 3; A/HRC/WG.6/50/USA/3 para. 2,"UN Compilation (A/HRC/WG.6/50/USA/2), para. 2 — Committee on the Elimination of Racial Discrimination: ""encouraged the United States of America to consider ratifying the international human rights treaties that it had not yet ratified, including the International Covenant on Economic, Social and Cultural Rights, the Convention on the Elimination of All Forms of Discrimination against Women, the Convention on the Rights of the Child, ... the Convention on the Rights of Persons with Disabilities and the International Convention for the Protection of All Persons from Enforced Disappearance""
UN Compilation (A/HRC/WG.6/50/USA/2), para. 3 — Human Rights Committee: ""recommended that the United States reconsider its position regarding the reservations, declarations and understandings that it had lodged at the time of ratification of the International Covenant on Civil and Political Rights""
Stakeholders' Summary (A/HRC/WG.6/50/USA/3), para. 2 — Several stakeholders (OHCHR summary): ""the United States of America (USA) had not yet ratified several international human rights treaties, notwithstanding repeated recommendations to that effect"""
26.9,El Salvador,supported_noted,Ratification of & accession to international instruments,Ratify outstanding international human rights treaties,C,Not implemented / no relevant action taken,"Continue the procedure for the ratification of the International Covenant on Economic, Social and Cultural Rights, as well as that of the Convention on the Rights of the Child",The United States ratified none of the treaties covered by these recommendations in the review period and did not reconsider its ICCPR reservations.,A/HRC/WG.6/50/USA/2 para. 2; A/HRC/WG.6/50/USA/2 para. 3; A/HRC/WG.6/50/USA/3 para. 2,"UN Compilation (A/HRC/WG.6/50/USA/2), para. 2 — Committee on the Elimination of Racial Discrimination: ""encouraged the United States of America to consider ratifying the international human rights treaties that it had not yet ratified, including the International Covenant on Economic, Social and Cultural Rights, the Convention on the Elimination of All Forms of Discrimination against Women, the Convention on the Rights of the Child, ... the Convention on the Rights of Persons with Disabilities and the International Convention for the Protection of All Persons from Enforced Disappearance""
UN Compilation (A/HRC/WG.6/50/USA/2), para. 3 — Human Rights Committee: ""recommended that the United States reconsider its position regarding the reservations, declarations and understandings that it had lodged at the time of ratification of the International Covenant on Civil and Political Rights""
Stakeholders' Summary (A/HRC/WG.6/50/USA/3), para. 2 — Several stakeholders (OHCHR summary): ""the United States of America (USA) had not yet ratified several international human rights treaties, notwithstanding repeated recommendations to that effect"""
26.10,Pakistan,supported_noted,Ratification of & accession to international instruments,Ratify outstanding international human rights treaties,C,Not implemented / no relevant action taken,"Ratify the International Covenant on Economic, Social and Cultural Rights, the Convention on the Elimination of All Forms of Discrimination against Women and the Convention on the Rights of the Child, as also recommended by a number of special procedures",The United States ratified none of the treaties covered by these recommendations in the review period and did not reconsider its ICCPR reservations.,A/HRC/WG.6/50/USA/2 para. 2; A/HRC/WG.6/50/USA/2 para. 3; A/HRC/WG.6/50/USA/3 para. 2,"UN Compilation (A/HRC/WG.6/50/USA/2), para. 2 — Committee on the Elimination of Racial Discrimination: ""encouraged the United States of America to consider ratifying the international human rights treaties that it had not yet ratified, including the International Covenant on Economic, Social and Cultural Rights, the Convention on the Elimination of All Forms of Discrimination against Women, the Convention on the Rights of the Child, ... the Convention on the Rights of Persons with Disabilities and the International Convention for the Protection of All Persons from Enforced Disappearance""
UN Compilation (A/HRC/WG.6/50/USA/2), para. 3 — Human Rights Committee: ""recommended that the United States reconsider its position regarding the reservations, declarations and understandings that it had lodged at the time of ratification of the International Covenant on Civil and Political Rights""
Stakeholders' Summary (A/HRC/WG.6/50/USA/3), para. 2 — Several stakeholders (OHCHR summary): ""the United States of America (USA) had not yet ratified several international human rights treaties, notwithstanding repeated recommendations to that effect"""
26.11,Philippines,supported_noted,Ratification of & accession to international instruments,Ratify outstanding international human rights treaties,C,Not implemented / no relevant action taken,"Ratify the following treaties, which it signed: the International Covenant on Economic, Social and Cultural Rights, the Convention on the Rights of the Child and the Convention on the Elimination of All Forms of Discrimination against Women",The United States ratified none of the treaties covered by these recommendations in the review period and did not reconsider its ICCPR reservations.,A/HRC/WG.6/50/USA/2 para. 2; A/HRC/WG.6/50/USA/2 para. 3; A/HRC/WG.6/50/USA/3 para. 2,"UN Compilation (A/HRC/WG.6/50/USA/2), para. 2 — Committee on the Elimination of Racial Discrimination: ""encouraged the United States of America to consider ratifying the international human rights treaties that it had not yet ratified, including the International Covenant on Economic, Social and Cultural Rights, the Convention on the Elimination of All Forms of Discrimination against Women, the Convention on the Rights of the Child, ... the Convention on the Rights of Persons with Disabilities and the International Convention for the Protection of All Persons from Enforced Disappearance""
UN Compilation (A/HRC/WG.6/50/USA/2), para. 3 — Human Rights Committee: ""recommended that the United States reconsider its position regarding the reservations, declarations and understandings that it had lodged at the time of ratification of the International Covenant on Civil and Political Rights""
Stakeholders' Summary (A/HRC/WG.6/50/USA/3), para. 2 — Several stakeholders (OHCHR summary): ""the United States of America (USA) had not yet ratified several international human rights treaties, notwithstanding repeated recommendations to that effect"""
26.12,Romania,supported_noted,Ratification of & accession to international instruments,Ratify outstanding international human rights treaties,C,Not implemented / no relevant action taken,"Finalize the ratification process of a series of human rights instruments which were already signed, namely the International Covenant on Economic, Social and Cultural Rights, the Convention on the Elimination of All Forms of Discrimination against Women, the Convention on the Rights of the Child and the Convention on the Rights of Persons with Disabilities",The United States ratified none of the treaties covered by these recommendations in the review period and did not reconsider its ICCPR reservations.,A/HRC/WG.6/50/USA/2 para. 2; A/HRC/WG.6/50/USA/2 para. 3; A/HRC/WG.6/50/USA/3 para. 2,"UN Compilation (A/HRC/WG.6/50/USA/2), para. 2 — Committee on the Elimination of Racial Discrimination: ""encouraged the United States of America to consider ratifying the international human rights treaties that it had not yet ratified, including the International Covenant on Economic, Social and Cultural Rights, the Convention on the Elimination of All Forms of Discrimination against Women, the Convention on the Rights of the Child, ... the Convention on the Rights of Persons with Disabilities and the International Convention for the Protection of All Persons from Enforced Disappearance""
UN Compilation (A/HRC/WG.6/50/USA/2), para. 3 — Human Rights Committee: ""recommended that the United States reconsider its position regarding the reservations, declarations and understandings that it had lodged at the time of ratification of the International Covenant on Civil and Political Rights""
Stakeholders' Summary (A/HRC/WG.6/50/USA/3), para. 2 — Several stakeholders (OHCHR summary): ""the United States of America (USA) had not yet ratified several international human rights treaties, notwithstanding repeated recommendations to that effect"""
26.13,Australia,supported_noted,Ratification of & accession to international instruments,Ratify outstanding international human rights treaties,C,Not implemented / no relevant action taken,"Ratify the International Covenant on Economic, Social and Cultural Rights, the Convention on the Elimination of All Forms of Discrimination against Women, the Convention on the Rights of the Child and the Convention on the Rights of Persons with Disabilities",The United States ratified none of the treaties covered by these recommendations in the review period and did not reconsider its ICCPR reservations.,A/HRC/WG.6/50/USA/2 para. 2; A/HRC/WG.6/50/USA/2 para. 3; A/HRC/WG.6/50/USA/3 para. 2,"UN Compilation (A/HRC/WG.6/50/USA/2), para. 2 — Committee on the Elimination of Racial Discrimination: ""encouraged the United States of America to consider ratifying the international human rights treaties that it had not yet ratified, including the International Covenant on Economic, Social and Cultural Rights, the Convention on the Elimination of All Forms of Discrimination against Women, the Convention on the Rights of the Child, ... the Convention on the Rights of Persons with Disabilities and the International Convention for the Protection of All Persons from Enforced Disappearance""
UN Compilation (A/HRC/WG.6/50/USA/2), para. 3 — Human Rights Committee: ""recommended that the United States reconsider its position regarding the reservations, declarations and understandings that it had lodged at the time of ratification of the International Covenant on Civil and Political Rights""
Stakeholders' Summary (A/HRC/WG.6/50/USA/3), para. 2 — Several stakeholders (OHCHR summary): ""the United States of America (USA) had not yet ratified several international human rights treaties, notwithstanding repeated recommendations to that effect"""
26.14,Belarus,supported_noted,Ratification of & accession to international instruments,Ratify outstanding international human rights treaties,C,Not implemented / no relevant action taken,"Ratify the International Covenant on Economic, Social and Cultural Rights and the Convention on the Rights of the Child",The United States ratified none of the treaties covered by these recommendations in the review period and did not reconsider its ICCPR reservations.,A/HRC/WG.6/50/USA/2 para. 2; A/HRC/WG.6/50/USA/2 para. 3; A/HRC/WG.6/50/USA/3 para. 2,"UN Compilation (A/HRC/WG.6/50/USA/2), para. 2 — Committee on the Elimination of Racial Discrimination: ""encouraged the United States of America to consider ratifying the international human rights treaties that it had not yet ratified, including the International Covenant on Economic, Social and Cultural Rights, the Convention on the Elimination of All Forms of Discrimination against Women, the Convention on the Rights of the Child, ... the Convention on the Rights of Persons with Disabilities and the International Convention for the Protection of All Persons from Enforced Disappearance""
UN Compilation (A/HRC/WG.6/50/USA/2), para. 3 — Human Rights Committee: ""recommended that the United States reconsider its position regarding the reservations, declarations and understandings that it had lodged at the time of ratification of the International Covenant on Civil and Political Rights""
Stakeholders' Summary (A/HRC/WG.6/50/USA/3), para. 2 — Several stakeholders (OHCHR summary): ""the United States of America (USA) had not yet ratified several international human rights treaties, notwithstanding repeated recommendations to that effect"""
26.15,France,supported_noted,Ratification of & accession to international instruments,Ratify outstanding international human rights treaties,C,Not implemented / no relevant action taken,"Ratify the International Covenant on Economic, Social and Cultural Rights, the Convention on the Elimination of All Forms of Discrimination against Women, the Convention on the Rights of Persons with Disabilities and the Convention on the Rights of the Child",The United States ratified none of the treaties covered by these recommendations in the review period and did not reconsider its ICCPR reservations.,A/HRC/WG.6/50/USA/2 para. 2; A/HRC/WG.6/50/USA/2 para. 3; A/HRC/WG.6/50/USA/3 para. 2,"UN Compilation (A/HRC/WG.6/50/USA/2), para. 2 — Committee on the Elimination of Racial Discrimination: ""encouraged the United States of America to consider ratifying the international human rights treaties that it had not yet ratified, including the International Covenant on Economic, Social and Cultural Rights, the Convention on the Elimination of All Forms of Discrimination against Women, the Convention on the Rights of the Child, ... the Convention on the Rights of Persons with Disabilities and the International Convention for the Protection of All Persons from Enforced Disappearance""
UN Compilation (A/HRC/WG.6/50/USA/2), para. 3 — Human Rights Committee: ""recommended that the United States reconsider its position regarding the reservations, declarations and understandings that it had lodged at the time of ratification of the International Covenant on Civil and Political Rights""
Stakeholders' Summary (A/HRC/WG.6/50/USA/3), para. 2 — Several stakeholders (OHCHR summary): ""the United States of America (USA) had not yet ratified several international human rights treaties, notwithstanding repeated recommendations to that effect"""
26.16,India,supported,Ratification of & accession to international instruments,Ratify outstanding international human rights treaties,C,Not implemented / no relevant action taken,"Consider early ratification of the International Covenant on Economic, Social and Cultural Rights, the Convention on the Elimination of All Forms of Discrimination against Women and the Convention on the Rights of the Child",The United States ratified none of the treaties covered by these recommendations in the review period and did not reconsider its ICCPR reservations.,A/HRC/WG.6/50/USA/2 para. 2; A/HRC/WG.6/50/USA/2 para. 3; A/HRC/WG.6/50/USA/3 para. 2,"UN Compilation (A/HRC/WG.6/50/USA/2), para. 2 — Committee on the Elimination of Racial Discrimination: ""encouraged the United States of America to consider ratifying the international human rights treaties that it had not yet ratified, including the International Covenant on Economic, Social and Cultural Rights, the Convention on the Elimination of All Forms of Discrimination against Women, the Convention on the Rights of the Child, ... the Convention on the Rights of Persons with Disabilities and the International Convention for the Protection of All Persons from Enforced Disappearance""
UN Compilation (A/HRC/WG.6/50/USA/2), para. 3 — Human Rights Committee: ""recommended that the United States reconsider its position regarding the reservations, declarations and understandings that it had lodged at the time of ratification of the International Covenant on Civil and Political Rights""
Stakeholders' Summary (A/HRC/WG.6/50/USA/3), para. 2 — Several stakeholders (OHCHR summary): ""the United States of America (USA) had not yet ratified several international human rights treaties, notwithstanding repeated recommendations to that effect"""
26.17,Slovenia,supported_noted,Ratification of & accession to international instruments,Ratify outstanding international human rights treaties,C,Not implemented / no relevant action taken,"Ratify, as already recommended in previous two universal periodic review cycles, the following treaties: the Convention on the Elimination of All Forms of Discrimination against Women, the Convention on the Rights of the Child, the Convention on the Rights of Persons with Disabilities, the Optional Protocol to the International Covenant on Civil and Political Rights and the Optional Protocol to the Convention against Torture and Other Cruel, Inhuman or Degrading Treatment or Punishment",The United States ratified none of the treaties covered by these recommendations in the review period and did not reconsider its ICCPR reservations.,A/HRC/WG.6/50/USA/2 para. 2; A/HRC/WG.6/50/USA/2 para. 3; A/HRC/WG.6/50/USA/3 para. 2,"UN Compilation (A/HRC/WG.6/50/USA/2), para. 2 — Committee on the Elimination of Racial Discrimination: ""encouraged the United States of America to consider ratifying the international human rights treaties that it had not yet ratified, including the International Covenant on Economic, Social and Cultural Rights, the Convention on the Elimination of All Forms of Discrimination against Women, the Convention on the Rights of the Child, ... the Convention on the Rights of Persons with Disabilities and the International Convention for the Protection of All Persons from Enforced Disappearance""
UN Compilation (A/HRC/WG.6/50/USA/2), para. 3 — Human Rights Committee: ""recommended that the United States reconsider its position regarding the reservations, declarations and understandings that it had lodged at the time of ratification of the International Covenant on Civil and Political Rights""
Stakeholders' Summary (A/HRC/WG.6/50/USA/3), para. 2 — Several stakeholders (OHCHR summary): ""the United States of America (USA) had not yet ratified several international human rights treaties, notwithstanding repeated recommendations to that effect"""
26.18,Russian Federation,supported,Ratification of & accession to international instruments,Ratify outstanding international human rights treaties,C,Not implemented / no relevant action taken,"Ratify immediately the Convention on the Rights of the Child, the Convention on the Elimination of All Forms of Discrimination against Women and the Convention on the Rights of Persons with Disabilities",The United States ratified none of the treaties covered by these recommendations in the review period and did not reconsider its ICCPR reservations.,A/HRC/WG.6/50/USA/2 para. 2; A/HRC/WG.6/50/USA/2 para. 3; A/HRC/WG.6/50/USA/3 para. 2,"UN Compilation (A/HRC/WG.6/50/USA/2), para. 2 — Committee on the Elimination of Racial Discrimination: ""encouraged the United States of America to consider ratifying the international human rights treaties that it had not yet ratified, including the International Covenant on Economic, Social and Cultural Rights, the Convention on the Elimination of All Forms of Discrimination against Women, the Convention on the Rights of the Child, ... the Convention on the Rights of Persons with Disabilities and the International Convention for the Protection of All Persons from Enforced Disappearance""
UN Compilation (A/HRC/WG.6/50/USA/2), para. 3 — Human Rights Committee: ""recommended that the United States reconsider its position regarding the reservations, declarations and understandings that it had lodged at the time of ratification of the International Covenant on Civil and Political Rights""
Stakeholders' Summary (A/HRC/WG.6/50/USA/3), para. 2 — Several stakeholders (OHCHR summary): ""the United States of America (USA) had not yet ratified several international human rights treaties, notwithstanding repeated recommendations to that effect"""
26.19,Togo,supported,Ratification of & accession to international instruments,Ratify outstanding international human rights treaties,C,Not implemented / no relevant action taken,"Ratify international conventions on human rights, including the Convention on the Rights of the Child, the Convention on the Elimination of All Forms of Discrimination against Women and the International Convention on the Protection of the Rights of All Migrant Workers and Members of Their Families",The United States ratified none of the treaties covered by these recommendations in the review period and did not reconsider its ICCPR reservations.,A/HRC/WG.6/50/USA/2 para. 2; A/HRC/WG.6/50/USA/2 para. 3; A/HRC/WG.6/50/USA/3 para. 2,"UN Compilation (A/HRC/WG.6/50/USA/2), para. 2 — Committee on the Elimination of Racial Discrimination: ""encouraged the United States of America to consider ratifying the international human rights treaties that it had not yet ratified, including the International Covenant on Economic, Social and Cultural Rights, the Convention on the Elimination of All Forms of Discrimination against Women, the Convention on the Rights of the Child, ... the Convention on the Rights of Persons with Disabilities and the International Convention for the Protection of All Persons from Enforced Disappearance""
UN Compilation (A/HRC/WG.6/50/USA/2), para. 3 — Human Rights Committee: ""recommended that the United States reconsider its position regarding the reservations, declarations and understandings that it had lodged at the time of ratification of the International Covenant on Civil and Political Rights""
Stakeholders' Summary (A/HRC/WG.6/50/USA/3), para. 2 — Several stakeholders (OHCHR summary): ""the United States of America (USA) had not yet ratified several international human rights treaties, notwithstanding repeated recommendations to that effect"""
26.20,Afghanistan; Sudan,supported,Ratification of & accession to international instruments,Ratify outstanding international human rights treaties,C,Not implemented / no relevant action taken,Ratify the Convention on the Rights of the Child and the Convention on the Rights of Persons with Disabilities,The United States ratified none of the treaties covered by these recommendations in the review period and did not reconsider its ICCPR reservations.,A/HRC/WG.6/50/USA/2 para. 2; A/HRC/WG.6/50/USA/2 para. 3; A/HRC/WG.6/50/USA/3 para. 2,"UN Compilation (A/HRC/WG.6/50/USA/2), para. 2 — Committee on the Elimination of Racial Discrimination: ""encouraged the United States of America to consider ratifying the international human rights treaties that it had not yet ratified, including the International Covenant on Economic, Social and Cultural Rights, the Convention on the Elimination of All Forms of Discrimination against Women, the Convention on the Rights of the Child, ... the Convention on the Rights of Persons with Disabilities and the International Convention for the Protection of All Persons from Enforced Disappearance""
UN Compilation (A/HRC/WG.6/50/USA/2), para. 3 — Human Rights Committee: ""recommended that the United States reconsider its position regarding the reservations, declarations and understandings that it had lodged at the time of ratification of the International Covenant on Civil and Political Rights""
Stakeholders' Summary (A/HRC/WG.6/50/USA/3), para. 2 — Several stakeholders (OHCHR summary): ""the United States of America (USA) had not yet ratified several international human rights treaties, notwithstanding repeated recommendations to that effect"""
26.21,Chile,supported_noted,Ratification of & accession to international instruments,Ratify outstanding international human rights treaties,C,Not implemented / no relevant action taken,"Advance in the ratification of the Convention on the Rights of the Child, the Convention on the Elimination of All Forms of Discrimination against Women and the Optional Protocol to the Convention against Torture and Other Cruel, Inhuman or Degrading Treatment or Punishment",The United States ratified none of the treaties covered by these recommendations in the review period and did not reconsider its ICCPR reservations.,A/HRC/WG.6/50/USA/2 para. 2; A/HRC/WG.6/50/USA/2 para. 3; A/HRC/WG.6/50/USA/3 para. 2,"UN Compilation (A/HRC/WG.6/50/USA/2), para. 2 — Committee on the Elimination of Racial Discrimination: ""encouraged the United States of America to consider ratifying the international human rights treaties that it had not yet ratified, including the International Covenant on Economic, Social and Cultural Rights, the Convention on the Elimination of All Forms of Discrimination against Women, the Convention on the Rights of the Child, ... the Convention on the Rights of Persons with Disabilities and the International Convention for the Protection of All Persons from Enforced Disappearance""
UN Compilation (A/HRC/WG.6/50/USA/2), para. 3 — Human Rights Committee: ""recommended that the United States reconsider its position regarding the reservations, declarations and understandings that it had lodged at the time of ratification of the International Covenant on Civil and Political Rights""
Stakeholders' Summary (A/HRC/WG.6/50/USA/3), para. 2 — Several stakeholders (OHCHR summary): ""the United States of America (USA) had not yet ratified several international human rights treaties, notwithstanding repeated recommendations to that effect"""
26.22,Republic of Korea,supported,Ratification of & accession to international instruments,Ratify outstanding international human rights treaties,C,Not implemented / no relevant action taken,"Strengthen the efforts to ratify major human rights treaties, including the Convention on the Elimination of All Forms of Discrimination against Women and the Convention on the Rights of Persons with Disabilities",The United States ratified none of the treaties covered by these recommendations in the review period and did not reconsider its ICCPR reservations.,A/HRC/WG.6/50/USA/2 para. 2; A/HRC/WG.6/50/USA/2 para. 3; A/HRC/WG.6/50/USA/3 para. 2,"UN Compilation (A/HRC/WG.6/50/USA/2), para. 2 — Committee on the Elimination of Racial Discrimination: ""encouraged the United States of America to consider ratifying the international human rights treaties that it had not yet ratified, including the International Covenant on Economic, Social and Cultural Rights, the Convention on the Elimination of All Forms of Discrimination against Women, the Convention on the Rights of the Child, ... the Convention on the Rights of Persons with Disabilities and the International Convention for the Protection of All Persons from Enforced Disappearance""
UN Compilation (A/HRC/WG.6/50/USA/2), para. 3 — Human Rights Committee: ""recommended that the United States reconsider its position regarding the reservations, declarations and understandings that it had lodged at the time of ratification of the International Covenant on Civil and Political Rights""
Stakeholders' Summary (A/HRC/WG.6/50/USA/3), para. 2 — Several stakeholders (OHCHR summary): ""the United States of America (USA) had not yet ratified several international human rights treaties, notwithstanding repeated recommendations to that effect"""
26.23,Canada,supported,Ratification of & accession to international instruments,Re-engage with the Human Rights Council,E,"Contrary measures taken, or recommendation rejected","Re-engage in the Human Rights Council and ratify the Convention on the Elimination of All Forms of Discrimination against Women, the Convention on the Rights of Persons with Disabilities and the Convention on the Rights of the Child","The United States withdrew from the Human Rights Council in 2025, contrary to the recommendation to re-engage.",A/HRC/WG.6/50/USA/2 para. 5; A/HRC/WG.6/50/USA/3 para. 6,"UN Compilation (A/HRC/WG.6/50/USA/2), para. 5 — Several United Nations experts: ""expressed concern over the country's withdrawal from key international agreements and institutions, including the Paris Agreement, the Human Rights Council and World Health Organization""
Stakeholders' Summary (A/HRC/WG.6/50/USA/3), para. 6 — Several submissions (OHCHR summary): ""Recommendations were made to the USA to re-engage with the Human Rights Council"""
26.24,Côte d’Ivoire,supported,Ratification of & accession to international instruments,Ratify outstanding international human rights treaties,C,Not implemented / no relevant action taken,Ratify the Convention on the Elimination of All Forms of Discrimination against Women and the Convention on the Rights of the Child,The United States ratified none of the treaties covered by these recommendations in the review period and did not reconsider its ICCPR reservations.,A/HRC/WG.6/50/USA/2 para. 2; A/HRC/WG.6/50/USA/2 para. 3; A/HRC/WG.6/50/USA/3 para. 2,"UN Compilation (A/HRC/WG.6/50/USA/2), para. 2 — Committee on the Elimination of Racial Discrimination: ""encouraged the United States of America to consider ratifying the international human rights treaties that it had not yet ratified, including the International Covenant on Economic, Social and Cultural Rights, the Convention on the Elimination of All Forms of Discrimination against Women, the Convention on the Rights of the Child, ... the Convention on the Rights of Persons with Disabilities and the International Convention for the Protection of All Persons from Enforced Disappearance""
UN Compilation (A/HRC/WG.6/50/USA/2), para. 3 — Human Rights Committee: ""recommended that the United States reconsider its position regarding the reservations, declarations and understandings that it had lodged at the time of ratification of the International Covenant on Civil and Political Rights""
Stakeholders' Summary (A/HRC/WG.6/50/USA/3), para. 2 — Several stakeholders (OHCHR summary): ""the United States of America (USA) had not yet ratified several international human rights treaties, notwithstanding repeated recommendations to that effect"""
26.25,Cyprus,supported_noted,Ratification of & accession to international instruments,Rescind sanctions on the International Criminal Court,E,"Contrary measures taken, or recommendation rejected","Ratify the Convention on the Elimination of All Forms of Discrimination against Women, Protocols I and II Additional to the Geneva Conventions of 1949, the Convention on the Rights of the Child, the Optional Protocol to the Convention against Torture and Other Cruel, Inhuman or Degrading Treatment or Punishment and the Rome Statute of the International Criminal Court","The recommendation was to lift or rescind the sanctions on the International Criminal Court; instead the United States maintained them and in 2025 imposed further sanctions (Executive Order 14203), including against the Court's judges and staff.",A/HRC/WG.6/50/USA/2 para. 25; A/HRC/WG.6/50/USA/3 para. 6,"UN Compilation (A/HRC/WG.6/50/USA/2), para. 25 — Several special procedure mandate holders: ""condemned the executive order imposing sanctions on the International Criminal Court ... by sanctioning the Court, the United States weakened the post-Nuremberg commitment to international criminal justice""
Stakeholders' Summary (A/HRC/WG.6/50/USA/3), para. 6 — Several submissions (OHCHR summary): ""Recommendations were made to the USA to ... rescind the Executive Order 14203 sanctioning the ICC and its staff""
UN Compilation (A/HRC/WG.6/50/USA/2), para. 25 — United Nations High Commissioner for Human Rights: ""expressed concerns about sanctions against judges of the Court and called for the prompt reconsideration and withdrawal of those measures"""
26.26,Cuba,supported,Ratification of & accession to international instruments,Ratify outstanding international human rights treaties,C,Not implemented / no relevant action taken,"Ratify the Convention on the Rights of the Child, the Convention on the Elimination of All Forms of Discrimination against Women and the Convention on the Rights of Persons with Disabilities",The United States ratified none of the treaties covered by these recommendations in the review period and did not reconsider its ICCPR reservations.,A/HRC/WG.6/50/USA/2 para. 2; A/HRC/WG.6/50/USA/2 para. 3; A/HRC/WG.6/50/USA/3 para. 2,"UN Compilation (A/HRC/WG.6/50/USA/2), para. 2 — Committee on the Elimination of Racial Discrimination: ""encouraged the United States of America to consider ratifying the international human rights treaties that it had not yet ratified, including the International Covenant on Economic, Social and Cultural Rights, the Convention on the Elimination of All Forms of Discrimination against Women, the Convention on the Rights of the Child, ... the Convention on the Rights of Persons with Disabilities and the International Convention for the Protection of All Persons from Enforced Disappearance""
UN Compilation (A/HRC/WG.6/50/USA/2), para. 3 — Human Rights Committee: ""recommended that the United States reconsider its position regarding the reservations, declarations and understandings that it had lodged at the time of ratification of the International Covenant on Civil and Political Rights""
Stakeholders' Summary (A/HRC/WG.6/50/USA/3), para. 2 — Several stakeholders (OHCHR summary): ""the United States of America (USA) had not yet ratified several international human rights treaties, notwithstanding repeated recommendations to that effect"""
26.27,Ukraine,supported,Ratification of & accession to international instruments,Ratify outstanding international human rights treaties,C,Not implemented / no relevant action taken,Expedite the process of ratification of the Convention on the Rights of Persons with Disabilities and the Convention on the Elimination of All Forms of Discrimination against Women,The United States ratified none of the treaties covered by these recommendations in the review period and did not reconsider its ICCPR reservations.,A/HRC/WG.6/50/USA/2 para. 2; A/HRC/WG.6/50/USA/2 para. 3; A/HRC/WG.6/50/USA/3 para. 2,"UN Compilation (A/HRC/WG.6/50/USA/2), para. 2 — Committee on the Elimination of Racial Discrimination: ""encouraged the United States of America to consider ratifying the international human rights treaties that it had not yet ratified, including the International Covenant on Economic, Social and Cultural Rights, the Convention on the Elimination of All Forms of Discrimination against Women, the Convention on the Rights of the Child, ... the Convention on the Rights of Persons with Disabilities and the International Convention for the Protection of All Persons from Enforced Disappearance""
UN Compilation (A/HRC/WG.6/50/USA/2), para. 3 — Human Rights Committee: ""recommended that the United States reconsider its position regarding the reservations, declarations and understandings that it had lodged at the time of ratification of the International Covenant on Civil and Political Rights""
Stakeholders' Summary (A/HRC/WG.6/50/USA/3), para. 2 — Several stakeholders (OHCHR summary): ""the United States of America (USA) had not yet ratified several international human rights treaties, notwithstanding repeated recommendations to that effect"""
26.28,Czechia,supported_noted,Ratification of & accession to international instruments,Ratify outstanding international human rights treaties,C,Not implemented / no relevant action taken,"Ratify the Convention on the Rights of the Child, the Convention on the Rights of Persons with Disabilities, the Convention on the Elimination of All Forms of Discrimination against Women and the Optional Protocol to the Convention against Torture and Other Cruel, Inhuman or Degrading Treatment or Punishment",The United States ratified none of the treaties covered by these recommendations in the review period and did not reconsider its ICCPR reservations.,A/HRC/WG.6/50/USA/2 para. 2; A/HRC/WG.6/50/USA/2 para. 3; A/HRC/WG.6/50/USA/3 para. 2,"UN Compilation (A/HRC/WG.6/50/USA/2), para. 2 — Committee on the Elimination of Racial Discrimination: ""encouraged the United States of America to consider ratifying the international human rights treaties that it had not yet ratified, including the International Covenant on Economic, Social and Cultural Rights, the Convention on the Elimination of All Forms of Discrimination against Women, the Convention on the Rights of the Child, ... the Convention on the Rights of Persons with Disabilities and the International Convention for the Protection of All Persons from Enforced Disappearance""
UN Compilation (A/HRC/WG.6/50/USA/2), para. 3 — Human Rights Committee: ""recommended that the United States reconsider its position regarding the reservations, declarations and understandings that it had lodged at the time of ratification of the International Covenant on Civil and Political Rights""
Stakeholders' Summary (A/HRC/WG.6/50/USA/3), para. 2 — Several stakeholders (OHCHR summary): ""the United States of America (USA) had not yet ratified several international human rights treaties, notwithstanding repeated recommendations to that effect"""
26.29,Spain,supported_noted,Ratification of & accession to international instruments,Rescind sanctions on the International Criminal Court,E,"Contrary measures taken, or recommendation rejected","Sign and ratify the Convention on the Rights of the Child, the Rome Statute of the International Criminal Court, the Convention on the Elimination of All Forms of Discrimination against Women and the International Covenant on Economic, Social and Cultural Rights","The recommendation was to lift or rescind the sanctions on the International Criminal Court; instead the United States maintained them and in 2025 imposed further sanctions (Executive Order 14203), including against the Court's judges and staff.",A/HRC/WG.6/50/USA/2 para. 25; A/HRC/WG.6/50/USA/3 para. 6,"UN Compilation (A/HRC/WG.6/50/USA/2), para. 25 — Several special procedure mandate holders: ""condemned the executive order imposing sanctions on the International Criminal Court ... by sanctioning the Court, the United States weakened the post-Nuremberg commitment to international criminal justice""
Stakeholders' Summary (A/HRC/WG.6/50/USA/3), para. 6 — Several submissions (OHCHR summary): ""Recommendations were made to the USA to ... rescind the Executive Order 14203 sanctioning the ICC and its staff""
UN Compilation (A/HRC/WG.6/50/USA/2), para. 25 — United Nations High Commissioner for Human Rights: ""expressed concerns about sanctions against judges of the Court and called for the prompt reconsideration and withdrawal of those measures"""
26.30,Israel,supported,Ratification of & accession to international instruments,Ratify outstanding international human rights treaties,C,Not implemented / no relevant action taken,Consider ratifying the Convention on the Elimination of All Forms of Discrimination against Women,The United States ratified none of the treaties covered by these recommendations in the review period and did not reconsider its ICCPR reservations.,A/HRC/WG.6/50/USA/2 para. 2; A/HRC/WG.6/50/USA/2 para. 3; A/HRC/WG.6/50/USA/3 para. 2,"UN Compilation (A/HRC/WG.6/50/USA/2), para. 2 — Committee on the Elimination of Racial Discrimination: ""encouraged the United States of America to consider ratifying the international human rights treaties that it had not yet ratified, including the International Covenant on Economic, Social and Cultural Rights, the Convention on the Elimination of All Forms of Discrimination against Women, the Convention on the Rights of the Child, ... the Convention on the Rights of Persons with Disabilities and the International Convention for the Protection of All Persons from Enforced Disappearance""
UN Compilation (A/HRC/WG.6/50/USA/2), para. 3 — Human Rights Committee: ""recommended that the United States reconsider its position regarding the reservations, declarations and understandings that it had lodged at the time of ratification of the International Covenant on Civil and Political Rights""
Stakeholders' Summary (A/HRC/WG.6/50/USA/3), para. 2 — Several stakeholders (OHCHR summary): ""the United States of America (USA) had not yet ratified several international human rights treaties, notwithstanding repeated recommendations to that effect"""
26.31,Japan,supported,Ratification of & accession to international instruments,Ratify outstanding international human rights treaties,C,Not implemented / no relevant action taken,"Ratify the Convention on the Elimination of All Forms of Discrimination against Women, the Convention on the Rights of the Child and the Convention on the Rights of Persons with Disabilities as soon as possible",The United States ratified none of the treaties covered by these recommendations in the review period and did not reconsider its ICCPR reservations.,A/HRC/WG.6/50/USA/2 para. 2; A/HRC/WG.6/50/USA/2 para. 3; A/HRC/WG.6/50/USA/3 para. 2,"UN Compilation (A/HRC/WG.6/50/USA/2), para. 2 — Committee on the Elimination of Racial Discrimination: ""encouraged the United States of America to consider ratifying the international human rights treaties that it had not yet ratified, including the International Covenant on Economic, Social and Cultural Rights, the Convention on the Elimination of All Forms of Discrimination against Women, the Convention on the Rights of the Child, ... the Convention on the Rights of Persons with Disabilities and the International Convention for the Protection of All Persons from Enforced Disappearance""
UN Compilation (A/HRC/WG.6/50/USA/2), para. 3 — Human Rights Committee: ""recommended that the United States reconsider its position regarding the reservations, declarations and understandings that it had lodged at the time of ratification of the International Covenant on Civil and Political Rights""
Stakeholders' Summary (A/HRC/WG.6/50/USA/3), para. 2 — Several stakeholders (OHCHR summary): ""the United States of America (USA) had not yet ratified several international human rights treaties, notwithstanding repeated recommendations to that effect"""
26.32,Kenya,supported,Ratification of & accession to international instruments,Ratify outstanding international human rights treaties,C,Not implemented / no relevant action taken,"Ratify the Convention on the Elimination of All Forms of Discrimination against Women, the Convention on the Rights of the Child and the Convention on the Rights of Persons with Disabilities, among other critical international conventions",The United States ratified none of the treaties covered by these recommendations in the review period and did not reconsider its ICCPR reservations.,A/HRC/WG.6/50/USA/2 para. 2; A/HRC/WG.6/50/USA/2 para. 3; A/HRC/WG.6/50/USA/3 para. 2,"UN Compilation (A/HRC/WG.6/50/USA/2), para. 2 — Committee on the Elimination of Racial Discrimination: ""encouraged the United States of America to consider ratifying the international human rights treaties that it had not yet ratified, including the International Covenant on Economic, Social and Cultural Rights, the Convention on the Elimination of All Forms of Discrimination against Women, the Convention on the Rights of the Child, ... the Convention on the Rights of Persons with Disabilities and the International Convention for the Protection of All Persons from Enforced Disappearance""
UN Compilation (A/HRC/WG.6/50/USA/2), para. 3 — Human Rights Committee: ""recommended that the United States reconsider its position regarding the reservations, declarations and understandings that it had lodged at the time of ratification of the International Covenant on Civil and Political Rights""
Stakeholders' Summary (A/HRC/WG.6/50/USA/3), para. 2 — Several stakeholders (OHCHR summary): ""the United States of America (USA) had not yet ratified several international human rights treaties, notwithstanding repeated recommendations to that effect"""
26.33,Latvia,noted,Ratification of & accession to international instruments,Rescind sanctions on the International Criminal Court,E,"Contrary measures taken, or recommendation rejected","Ratify and fully align its national legislation with all the obligations under the Rome Statute of the International Criminal Court, as previously recommended","The recommendation was to lift or rescind the sanctions on the International Criminal Court; instead the United States maintained them and in 2025 imposed further sanctions (Executive Order 14203), including against the Court's judges and staff.",A/HRC/WG.6/50/USA/2 para. 25; A/HRC/WG.6/50/USA/3 para. 6,"UN Compilation (A/HRC/WG.6/50/USA/2), para. 25 — Several special procedure mandate holders: ""condemned the executive order imposing sanctions on the International Criminal Court ... by sanctioning the Court, the United States weakened the post-Nuremberg commitment to international criminal justice""
Stakeholders' Summary (A/HRC/WG.6/50/USA/3), para. 6 — Several submissions (OHCHR summary): ""Recommendations were made to the USA to ... rescind the Executive Order 14203 sanctioning the ICC and its staff""
UN Compilation (A/HRC/WG.6/50/USA/2), para. 25 — United Nations High Commissioner for Human Rights: ""expressed concerns about sanctions against judges of the Court and called for the prompt reconsideration and withdrawal of those measures"""
26.34,ACT Group; Liechtenstein,noted,"International criminal & humanitarian law (including crimes against humanity, war crimes, genocide)","ICC, accountability for war crimes and drone strikes",E,"Contrary measures taken, or recommendation rejected","Join the code of conduct regarding Security Council action against genocide, crimes against humanity or war crimes elaborated in the framework of the Accountability, Coherence and Transparency Group","Contrary measures: sanctions on the ICC, transfer of cluster munitions, and pardons for contractors convicted of war crimes. Mostly 'noted'.",A/HRC/WG.6/50/USA/2 para. 25; A/HRC/WG.6/50/USA/2 para. 23; A/HRC/WG.6/50/USA/2 para. 24,"UN Compilation (A/HRC/WG.6/50/USA/2), para. 25 — Several special procedure mandate holders: ""condemned the executive order imposing sanctions on the International Criminal Court ... by sanctioning the Court, the United States weakened the post-Nuremberg commitment to international criminal justice""
UN Compilation (A/HRC/WG.6/50/USA/2), para. 23 — Special Rapporteur on torture and other cruel, inhuman or degrading treatment or punishment: ""urged the United States to reconsider its decision to transfer cluster munitions to a third country as those weapons posed a serious and indiscriminate threat to civilians""
UN Compilation (A/HRC/WG.6/50/USA/2), para. 24 — Several special procedure mandate holders: ""the pardons granted to four private security contractors convicted for war crimes in a third country violated United States obligations under international law"""
26.35,Liechtenstein,noted,Ratification of & accession to international instruments,Ratify outstanding international human rights treaties,C,Not implemented / no relevant action taken,"Ratify the Optional Protocol to the Convention against Torture and Other Cruel, Inhuman or Degrading Treatment or Punishment",The United States ratified none of the treaties covered by these recommendations in the review period and did not reconsider its ICCPR reservations.,A/HRC/WG.6/50/USA/2 para. 2; A/HRC/WG.6/50/USA/2 para. 3; A/HRC/WG.6/50/USA/3 para. 2,"UN Compilation (A/HRC/WG.6/50/USA/2), para. 2 — Committee on the Elimination of Racial Discrimination: ""encouraged the United States of America to consider ratifying the international human rights treaties that it had not yet ratified, including the International Covenant on Economic, Social and Cultural Rights, the Convention on the Elimination of All Forms of Discrimination against Women, the Convention on the Rights of the Child, ... the Convention on the Rights of Persons with Disabilities and the International Convention for the Protection of All Persons from Enforced Disappearance""
UN Compilation (A/HRC/WG.6/50/USA/2), para. 3 — Human Rights Committee: ""recommended that the United States reconsider its position regarding the reservations, declarations and understandings that it had lodged at the time of ratification of the International Covenant on Civil and Political Rights""
Stakeholders' Summary (A/HRC/WG.6/50/USA/3), para. 2 — Several stakeholders (OHCHR summary): ""the United States of America (USA) had not yet ratified several international human rights treaties, notwithstanding repeated recommendations to that effect"""
26.36,Lithuania,supported,Ratification of & accession to international instruments,Ratify outstanding international human rights treaties,C,Not implemented / no relevant action taken,Ratify the Convention on the Elimination of All Forms of Discrimination against Women and the Convention on the Rights of Persons with Disabilities,The United States ratified none of the treaties covered by these recommendations in the review period and did not reconsider its ICCPR reservations.,A/HRC/WG.6/50/USA/2 para. 2; A/HRC/WG.6/50/USA/2 para. 3; A/HRC/WG.6/50/USA/3 para. 2,"UN Compilation (A/HRC/WG.6/50/USA/2), para. 2 — Committee on the Elimination of Racial Discrimination: ""encouraged the United States of America to consider ratifying the international human rights treaties that it had not yet ratified, including the International Covenant on Economic, Social and Cultural Rights, the Convention on the Elimination of All Forms of Discrimination against Women, the Convention on the Rights of the Child, ... the Convention on the Rights of Persons with Disabilities and the International Convention for the Protection of All Persons from Enforced Disappearance""
UN Compilation (A/HRC/WG.6/50/USA/2), para. 3 — Human Rights Committee: ""recommended that the United States reconsider its position regarding the reservations, declarations and understandings that it had lodged at the time of ratification of the International Covenant on Civil and Political Rights""
Stakeholders' Summary (A/HRC/WG.6/50/USA/3), para. 2 — Several stakeholders (OHCHR summary): ""the United States of America (USA) had not yet ratified several international human rights treaties, notwithstanding repeated recommendations to that effect"""
26.37,Maldives,supported,Ratification of & accession to international instruments,Ratify outstanding international human rights treaties,C,Not implemented / no relevant action taken,Expedite the process of ratification of the Convention on the Elimination of All Forms of Discrimination against Women and the Convention on the Rights of the Child,The United States ratified none of the treaties covered by these recommendations in the review period and did not reconsider its ICCPR reservations.,A/HRC/WG.6/50/USA/2 para. 2; A/HRC/WG.6/50/USA/2 para. 3; A/HRC/WG.6/50/USA/3 para. 2,"UN Compilation (A/HRC/WG.6/50/USA/2), para. 2 — Committee on the Elimination of Racial Discrimination: ""encouraged the United States of America to consider ratifying the international human rights treaties that it had not yet ratified, including the International Covenant on Economic, Social and Cultural Rights, the Convention on the Elimination of All Forms of Discrimination against Women, the Convention on the Rights of the Child, ... the Convention on the Rights of Persons with Disabilities and the International Convention for the Protection of All Persons from Enforced Disappearance""
UN Compilation (A/HRC/WG.6/50/USA/2), para. 3 — Human Rights Committee: ""recommended that the United States reconsider its position regarding the reservations, declarations and understandings that it had lodged at the time of ratification of the International Covenant on Civil and Political Rights""
Stakeholders' Summary (A/HRC/WG.6/50/USA/3), para. 2 — Several stakeholders (OHCHR summary): ""the United States of America (USA) had not yet ratified several international human rights treaties, notwithstanding repeated recommendations to that effect"""
26.38,Myanmar,supported,Ratification of & accession to international instruments,Ratify outstanding international human rights treaties,C,Not implemented / no relevant action taken,"Consider the ratification of core human rights treaties, namely the Convention on the Elimination of All Forms of Discrimination against Women, the Convention on the Rights of the Child, the Convention on the Rights of Persons with Disabilities and the International Covenant on Economic, Social and Cultural Rights",The United States ratified none of the treaties covered by these recommendations in the review period and did not reconsider its ICCPR reservations.,A/HRC/WG.6/50/USA/2 para. 2; A/HRC/WG.6/50/USA/2 para. 3; A/HRC/WG.6/50/USA/3 para. 2,"UN Compilation (A/HRC/WG.6/50/USA/2), para. 2 — Committee on the Elimination of Racial Discrimination: ""encouraged the United States of America to consider ratifying the international human rights treaties that it had not yet ratified, including the International Covenant on Economic, Social and Cultural Rights, the Convention on the Elimination of All Forms of Discrimination against Women, the Convention on the Rights of the Child, ... the Convention on the Rights of Persons with Disabilities and the International Convention for the Protection of All Persons from Enforced Disappearance""
UN Compilation (A/HRC/WG.6/50/USA/2), para. 3 — Human Rights Committee: ""recommended that the United States reconsider its position regarding the reservations, declarations and understandings that it had lodged at the time of ratification of the International Covenant on Civil and Political Rights""
Stakeholders' Summary (A/HRC/WG.6/50/USA/3), para. 2 — Several stakeholders (OHCHR summary): ""the United States of America (USA) had not yet ratified several international human rights treaties, notwithstanding repeated recommendations to that effect"""
26.39,Nepal,supported,Ratification of & accession to international instruments,Ratify outstanding international human rights treaties,C,Not implemented / no relevant action taken,"Consider ratification of core international human rights instruments, including the Convention on the Elimination of All Forms of Discrimination against Women and the Convention on the Rights of the Child",The United States ratified none of the treaties covered by these recommendations in the review period and did not reconsider its ICCPR reservations.,A/HRC/WG.6/50/USA/2 para. 2; A/HRC/WG.6/50/USA/2 para. 3; A/HRC/WG.6/50/USA/3 para. 2,"UN Compilation (A/HRC/WG.6/50/USA/2), para. 2 — Committee on the Elimination of Racial Discrimination: ""encouraged the United States of America to consider ratifying the international human rights treaties that it had not yet ratified, including the International Covenant on Economic, Social and Cultural Rights, the Convention on the Elimination of All Forms of Discrimination against Women, the Convention on the Rights of the Child, ... the Convention on the Rights of Persons with Disabilities and the International Convention for the Protection of All Persons from Enforced Disappearance""
UN Compilation (A/HRC/WG.6/50/USA/2), para. 3 — Human Rights Committee: ""recommended that the United States reconsider its position regarding the reservations, declarations and understandings that it had lodged at the time of ratification of the International Covenant on Civil and Political Rights""
Stakeholders' Summary (A/HRC/WG.6/50/USA/3), para. 2 — Several stakeholders (OHCHR summary): ""the United States of America (USA) had not yet ratified several international human rights treaties, notwithstanding repeated recommendations to that effect"""
26.40,New Zealand,supported,Ratification of & accession to international instruments,Ratify outstanding international human rights treaties,C,Not implemented / no relevant action taken,"Ratify urgently the Convention on the Elimination of All Forms of Discrimination against Women, the Convention on the Rights of the Child and the Convention on the Rights of Persons with Disabilities",The United States ratified none of the treaties covered by these recommendations in the review period and did not reconsider its ICCPR reservations.,A/HRC/WG.6/50/USA/2 para. 2; A/HRC/WG.6/50/USA/2 para. 3; A/HRC/WG.6/50/USA/3 para. 2,"UN Compilation (A/HRC/WG.6/50/USA/2), para. 2 — Committee on the Elimination of Racial Discrimination: ""encouraged the United States of America to consider ratifying the international human rights treaties that it had not yet ratified, including the International Covenant on Economic, Social and Cultural Rights, the Convention on the Elimination of All Forms of Discrimination against Women, the Convention on the Rights of the Child, ... the Convention on the Rights of Persons with Disabilities and the International Convention for the Protection of All Persons from Enforced Disappearance""
UN Compilation (A/HRC/WG.6/50/USA/2), para. 3 — Human Rights Committee: ""recommended that the United States reconsider its position regarding the reservations, declarations and understandings that it had lodged at the time of ratification of the International Covenant on Civil and Political Rights""
Stakeholders' Summary (A/HRC/WG.6/50/USA/3), para. 2 — Several stakeholders (OHCHR summary): ""the United States of America (USA) had not yet ratified several international human rights treaties, notwithstanding repeated recommendations to that effect"""
26.41,Uganda,supported,Ratification of & accession to international instruments,Ratify outstanding international human rights treaties,C,Not implemented / no relevant action taken,Ensure the speedy finalization of the national processes to ratify the Convention on the Rights of the Child and the Convention on the Elimination of All Forms of Discrimination against Women,The United States ratified none of the treaties covered by these recommendations in the review period and did not reconsider its ICCPR reservations.,A/HRC/WG.6/50/USA/2 para. 2; A/HRC/WG.6/50/USA/2 para. 3; A/HRC/WG.6/50/USA/3 para. 2,"UN Compilation (A/HRC/WG.6/50/USA/2), para. 2 — Committee on the Elimination of Racial Discrimination: ""encouraged the United States of America to consider ratifying the international human rights treaties that it had not yet ratified, including the International Covenant on Economic, Social and Cultural Rights, the Convention on the Elimination of All Forms of Discrimination against Women, the Convention on the Rights of the Child, ... the Convention on the Rights of Persons with Disabilities and the International Convention for the Protection of All Persons from Enforced Disappearance""
UN Compilation (A/HRC/WG.6/50/USA/2), para. 3 — Human Rights Committee: ""recommended that the United States reconsider its position regarding the reservations, declarations and understandings that it had lodged at the time of ratification of the International Covenant on Civil and Political Rights""
Stakeholders' Summary (A/HRC/WG.6/50/USA/3), para. 2 — Several stakeholders (OHCHR summary): ""the United States of America (USA) had not yet ratified several international human rights treaties, notwithstanding repeated recommendations to that effect"""
26.42,North Macedonia,supported,Ratification of & accession to international instruments,Ratify outstanding international human rights treaties,C,Not implemented / no relevant action taken,"Consider ratifying the Convention on the Rights of the Child and the Convention on the Elimination of All forms of Discrimination against Women, as previously recommended",The United States ratified none of the treaties covered by these recommendations in the review period and did not reconsider its ICCPR reservations.,A/HRC/WG.6/50/USA/2 para. 2; A/HRC/WG.6/50/USA/2 para. 3; A/HRC/WG.6/50/USA/3 para. 2,"UN Compilation (A/HRC/WG.6/50/USA/2), para. 2 — Committee on the Elimination of Racial Discrimination: ""encouraged the United States of America to consider ratifying the international human rights treaties that it had not yet ratified, including the International Covenant on Economic, Social and Cultural Rights, the Convention on the Elimination of All Forms of Discrimination against Women, the Convention on the Rights of the Child, ... the Convention on the Rights of Persons with Disabilities and the International Convention for the Protection of All Persons from Enforced Disappearance""
UN Compilation (A/HRC/WG.6/50/USA/2), para. 3 — Human Rights Committee: ""recommended that the United States reconsider its position regarding the reservations, declarations and understandings that it had lodged at the time of ratification of the International Covenant on Civil and Political Rights""
Stakeholders' Summary (A/HRC/WG.6/50/USA/3), para. 2 — Several stakeholders (OHCHR summary): ""the United States of America (USA) had not yet ratified several international human rights treaties, notwithstanding repeated recommendations to that effect"""
26.43,Sri Lanka,supported,Ratification of & accession to international instruments,Ratify outstanding international human rights treaties,C,Not implemented / no relevant action taken,Work towards completing its ratification of the Convention on the Elimination of All Forms of Discrimination against Women,The United States ratified none of the treaties covered by these recommendations in the review period and did not reconsider its ICCPR reservations.,A/HRC/WG.6/50/USA/2 para. 2; A/HRC/WG.6/50/USA/2 para. 3; A/HRC/WG.6/50/USA/3 para. 2,"UN Compilation (A/HRC/WG.6/50/USA/2), para. 2 — Committee on the Elimination of Racial Discrimination: ""encouraged the United States of America to consider ratifying the international human rights treaties that it had not yet ratified, including the International Covenant on Economic, Social and Cultural Rights, the Convention on the Elimination of All Forms of Discrimination against Women, the Convention on the Rights of the Child, ... the Convention on the Rights of Persons with Disabilities and the International Convention for the Protection of All Persons from Enforced Disappearance""
UN Compilation (A/HRC/WG.6/50/USA/2), para. 3 — Human Rights Committee: ""recommended that the United States reconsider its position regarding the reservations, declarations and understandings that it had lodged at the time of ratification of the International Covenant on Civil and Political Rights""
Stakeholders' Summary (A/HRC/WG.6/50/USA/3), para. 2 — Several stakeholders (OHCHR summary): ""the United States of America (USA) had not yet ratified several international human rights treaties, notwithstanding repeated recommendations to that effect"""
26.44,Latvia,supported,Ratification of & accession to international instruments,Ratify outstanding international human rights treaties,C,Not implemented / no relevant action taken,"Take the necessary national measures with a view of ratifying the Convention on the Elimination of All Forms of Discrimination against Women, as previously recommended",The United States ratified none of the treaties covered by these recommendations in the review period and did not reconsider its ICCPR reservations.,A/HRC/WG.6/50/USA/2 para. 2; A/HRC/WG.6/50/USA/2 para. 3; A/HRC/WG.6/50/USA/3 para. 2,"UN Compilation (A/HRC/WG.6/50/USA/2), para. 2 — Committee on the Elimination of Racial Discrimination: ""encouraged the United States of America to consider ratifying the international human rights treaties that it had not yet ratified, including the International Covenant on Economic, Social and Cultural Rights, the Convention on the Elimination of All Forms of Discrimination against Women, the Convention on the Rights of the Child, ... the Convention on the Rights of Persons with Disabilities and the International Convention for the Protection of All Persons from Enforced Disappearance""
UN Compilation (A/HRC/WG.6/50/USA/2), para. 3 — Human Rights Committee: ""recommended that the United States reconsider its position regarding the reservations, declarations and understandings that it had lodged at the time of ratification of the International Covenant on Civil and Political Rights""
Stakeholders' Summary (A/HRC/WG.6/50/USA/3), para. 2 — Several stakeholders (OHCHR summary): ""the United States of America (USA) had not yet ratified several international human rights treaties, notwithstanding repeated recommendations to that effect"""
26.45,Niger,supported,Ratification of & accession to international instruments,Ratify outstanding international human rights treaties,C,Not implemented / no relevant action taken,Explore the possibility of ratifying the Convention on the Elimination of All Forms of Discrimination against Women,The United States ratified none of the treaties covered by these recommendations in the review period and did not reconsider its ICCPR reservations.,A/HRC/WG.6/50/USA/2 para. 2; A/HRC/WG.6/50/USA/2 para. 3; A/HRC/WG.6/50/USA/3 para. 2,"UN Compilation (A/HRC/WG.6/50/USA/2), para. 2 — Committee on the Elimination of Racial Discrimination: ""encouraged the United States of America to consider ratifying the international human rights treaties that it had not yet ratified, including the International Covenant on Economic, Social and Cultural Rights, the Convention on the Elimination of All Forms of Discrimination against Women, the Convention on the Rights of the Child, ... the Convention on the Rights of Persons with Disabilities and the International Convention for the Protection of All Persons from Enforced Disappearance""
UN Compilation (A/HRC/WG.6/50/USA/2), para. 3 — Human Rights Committee: ""recommended that the United States reconsider its position regarding the reservations, declarations and understandings that it had lodged at the time of ratification of the International Covenant on Civil and Political Rights""
Stakeholders' Summary (A/HRC/WG.6/50/USA/3), para. 2 — Several stakeholders (OHCHR summary): ""the United States of America (USA) had not yet ratified several international human rights treaties, notwithstanding repeated recommendations to that effect"""
26.46,Slovakia,supported,Ratification of & accession to international instruments,Ratify outstanding international human rights treaties,C,Not implemented / no relevant action taken,Accelerate ratification of the Convention on the Elimination of All Forms of Discrimination against Women,The United States ratified none of the treaties covered by these recommendations in the review period and did not reconsider its ICCPR reservations.,A/HRC/WG.6/50/USA/2 para. 2; A/HRC/WG.6/50/USA/2 para. 3; A/HRC/WG.6/50/USA/3 para. 2,"UN Compilation (A/HRC/WG.6/50/USA/2), para. 2 — Committee on the Elimination of Racial Discrimination: ""encouraged the United States of America to consider ratifying the international human rights treaties that it had not yet ratified, including the International Covenant on Economic, Social and Cultural Rights, the Convention on the Elimination of All Forms of Discrimination against Women, the Convention on the Rights of the Child, ... the Convention on the Rights of Persons with Disabilities and the International Convention for the Protection of All Persons from Enforced Disappearance""
UN Compilation (A/HRC/WG.6/50/USA/2), para. 3 — Human Rights Committee: ""recommended that the United States reconsider its position regarding the reservations, declarations and understandings that it had lodged at the time of ratification of the International Covenant on Civil and Political Rights""
Stakeholders' Summary (A/HRC/WG.6/50/USA/3), para. 2 — Several stakeholders (OHCHR summary): ""the United States of America (USA) had not yet ratified several international human rights treaties, notwithstanding repeated recommendations to that effect"""
26.47,Rwanda; Bahamas; Namibia; Morocco,supported,Ratification of & accession to international instruments,Ratify outstanding international human rights treaties,C,Not implemented / no relevant action taken,Ratify the Convention on the Elimination of all forms of Discrimination against Women,The United States ratified none of the treaties covered by these recommendations in the review period and did not reconsider its ICCPR reservations.,A/HRC/WG.6/50/USA/2 para. 2; A/HRC/WG.6/50/USA/2 para. 3; A/HRC/WG.6/50/USA/3 para. 2,"UN Compilation (A/HRC/WG.6/50/USA/2), para. 2 — Committee on the Elimination of Racial Discrimination: ""encouraged the United States of America to consider ratifying the international human rights treaties that it had not yet ratified, including the International Covenant on Economic, Social and Cultural Rights, the Convention on the Elimination of All Forms of Discrimination against Women, the Convention on the Rights of the Child, ... the Convention on the Rights of Persons with Disabilities and the International Convention for the Protection of All Persons from Enforced Disappearance""
UN Compilation (A/HRC/WG.6/50/USA/2), para. 3 — Human Rights Committee: ""recommended that the United States reconsider its position regarding the reservations, declarations and understandings that it had lodged at the time of ratification of the International Covenant on Civil and Political Rights""
Stakeholders' Summary (A/HRC/WG.6/50/USA/3), para. 2 — Several stakeholders (OHCHR summary): ""the United States of America (USA) had not yet ratified several international human rights treaties, notwithstanding repeated recommendations to that effect"""
26.48,Kazakhstan,supported,Ratification of & accession to international instruments,Ratify outstanding international human rights treaties,C,Not implemented / no relevant action taken,Consider ratifying the Convention on the Rights of the Child,The United States ratified none of the treaties covered by these recommendations in the review period and did not reconsider its ICCPR reservations.,A/HRC/WG.6/50/USA/2 para. 2; A/HRC/WG.6/50/USA/2 para. 3; A/HRC/WG.6/50/USA/3 para. 2,"UN Compilation (A/HRC/WG.6/50/USA/2), para. 2 — Committee on the Elimination of Racial Discrimination: ""encouraged the United States of America to consider ratifying the international human rights treaties that it had not yet ratified, including the International Covenant on Economic, Social and Cultural Rights, the Convention on the Elimination of All Forms of Discrimination against Women, the Convention on the Rights of the Child, ... the Convention on the Rights of Persons with Disabilities and the International Convention for the Protection of All Persons from Enforced Disappearance""
UN Compilation (A/HRC/WG.6/50/USA/2), para. 3 — Human Rights Committee: ""recommended that the United States reconsider its position regarding the reservations, declarations and understandings that it had lodged at the time of ratification of the International Covenant on Civil and Political Rights""
Stakeholders' Summary (A/HRC/WG.6/50/USA/3), para. 2 — Several stakeholders (OHCHR summary): ""the United States of America (USA) had not yet ratified several international human rights treaties, notwithstanding repeated recommendations to that effect"""
26.49,Switzerland; Rwanda; Bahamas; Luxembourg; Mali; Morocco,supported,Ratification of & accession to international instruments,Ratify outstanding international human rights treaties,C,Not implemented / no relevant action taken,Ratify the Convention on the Rights of the Child,The United States ratified none of the treaties covered by these recommendations in the review period and did not reconsider its ICCPR reservations.,A/HRC/WG.6/50/USA/2 para. 2; A/HRC/WG.6/50/USA/2 para. 3; A/HRC/WG.6/50/USA/3 para. 2,"UN Compilation (A/HRC/WG.6/50/USA/2), para. 2 — Committee on the Elimination of Racial Discrimination: ""encouraged the United States of America to consider ratifying the international human rights treaties that it had not yet ratified, including the International Covenant on Economic, Social and Cultural Rights, the Convention on the Elimination of All Forms of Discrimination against Women, the Convention on the Rights of the Child, ... the Convention on the Rights of Persons with Disabilities and the International Convention for the Protection of All Persons from Enforced Disappearance""
UN Compilation (A/HRC/WG.6/50/USA/2), para. 3 — Human Rights Committee: ""recommended that the United States reconsider its position regarding the reservations, declarations and understandings that it had lodged at the time of ratification of the International Covenant on Civil and Political Rights""
Stakeholders' Summary (A/HRC/WG.6/50/USA/3), para. 2 — Several stakeholders (OHCHR summary): ""the United States of America (USA) had not yet ratified several international human rights treaties, notwithstanding repeated recommendations to that effect"""
26.50,Slovakia,supported_noted,Ratification of & accession to international instruments,Ratify outstanding international human rights treaties,C,Not implemented / no relevant action taken,Ratify the Convention on the Rights of the Child and its Optional Protocol on a communications procedure,The United States ratified none of the treaties covered by these recommendations in the review period and did not reconsider its ICCPR reservations.,A/HRC/WG.6/50/USA/2 para. 2; A/HRC/WG.6/50/USA/2 para. 3; A/HRC/WG.6/50/USA/3 para. 2,"UN Compilation (A/HRC/WG.6/50/USA/2), para. 2 — Committee on the Elimination of Racial Discrimination: ""encouraged the United States of America to consider ratifying the international human rights treaties that it had not yet ratified, including the International Covenant on Economic, Social and Cultural Rights, the Convention on the Elimination of All Forms of Discrimination against Women, the Convention on the Rights of the Child, ... the Convention on the Rights of Persons with Disabilities and the International Convention for the Protection of All Persons from Enforced Disappearance""
UN Compilation (A/HRC/WG.6/50/USA/2), para. 3 — Human Rights Committee: ""recommended that the United States reconsider its position regarding the reservations, declarations and understandings that it had lodged at the time of ratification of the International Covenant on Civil and Political Rights""
Stakeholders' Summary (A/HRC/WG.6/50/USA/3), para. 2 — Several stakeholders (OHCHR summary): ""the United States of America (USA) had not yet ratified several international human rights treaties, notwithstanding repeated recommendations to that effect"""
26.51,Philippines,noted,Ratification of & accession to international instruments,Ratify outstanding international human rights treaties,C,Not implemented / no relevant action taken,Sign the International Convention on the Protection of the Rights of All Migrant Workers and Members of Their Families,The United States ratified none of the treaties covered by these recommendations in the review period and did not reconsider its ICCPR reservations.,A/HRC/WG.6/50/USA/2 para. 2; A/HRC/WG.6/50/USA/2 para. 3; A/HRC/WG.6/50/USA/3 para. 2,"UN Compilation (A/HRC/WG.6/50/USA/2), para. 2 — Committee on the Elimination of Racial Discrimination: ""encouraged the United States of America to consider ratifying the international human rights treaties that it had not yet ratified, including the International Covenant on Economic, Social and Cultural Rights, the Convention on the Elimination of All Forms of Discrimination against Women, the Convention on the Rights of the Child, ... the Convention on the Rights of Persons with Disabilities and the International Convention for the Protection of All Persons from Enforced Disappearance""
UN Compilation (A/HRC/WG.6/50/USA/2), para. 3 — Human Rights Committee: ""recommended that the United States reconsider its position regarding the reservations, declarations and understandings that it had lodged at the time of ratification of the International Covenant on Civil and Political Rights""
Stakeholders' Summary (A/HRC/WG.6/50/USA/3), para. 2 — Several stakeholders (OHCHR summary): ""the United States of America (USA) had not yet ratified several international human rights treaties, notwithstanding repeated recommendations to that effect"""
26.52,Honduras,noted,Ratification of & accession to international instruments,Ratify outstanding international human rights treaties,C,Not implemented / no relevant action taken,Sign and ratify the International Convention on the Protection of the Rights of All Migrant Workers and Members of Their Families,The United States ratified none of the treaties covered by these recommendations in the review period and did not reconsider its ICCPR reservations.,A/HRC/WG.6/50/USA/2 para. 2; A/HRC/WG.6/50/USA/2 para. 3; A/HRC/WG.6/50/USA/3 para. 2,"UN Compilation (A/HRC/WG.6/50/USA/2), para. 2 — Committee on the Elimination of Racial Discrimination: ""encouraged the United States of America to consider ratifying the international human rights treaties that it had not yet ratified, including the International Covenant on Economic, Social and Cultural Rights, the Convention on the Elimination of All Forms of Discrimination against Women, the Convention on the Rights of the Child, ... the Convention on the Rights of Persons with Disabilities and the International Convention for the Protection of All Persons from Enforced Disappearance""
UN Compilation (A/HRC/WG.6/50/USA/2), para. 3 — Human Rights Committee: ""recommended that the United States reconsider its position regarding the reservations, declarations and understandings that it had lodged at the time of ratification of the International Covenant on Civil and Political Rights""
Stakeholders' Summary (A/HRC/WG.6/50/USA/3), para. 2 — Several stakeholders (OHCHR summary): ""the United States of America (USA) had not yet ratified several international human rights treaties, notwithstanding repeated recommendations to that effect"""
26.53,Indonesia,supported,Ratification of & accession to international instruments,Ratify outstanding international human rights treaties,C,Not implemented / no relevant action taken,Consider acceding to the International Convention on the Protection of the Rights of All Migrant Workers and Members of Their Families,The United States ratified none of the treaties covered by these recommendations in the review period and did not reconsider its ICCPR reservations.,A/HRC/WG.6/50/USA/2 para. 2; A/HRC/WG.6/50/USA/2 para. 3; A/HRC/WG.6/50/USA/3 para. 2,"UN Compilation (A/HRC/WG.6/50/USA/2), para. 2 — Committee on the Elimination of Racial Discrimination: ""encouraged the United States of America to consider ratifying the international human rights treaties that it had not yet ratified, including the International Covenant on Economic, Social and Cultural Rights, the Convention on the Elimination of All Forms of Discrimination against Women, the Convention on the Rights of the Child, ... the Convention on the Rights of Persons with Disabilities and the International Convention for the Protection of All Persons from Enforced Disappearance""
UN Compilation (A/HRC/WG.6/50/USA/2), para. 3 — Human Rights Committee: ""recommended that the United States reconsider its position regarding the reservations, declarations and understandings that it had lodged at the time of ratification of the International Covenant on Civil and Political Rights""
Stakeholders' Summary (A/HRC/WG.6/50/USA/3), para. 2 — Several stakeholders (OHCHR summary): ""the United States of America (USA) had not yet ratified several international human rights treaties, notwithstanding repeated recommendations to that effect"""
26.54,Niger,supported,Ratification of & accession to international instruments,Ratify outstanding international human rights treaties,C,Not implemented / no relevant action taken,Explore the possibility of ratifying the International Convention on the Protection of the Rights of All Migrant Workers and Members of Their Families,The United States ratified none of the treaties covered by these recommendations in the review period and did not reconsider its ICCPR reservations.,A/HRC/WG.6/50/USA/2 para. 2; A/HRC/WG.6/50/USA/2 para. 3; A/HRC/WG.6/50/USA/3 para. 2,"UN Compilation (A/HRC/WG.6/50/USA/2), para. 2 — Committee on the Elimination of Racial Discrimination: ""encouraged the United States of America to consider ratifying the international human rights treaties that it had not yet ratified, including the International Covenant on Economic, Social and Cultural Rights, the Convention on the Elimination of All Forms of Discrimination against Women, the Convention on the Rights of the Child, ... the Convention on the Rights of Persons with Disabilities and the International Convention for the Protection of All Persons from Enforced Disappearance""
UN Compilation (A/HRC/WG.6/50/USA/2), para. 3 — Human Rights Committee: ""recommended that the United States reconsider its position regarding the reservations, declarations and understandings that it had lodged at the time of ratification of the International Covenant on Civil and Political Rights""
Stakeholders' Summary (A/HRC/WG.6/50/USA/3), para. 2 — Several stakeholders (OHCHR summary): ""the United States of America (USA) had not yet ratified several international human rights treaties, notwithstanding repeated recommendations to that effect"""
26.55,Denmark,noted,Ratification of & accession to international instruments,Ratify outstanding international human rights treaties,C,Not implemented / no relevant action taken,"Ratify the Optional Protocol to the Convention against Torture and Other Cruel, Inhuman or Degrading Treatment or Punishment",The United States ratified none of the treaties covered by these recommendations in the review period and did not reconsider its ICCPR reservations.,A/HRC/WG.6/50/USA/2 para. 2; A/HRC/WG.6/50/USA/2 para. 3; A/HRC/WG.6/50/USA/3 para. 2,"UN Compilation (A/HRC/WG.6/50/USA/2), para. 2 — Committee on the Elimination of Racial Discrimination: ""encouraged the United States of America to consider ratifying the international human rights treaties that it had not yet ratified, including the International Covenant on Economic, Social and Cultural Rights, the Convention on the Elimination of All Forms of Discrimination against Women, the Convention on the Rights of the Child, ... the Convention on the Rights of Persons with Disabilities and the International Convention for the Protection of All Persons from Enforced Disappearance""
UN Compilation (A/HRC/WG.6/50/USA/2), para. 3 — Human Rights Committee: ""recommended that the United States reconsider its position regarding the reservations, declarations and understandings that it had lodged at the time of ratification of the International Covenant on Civil and Political Rights""
Stakeholders' Summary (A/HRC/WG.6/50/USA/3), para. 2 — Several stakeholders (OHCHR summary): ""the United States of America (USA) had not yet ratified several international human rights treaties, notwithstanding repeated recommendations to that effect"""
26.56,Armenia,supported,Ratification of & accession to international instruments,Ratify outstanding international human rights treaties,C,Not implemented / no relevant action taken,"Consider the ratification of several human rights treaties, in particular the Convention on the Rights of Persons with Disabilities",The United States ratified none of the treaties covered by these recommendations in the review period and did not reconsider its ICCPR reservations.,A/HRC/WG.6/50/USA/2 para. 2; A/HRC/WG.6/50/USA/2 para. 3; A/HRC/WG.6/50/USA/3 para. 2,"UN Compilation (A/HRC/WG.6/50/USA/2), para. 2 — Committee on the Elimination of Racial Discrimination: ""encouraged the United States of America to consider ratifying the international human rights treaties that it had not yet ratified, including the International Covenant on Economic, Social and Cultural Rights, the Convention on the Elimination of All Forms of Discrimination against Women, the Convention on the Rights of the Child, ... the Convention on the Rights of Persons with Disabilities and the International Convention for the Protection of All Persons from Enforced Disappearance""
UN Compilation (A/HRC/WG.6/50/USA/2), para. 3 — Human Rights Committee: ""recommended that the United States reconsider its position regarding the reservations, declarations and understandings that it had lodged at the time of ratification of the International Covenant on Civil and Political Rights""
Stakeholders' Summary (A/HRC/WG.6/50/USA/3), para. 2 — Several stakeholders (OHCHR summary): ""the United States of America (USA) had not yet ratified several international human rights treaties, notwithstanding repeated recommendations to that effect"""
26.57,Honduras,supported,Ratification of & accession to international instruments,Ratify outstanding international human rights treaties,C,Not implemented / no relevant action taken,Ratify the Convention on the Rights of Persons with Disabilities,The United States ratified none of the treaties covered by these recommendations in the review period and did not reconsider its ICCPR reservations.,A/HRC/WG.6/50/USA/2 para. 2; A/HRC/WG.6/50/USA/2 para. 3; A/HRC/WG.6/50/USA/3 para. 2,"UN Compilation (A/HRC/WG.6/50/USA/2), para. 2 — Committee on the Elimination of Racial Discrimination: ""encouraged the United States of America to consider ratifying the international human rights treaties that it had not yet ratified, including the International Covenant on Economic, Social and Cultural Rights, the Convention on the Elimination of All Forms of Discrimination against Women, the Convention on the Rights of the Child, ... the Convention on the Rights of Persons with Disabilities and the International Convention for the Protection of All Persons from Enforced Disappearance""
UN Compilation (A/HRC/WG.6/50/USA/2), para. 3 — Human Rights Committee: ""recommended that the United States reconsider its position regarding the reservations, declarations and understandings that it had lodged at the time of ratification of the International Covenant on Civil and Political Rights""
Stakeholders' Summary (A/HRC/WG.6/50/USA/3), para. 2 — Several stakeholders (OHCHR summary): ""the United States of America (USA) had not yet ratified several international human rights treaties, notwithstanding repeated recommendations to that effect"""
26.58,Mali,supported,Ratification of & accession to international instruments,Ratify outstanding international human rights treaties,C,Not implemented / no relevant action taken,"Complete the ratification process of the Convention on the Rights of Persons with Disabilities, submitted to the Senate on 17 May 2012",The United States ratified none of the treaties covered by these recommendations in the review period and did not reconsider its ICCPR reservations.,A/HRC/WG.6/50/USA/2 para. 2; A/HRC/WG.6/50/USA/2 para. 3; A/HRC/WG.6/50/USA/3 para. 2,"UN Compilation (A/HRC/WG.6/50/USA/2), para. 2 — Committee on the Elimination of Racial Discrimination: ""encouraged the United States of America to consider ratifying the international human rights treaties that it had not yet ratified, including the International Covenant on Economic, Social and Cultural Rights, the Convention on the Elimination of All Forms of Discrimination against Women, the Convention on the Rights of the Child, ... the Convention on the Rights of Persons with Disabilities and the International Convention for the Protection of All Persons from Enforced Disappearance""
UN Compilation (A/HRC/WG.6/50/USA/2), para. 3 — Human Rights Committee: ""recommended that the United States reconsider its position regarding the reservations, declarations and understandings that it had lodged at the time of ratification of the International Covenant on Civil and Political Rights""
Stakeholders' Summary (A/HRC/WG.6/50/USA/3), para. 2 — Several stakeholders (OHCHR summary): ""the United States of America (USA) had not yet ratified several international human rights treaties, notwithstanding repeated recommendations to that effect"""
26.59,Timor-Leste,noted,Ratification of & accession to international instruments,Federal moratorium on / abolition of the death penalty,E,"Contrary measures taken, or recommendation rejected","Ratify the Second Optional Protocol to the International Covenant on Civil and Political Rights, aiming at the abolition of the death penalty","Executive Order 14164 (2025) reinstated and directed preservation of the federal death penalty, reversing the 2021 moratorium; executions resumed.",A/HRC/WG.6/50/USA/2 para. 20; A/HRC/WG.6/50/USA/3 para. 15,"UN Compilation (A/HRC/WG.6/50/USA/2), para. 20 — Human Rights Committee: ""recommended establishing a de jure moratorium on the death penalty at the federal level and taking steps towards its abolition""
Stakeholders' Summary (A/HRC/WG.6/50/USA/3), para. 15 — The Dui Hua Foundation: ""Executive Order 14164 reinstating capital punishment for federal crimes, for which a moratorium had been imposed in 2021"""
26.60,Senegal,noted,Ratification of & accession to international instruments,Ratify outstanding international human rights treaties,C,Not implemented / no relevant action taken,Accede to the International Convention for the Protection of All Persons from Enforced Disappearance,The United States ratified none of the treaties covered by these recommendations in the review period and did not reconsider its ICCPR reservations.,A/HRC/WG.6/50/USA/2 para. 2; A/HRC/WG.6/50/USA/2 para. 3; A/HRC/WG.6/50/USA/3 para. 2,"UN Compilation (A/HRC/WG.6/50/USA/2), para. 2 — Committee on the Elimination of Racial Discrimination: ""encouraged the United States of America to consider ratifying the international human rights treaties that it had not yet ratified, including the International Covenant on Economic, Social and Cultural Rights, the Convention on the Elimination of All Forms of Discrimination against Women, the Convention on the Rights of the Child, ... the Convention on the Rights of Persons with Disabilities and the International Convention for the Protection of All Persons from Enforced Disappearance""
UN Compilation (A/HRC/WG.6/50/USA/2), para. 3 — Human Rights Committee: ""recommended that the United States reconsider its position regarding the reservations, declarations and understandings that it had lodged at the time of ratification of the International Covenant on Civil and Political Rights""
Stakeholders' Summary (A/HRC/WG.6/50/USA/3), para. 2 — Several stakeholders (OHCHR summary): ""the United States of America (USA) had not yet ratified several international human rights treaties, notwithstanding repeated recommendations to that effect"""
26.61,United Kingdom of Great Britain and Northern Ireland,noted,Ratification of & accession to international instruments,Ratify outstanding international human rights treaties,C,Not implemented / no relevant action taken,"Ratify the Protocol of 2014 to the Forced Labour Convention, 1930 (No. 29), of the International Labour Organization",The United States ratified none of the treaties covered by these recommendations in the review period and did not reconsider its ICCPR reservations.,A/HRC/WG.6/50/USA/2 para. 2; A/HRC/WG.6/50/USA/2 para. 3; A/HRC/WG.6/50/USA/3 para. 2,"UN Compilation (A/HRC/WG.6/50/USA/2), para. 2 — Committee on the Elimination of Racial Discrimination: ""encouraged the United States of America to consider ratifying the international human rights treaties that it had not yet ratified, including the International Covenant on Economic, Social and Cultural Rights, the Convention on the Elimination of All Forms of Discrimination against Women, the Convention on the Rights of the Child, ... the Convention on the Rights of Persons with Disabilities and the International Convention for the Protection of All Persons from Enforced Disappearance""
UN Compilation (A/HRC/WG.6/50/USA/2), para. 3 — Human Rights Committee: ""recommended that the United States reconsider its position regarding the reservations, declarations and understandings that it had lodged at the time of ratification of the International Covenant on Civil and Political Rights""
Stakeholders' Summary (A/HRC/WG.6/50/USA/3), para. 2 — Several stakeholders (OHCHR summary): ""the United States of America (USA) had not yet ratified several international human rights treaties, notwithstanding repeated recommendations to that effect"""
26.62,Bolivarian Republic of Venezuela,supported_noted,Ratification of & accession to international instruments,Rescind sanctions on the International Criminal Court,E,"Contrary measures taken, or recommendation rejected","Ratify all human rights treaties and protocols, the treaties and protocols of the International Labour Organization and the Rome Statute and cooperate with the International Criminal Court","The recommendation was to lift or rescind the sanctions on the International Criminal Court; instead the United States maintained them and in 2025 imposed further sanctions (Executive Order 14203), including against the Court's judges and staff.",A/HRC/WG.6/50/USA/2 para. 25; A/HRC/WG.6/50/USA/3 para. 6,"UN Compilation (A/HRC/WG.6/50/USA/2), para. 25 — Several special procedure mandate holders: ""condemned the executive order imposing sanctions on the International Criminal Court ... by sanctioning the Court, the United States weakened the post-Nuremberg commitment to international criminal justice""
Stakeholders' Summary (A/HRC/WG.6/50/USA/3), para. 6 — Several submissions (OHCHR summary): ""Recommendations were made to the USA to ... rescind the Executive Order 14203 sanctioning the ICC and its staff""
UN Compilation (A/HRC/WG.6/50/USA/2), para. 25 — United Nations High Commissioner for Human Rights: ""expressed concerns about sanctions against judges of the Court and called for the prompt reconsideration and withdrawal of those measures"""
26.63,Chile,supported,Ratification of & accession to international instruments,Ratify outstanding international human rights treaties,C,Not implemented / no relevant action taken,Consider acceding to the American Convention on Human Rights and recognizing the competence of the Inter-American Commission on Human Rights and the Inter-American Court of Human Rights,The United States ratified none of the treaties covered by these recommendations in the review period and did not reconsider its ICCPR reservations.,A/HRC/WG.6/50/USA/2 para. 2; A/HRC/WG.6/50/USA/2 para. 3; A/HRC/WG.6/50/USA/3 para. 2,"UN Compilation (A/HRC/WG.6/50/USA/2), para. 2 — Committee on the Elimination of Racial Discrimination: ""encouraged the United States of America to consider ratifying the international human rights treaties that it had not yet ratified, including the International Covenant on Economic, Social and Cultural Rights, the Convention on the Elimination of All Forms of Discrimination against Women, the Convention on the Rights of the Child, ... the Convention on the Rights of Persons with Disabilities and the International Convention for the Protection of All Persons from Enforced Disappearance""
UN Compilation (A/HRC/WG.6/50/USA/2), para. 3 — Human Rights Committee: ""recommended that the United States reconsider its position regarding the reservations, declarations and understandings that it had lodged at the time of ratification of the International Covenant on Civil and Political Rights""
Stakeholders' Summary (A/HRC/WG.6/50/USA/3), para. 2 — Several stakeholders (OHCHR summary): ""the United States of America (USA) had not yet ratified several international human rights treaties, notwithstanding repeated recommendations to that effect"""
26.64,Slovenia,supported,Ratification of & accession to international instruments,Rejoin / remain in the Paris Agreement,E,"Contrary measures taken, or recommendation rejected",Reconsider the 2017 decision to withdraw from the Paris Agreement on climate change,The United States rejoined the Paris Agreement in 2021 but withdrew again in 2025 - a reversal of the step recommended.,A/HRC/WG.6/50/USA/2 para. 5; A/HRC/WG.6/50/USA/3 para. 6,"UN Compilation (A/HRC/WG.6/50/USA/2), para. 5 — Several United Nations experts: ""expressed concern over the country's withdrawal from key international agreements and institutions, including the Paris Agreement, the Human Rights Council and World Health Organization""
Stakeholders' Summary (A/HRC/WG.6/50/USA/3), para. 6 — Several submissions (OHCHR summary): ""Recommendations were made to the USA to re-engage with the Human Rights Council, reverse the decisions to withdraw from the Paris Climate Agreement"""
26.65,Fiji,supported,Ratification of & accession to international instruments,Rejoin / remain in the Paris Agreement,E,"Contrary measures taken, or recommendation rejected",Take immediate steps to overturn the executive branch decision to withdraw from the Paris Agreement,The United States rejoined the Paris Agreement in 2021 but withdrew again in 2025 - a reversal of the step recommended.,A/HRC/WG.6/50/USA/2 para. 5; A/HRC/WG.6/50/USA/3 para. 6,"UN Compilation (A/HRC/WG.6/50/USA/2), para. 5 — Several United Nations experts: ""expressed concern over the country's withdrawal from key international agreements and institutions, including the Paris Agreement, the Human Rights Council and World Health Organization""
Stakeholders' Summary (A/HRC/WG.6/50/USA/3), para. 6 — Several submissions (OHCHR summary): ""Recommendations were made to the USA to re-engage with the Human Rights Council, reverse the decisions to withdraw from the Paris Climate Agreement"""
26.66,Switzerland,supported,Cooperation with human rights mechanisms & requests for technical assistance,Rescind sanctions on the International Criminal Court,E,"Contrary measures taken, or recommendation rejected","Annul Executive Order No. 13928 without delay, lift sanctions against the International Criminal Court and constructively collaborate in investigations aimed at preventing impunity for international crimes","The recommendation was to lift or rescind the sanctions on the International Criminal Court; instead the United States maintained them and in 2025 imposed further sanctions (Executive Order 14203), including against the Court's judges and staff.",A/HRC/WG.6/50/USA/2 para. 25; A/HRC/WG.6/50/USA/3 para. 6,"UN Compilation (A/HRC/WG.6/50/USA/2), para. 25 — Several special procedure mandate holders: ""condemned the executive order imposing sanctions on the International Criminal Court ... by sanctioning the Court, the United States weakened the post-Nuremberg commitment to international criminal justice""
Stakeholders' Summary (A/HRC/WG.6/50/USA/3), para. 6 — Several submissions (OHCHR summary): ""Recommendations were made to the USA to ... rescind the Executive Order 14203 sanctioning the ICC and its staff""
UN Compilation (A/HRC/WG.6/50/USA/2), para. 25 — United Nations High Commissioner for Human Rights: ""expressed concerns about sanctions against judges of the Court and called for the prompt reconsideration and withdrawal of those measures"""
26.67,Denmark,supported,Cooperation with human rights mechanisms & requests for technical assistance,Rescind sanctions on the International Criminal Court,E,"Contrary measures taken, or recommendation rejected",Rescind Executive Order No. 13928 authorizing sanctions regarding the International Criminal Court,"The recommendation was to lift or rescind the sanctions on the International Criminal Court; instead the United States maintained them and in 2025 imposed further sanctions (Executive Order 14203), including against the Court's judges and staff.",A/HRC/WG.6/50/USA/2 para. 25; A/HRC/WG.6/50/USA/3 para. 6,"UN Compilation (A/HRC/WG.6/50/USA/2), para. 25 — Several special procedure mandate holders: ""condemned the executive order imposing sanctions on the International Criminal Court ... by sanctioning the Court, the United States weakened the post-Nuremberg commitment to international criminal justice""
Stakeholders' Summary (A/HRC/WG.6/50/USA/3), para. 6 — Several submissions (OHCHR summary): ""Recommendations were made to the USA to ... rescind the Executive Order 14203 sanctioning the ICC and its staff""
UN Compilation (A/HRC/WG.6/50/USA/2), para. 25 — United Nations High Commissioner for Human Rights: ""expressed concerns about sanctions against judges of the Court and called for the prompt reconsideration and withdrawal of those measures"""
26.68,Liechtenstein,supported,Cooperation with human rights mechanisms & requests for technical assistance,Rescind sanctions on the International Criminal Court,E,"Contrary measures taken, or recommendation rejected",Rescind Executive Order No. 13928 authorizing sanctions aimed at undermining the International Criminal Court ’ s essential mandate,"The recommendation was to lift or rescind the sanctions on the International Criminal Court; instead the United States maintained them and in 2025 imposed further sanctions (Executive Order 14203), including against the Court's judges and staff.",A/HRC/WG.6/50/USA/2 para. 25; A/HRC/WG.6/50/USA/3 para. 6,"UN Compilation (A/HRC/WG.6/50/USA/2), para. 25 — Several special procedure mandate holders: ""condemned the executive order imposing sanctions on the International Criminal Court ... by sanctioning the Court, the United States weakened the post-Nuremberg commitment to international criminal justice""
Stakeholders' Summary (A/HRC/WG.6/50/USA/3), para. 6 — Several submissions (OHCHR summary): ""Recommendations were made to the USA to ... rescind the Executive Order 14203 sanctioning the ICC and its staff""
UN Compilation (A/HRC/WG.6/50/USA/2), para. 25 — United Nations High Commissioner for Human Rights: ""expressed concerns about sanctions against judges of the Court and called for the prompt reconsideration and withdrawal of those measures"""
26.69,Austria,supported,Cooperation with human rights mechanisms & requests for technical assistance,Rescind sanctions on the International Criminal Court,E,"Contrary measures taken, or recommendation rejected",Withdraw all measures against the International Criminal Court,"The recommendation was to lift or rescind the sanctions on the International Criminal Court; instead the United States maintained them and in 2025 imposed further sanctions (Executive Order 14203), including against the Court's judges and staff.",A/HRC/WG.6/50/USA/2 para. 25; A/HRC/WG.6/50/USA/3 para. 6,"UN Compilation (A/HRC/WG.6/50/USA/2), para. 25 — Several special procedure mandate holders: ""condemned the executive order imposing sanctions on the International Criminal Court ... by sanctioning the Court, the United States weakened the post-Nuremberg commitment to international criminal justice""
Stakeholders' Summary (A/HRC/WG.6/50/USA/3), para. 6 — Several submissions (OHCHR summary): ""Recommendations were made to the USA to ... rescind the Executive Order 14203 sanctioning the ICC and its staff""
UN Compilation (A/HRC/WG.6/50/USA/2), para. 25 — United Nations High Commissioner for Human Rights: ""expressed concerns about sanctions against judges of the Court and called for the prompt reconsideration and withdrawal of those measures"""
26.70,Spain,supported,Cooperation with human rights mechanisms & requests for technical assistance,Rescind sanctions on the International Criminal Court,E,"Contrary measures taken, or recommendation rejected",Lift the sanctions currently in force against the staff of the International Criminal Court,"The recommendation was to lift or rescind the sanctions on the International Criminal Court; instead the United States maintained them and in 2025 imposed further sanctions (Executive Order 14203), including against the Court's judges and staff.",A/HRC/WG.6/50/USA/2 para. 25; A/HRC/WG.6/50/USA/3 para. 6,"UN Compilation (A/HRC/WG.6/50/USA/2), para. 25 — Several special procedure mandate holders: ""condemned the executive order imposing sanctions on the International Criminal Court ... by sanctioning the Court, the United States weakened the post-Nuremberg commitment to international criminal justice""
Stakeholders' Summary (A/HRC/WG.6/50/USA/3), para. 6 — Several submissions (OHCHR summary): ""Recommendations were made to the USA to ... rescind the Executive Order 14203 sanctioning the ICC and its staff""
UN Compilation (A/HRC/WG.6/50/USA/2), para. 25 — United Nations High Commissioner for Human Rights: ""expressed concerns about sanctions against judges of the Court and called for the prompt reconsideration and withdrawal of those measures"""
26.71,France,supported,Cooperation with human rights mechanisms & requests for technical assistance,Rescind sanctions on the International Criminal Court,E,"Contrary measures taken, or recommendation rejected",Lift all sanctions imposed against the staff of the International Criminal Court,"The recommendation was to lift or rescind the sanctions on the International Criminal Court; instead the United States maintained them and in 2025 imposed further sanctions (Executive Order 14203), including against the Court's judges and staff.",A/HRC/WG.6/50/USA/2 para. 25; A/HRC/WG.6/50/USA/3 para. 6,"UN Compilation (A/HRC/WG.6/50/USA/2), para. 25 — Several special procedure mandate holders: ""condemned the executive order imposing sanctions on the International Criminal Court ... by sanctioning the Court, the United States weakened the post-Nuremberg commitment to international criminal justice""
Stakeholders' Summary (A/HRC/WG.6/50/USA/3), para. 6 — Several submissions (OHCHR summary): ""Recommendations were made to the USA to ... rescind the Executive Order 14203 sanctioning the ICC and its staff""
UN Compilation (A/HRC/WG.6/50/USA/2), para. 25 — United Nations High Commissioner for Human Rights: ""expressed concerns about sanctions against judges of the Court and called for the prompt reconsideration and withdrawal of those measures"""
26.72,Germany,supported,Cooperation with human rights mechanisms & requests for technical assistance,Rescind sanctions on the International Criminal Court,E,"Contrary measures taken, or recommendation rejected",Lift sanctions against independent International Criminal Court staff,"The recommendation was to lift or rescind the sanctions on the International Criminal Court; instead the United States maintained them and in 2025 imposed further sanctions (Executive Order 14203), including against the Court's judges and staff.",A/HRC/WG.6/50/USA/2 para. 25; A/HRC/WG.6/50/USA/3 para. 6,"UN Compilation (A/HRC/WG.6/50/USA/2), para. 25 — Several special procedure mandate holders: ""condemned the executive order imposing sanctions on the International Criminal Court ... by sanctioning the Court, the United States weakened the post-Nuremberg commitment to international criminal justice""
Stakeholders' Summary (A/HRC/WG.6/50/USA/3), para. 6 — Several submissions (OHCHR summary): ""Recommendations were made to the USA to ... rescind the Executive Order 14203 sanctioning the ICC and its staff""
UN Compilation (A/HRC/WG.6/50/USA/2), para. 25 — United Nations High Commissioner for Human Rights: ""expressed concerns about sanctions against judges of the Court and called for the prompt reconsideration and withdrawal of those measures"""
26.73,Ireland,supported,Cooperation with human rights mechanisms & requests for technical assistance,Rescind sanctions on the International Criminal Court,E,"Contrary measures taken, or recommendation rejected","Reverse all measures against the International Criminal Court, its officials and staff","The recommendation was to lift or rescind the sanctions on the International Criminal Court; instead the United States maintained them and in 2025 imposed further sanctions (Executive Order 14203), including against the Court's judges and staff.",A/HRC/WG.6/50/USA/2 para. 25; A/HRC/WG.6/50/USA/3 para. 6,"UN Compilation (A/HRC/WG.6/50/USA/2), para. 25 — Several special procedure mandate holders: ""condemned the executive order imposing sanctions on the International Criminal Court ... by sanctioning the Court, the United States weakened the post-Nuremberg commitment to international criminal justice""
Stakeholders' Summary (A/HRC/WG.6/50/USA/3), para. 6 — Several submissions (OHCHR summary): ""Recommendations were made to the USA to ... rescind the Executive Order 14203 sanctioning the ICC and its staff""
UN Compilation (A/HRC/WG.6/50/USA/2), para. 25 — United Nations High Commissioner for Human Rights: ""expressed concerns about sanctions against judges of the Court and called for the prompt reconsideration and withdrawal of those measures"""
26.74,Sweden,supported,Cooperation with human rights mechanisms & requests for technical assistance,Rescind sanctions on the International Criminal Court,E,"Contrary measures taken, or recommendation rejected",Reconsider its position and reverse the measures it has taken against the International Criminal Court and its staff,"The recommendation was to lift or rescind the sanctions on the International Criminal Court; instead the United States maintained them and in 2025 imposed further sanctions (Executive Order 14203), including against the Court's judges and staff.",A/HRC/WG.6/50/USA/2 para. 25; A/HRC/WG.6/50/USA/3 para. 6,"UN Compilation (A/HRC/WG.6/50/USA/2), para. 25 — Several special procedure mandate holders: ""condemned the executive order imposing sanctions on the International Criminal Court ... by sanctioning the Court, the United States weakened the post-Nuremberg commitment to international criminal justice""
Stakeholders' Summary (A/HRC/WG.6/50/USA/3), para. 6 — Several submissions (OHCHR summary): ""Recommendations were made to the USA to ... rescind the Executive Order 14203 sanctioning the ICC and its staff""
UN Compilation (A/HRC/WG.6/50/USA/2), para. 25 — United Nations High Commissioner for Human Rights: ""expressed concerns about sanctions against judges of the Court and called for the prompt reconsideration and withdrawal of those measures"""
26.75,State of Palestine,supported_noted,Cooperation with human rights mechanisms & requests for technical assistance,Rescind sanctions on the International Criminal Court,E,"Contrary measures taken, or recommendation rejected","Put an end to impunity for international law violations, including by ending the sanctions imposed on International Criminal Court staff and ratifying the Rome Statute of the International Criminal Court","The recommendation was to lift or rescind the sanctions on the International Criminal Court; instead the United States maintained them and in 2025 imposed further sanctions (Executive Order 14203), including against the Court's judges and staff.",A/HRC/WG.6/50/USA/2 para. 25; A/HRC/WG.6/50/USA/3 para. 6,"UN Compilation (A/HRC/WG.6/50/USA/2), para. 25 — Several special procedure mandate holders: ""condemned the executive order imposing sanctions on the International Criminal Court ... by sanctioning the Court, the United States weakened the post-Nuremberg commitment to international criminal justice""
Stakeholders' Summary (A/HRC/WG.6/50/USA/3), para. 6 — Several submissions (OHCHR summary): ""Recommendations were made to the USA to ... rescind the Executive Order 14203 sanctioning the ICC and its staff""
UN Compilation (A/HRC/WG.6/50/USA/2), para. 25 — United Nations High Commissioner for Human Rights: ""expressed concerns about sanctions against judges of the Court and called for the prompt reconsideration and withdrawal of those measures"""
26.76,Poland,supported,Cooperation with human rights mechanisms & requests for technical assistance,Rescind ICC sanctions and re-engage with UN mechanisms,C,Not implemented / no relevant action taken,Recommit to multilateral human rights institutions,"Some special-procedure visits took place in 2021-2024, but no standing invitation was issued and cooperation deteriorated sharply in 2025.",A/HRC/WG.6/50/USA/2 para. 8; A/HRC/WG.6/50/USA/2 para. 5,"UN Compilation (A/HRC/WG.6/50/USA/2), para. 8 — Several special procedure mandate holders: ""condemned the United States sanctions against Francesca Albanese, Special Rapporteur on the situation of human rights in the Palestinian territories occupied since 1967, as a direct attack on the integrity of the United Nations human rights system""
UN Compilation (A/HRC/WG.6/50/USA/2), para. 5 — Several United Nations experts: ""alarmed by the escalating attacks by the United States on the international architecture of human rights"""
26.77,Spain,supported,Cooperation with human rights mechanisms & requests for technical assistance,Re-engage with the Human Rights Council,E,"Contrary measures taken, or recommendation rejected",Reconsider the withdrawal from the Human Rights Council and the Paris Agreement on climate change,"The United States withdrew from the Human Rights Council in 2025, contrary to the recommendation to re-engage.",A/HRC/WG.6/50/USA/2 para. 5; A/HRC/WG.6/50/USA/3 para. 6,"UN Compilation (A/HRC/WG.6/50/USA/2), para. 5 — Several United Nations experts: ""expressed concern over the country's withdrawal from key international agreements and institutions, including the Paris Agreement, the Human Rights Council and World Health Organization""
Stakeholders' Summary (A/HRC/WG.6/50/USA/3), para. 6 — Several submissions (OHCHR summary): ""Recommendations were made to the USA to re-engage with the Human Rights Council"""
26.78,Lithuania,supported,Cooperation with human rights mechanisms & requests for technical assistance,Re-engage with the Human Rights Council,E,"Contrary measures taken, or recommendation rejected",Consider rejoining the work of the Human Rights Council,"The United States withdrew from the Human Rights Council in 2025, contrary to the recommendation to re-engage.",A/HRC/WG.6/50/USA/2 para. 5; A/HRC/WG.6/50/USA/3 para. 6,"UN Compilation (A/HRC/WG.6/50/USA/2), para. 5 — Several United Nations experts: ""expressed concern over the country's withdrawal from key international agreements and institutions, including the Paris Agreement, the Human Rights Council and World Health Organization""
Stakeholders' Summary (A/HRC/WG.6/50/USA/3), para. 6 — Several submissions (OHCHR summary): ""Recommendations were made to the USA to re-engage with the Human Rights Council"""
26.79,Germany,supported,Cooperation with human rights mechanisms & requests for technical assistance,Re-engage with the Human Rights Council,E,"Contrary measures taken, or recommendation rejected",Re-engage with the Human Rights Council,"The United States withdrew from the Human Rights Council in 2025, contrary to the recommendation to re-engage.",A/HRC/WG.6/50/USA/2 para. 5; A/HRC/WG.6/50/USA/3 para. 6,"UN Compilation (A/HRC/WG.6/50/USA/2), para. 5 — Several United Nations experts: ""expressed concern over the country's withdrawal from key international agreements and institutions, including the Paris Agreement, the Human Rights Council and World Health Organization""
Stakeholders' Summary (A/HRC/WG.6/50/USA/3), para. 6 — Several submissions (OHCHR summary): ""Recommendations were made to the USA to re-engage with the Human Rights Council"""
26.80,Pakistan,supported,Cooperation with human rights mechanisms & requests for technical assistance,Re-engage with the Human Rights Council,E,"Contrary measures taken, or recommendation rejected",Resume immediately its engagement with the Human Rights Council and fully comply with its obligations under the international human rights instruments and standards,"The United States withdrew from the Human Rights Council in 2025, contrary to the recommendation to re-engage.",A/HRC/WG.6/50/USA/2 para. 5; A/HRC/WG.6/50/USA/3 para. 6,"UN Compilation (A/HRC/WG.6/50/USA/2), para. 5 — Several United Nations experts: ""expressed concern over the country's withdrawal from key international agreements and institutions, including the Paris Agreement, the Human Rights Council and World Health Organization""
Stakeholders' Summary (A/HRC/WG.6/50/USA/3), para. 6 — Several submissions (OHCHR summary): ""Recommendations were made to the USA to re-engage with the Human Rights Council"""
26.81,Jordan,supported,Cooperation with human rights mechanisms & requests for technical assistance,Re-engage with the Human Rights Council,E,"Contrary measures taken, or recommendation rejected",Take steps to re-engage and participate in the work of the Human Rights Council,"The United States withdrew from the Human Rights Council in 2025, contrary to the recommendation to re-engage.",A/HRC/WG.6/50/USA/2 para. 5; A/HRC/WG.6/50/USA/3 para. 6,"UN Compilation (A/HRC/WG.6/50/USA/2), para. 5 — Several United Nations experts: ""expressed concern over the country's withdrawal from key international agreements and institutions, including the Paris Agreement, the Human Rights Council and World Health Organization""
Stakeholders' Summary (A/HRC/WG.6/50/USA/3), para. 6 — Several submissions (OHCHR summary): ""Recommendations were made to the USA to re-engage with the Human Rights Council"""
26.82,Maldives,supported,Cooperation with human rights mechanisms & requests for technical assistance,Re-engage with the Human Rights Council,E,"Contrary measures taken, or recommendation rejected",Re-engage actively with the Human Rights Council and the special procedures mechanisms of OHCHR,"The United States withdrew from the Human Rights Council in 2025, contrary to the recommendation to re-engage.",A/HRC/WG.6/50/USA/2 para. 5; A/HRC/WG.6/50/USA/3 para. 6,"UN Compilation (A/HRC/WG.6/50/USA/2), para. 5 — Several United Nations experts: ""expressed concern over the country's withdrawal from key international agreements and institutions, including the Paris Agreement, the Human Rights Council and World Health Organization""
Stakeholders' Summary (A/HRC/WG.6/50/USA/3), para. 6 — Several submissions (OHCHR summary): ""Recommendations were made to the USA to re-engage with the Human Rights Council"""
26.83,Republic of Korea,supported,Cooperation & Follow up with Special Procedures,Standing invitation to special procedures and visit requests,C,Not implemented / no relevant action taken,"Further enhance cooperation with United Nations human rights mechanisms, including by providing the Special Rapporteur on torture with full access to the facilities and permission to interview the detainees","Some special-procedure visits occurred in 2021-2024, but no standing invitation was issued and a mandate holder was sanctioned in 2025.",A/HRC/WG.6/50/USA/2 para. 8,"UN Compilation (A/HRC/WG.6/50/USA/2), para. 8 — Several special procedure mandate holders: ""condemned the United States sanctions against Francesca Albanese ... as a direct attack on the integrity of the United Nations human rights system"""
26.84,Latvia,noted,Cooperation & Follow up with Special Procedures,Standing invitation to special procedures and visit requests,C,Not implemented / no relevant action taken,"Consider extending a standing invitation to all special procedure mandate holders of the Human Rights Council, as previously recommended","Some special-procedure visits occurred in 2021-2024, but no standing invitation was issued and a mandate holder was sanctioned in 2025.",A/HRC/WG.6/50/USA/2 para. 8,"UN Compilation (A/HRC/WG.6/50/USA/2), para. 8 — Several special procedure mandate holders: ""condemned the United States sanctions against Francesca Albanese ... as a direct attack on the integrity of the United Nations human rights system"""
26.85,Costa Rica; Cyprus,noted,Cooperation & Follow up with Special Procedures,Standing invitation to special procedures and visit requests,C,Not implemented / no relevant action taken,Extend a standing invitation to the special procedures,"Some special-procedure visits occurred in 2021-2024, but no standing invitation was issued and a mandate holder was sanctioned in 2025.",A/HRC/WG.6/50/USA/2 para. 8,"UN Compilation (A/HRC/WG.6/50/USA/2), para. 8 — Several special procedure mandate holders: ""condemned the United States sanctions against Francesca Albanese ... as a direct attack on the integrity of the United Nations human rights system"""
26.86,State of Palestine,supported,Cooperation & follow up with the Universal Periodic Review (UPR),UPR follow-up mechanism and mid-term report,C,Not implemented / no relevant action taken,"Review all outstanding recommendations from the universal periodic review process, the United Nations treaty bodies and experts, with a view to implementing them",No cycle-3 UPR mid-term report and no dedicated national follow-up mechanism.,A/HRC/WG.6/50/USA/2 para. 10,"UN Compilation (A/HRC/WG.6/50/USA/2), para. 10 — Special Rapporteur on minority issues: ""recommended establishing an inter-agency federal body responsible for implementation of and follow-up to United Nations human rights mechanisms' recommendations"""
26.87,State of Palestine,supported,Cooperation & Follow up with Special Procedures,Standing invitation to special procedures and visit requests,C,Not implemented / no relevant action taken,Respond to all outstanding visit requests from United Nations special procedures,"Some special-procedure visits occurred in 2021-2024, but no standing invitation was issued and a mandate holder was sanctioned in 2025.",A/HRC/WG.6/50/USA/2 para. 8,"UN Compilation (A/HRC/WG.6/50/USA/2), para. 8 — Several special procedure mandate holders: ""condemned the United States sanctions against Francesca Albanese ... as a direct attack on the integrity of the United Nations human rights system"""
26.88,Niger,supported,Cooperation with human rights mechanisms & requests for technical assistance,Rescind ICC sanctions and re-engage with UN mechanisms,C,Not implemented / no relevant action taken,Continue collaborative efforts with human rights mechanisms,"Some special-procedure visits took place in 2021-2024, but no standing invitation was issued and cooperation deteriorated sharply in 2025.",A/HRC/WG.6/50/USA/2 para. 8; A/HRC/WG.6/50/USA/2 para. 5,"UN Compilation (A/HRC/WG.6/50/USA/2), para. 8 — Several special procedure mandate holders: ""condemned the United States sanctions against Francesca Albanese, Special Rapporteur on the situation of human rights in the Palestinian territories occupied since 1967, as a direct attack on the integrity of the United Nations human rights system""
UN Compilation (A/HRC/WG.6/50/USA/2), para. 5 — Several United Nations experts: ""alarmed by the escalating attacks by the United States on the international architecture of human rights"""
26.89,South Africa,supported,Racial discrimination,Combat systemic racism and hate speech,C,Not implemented / no relevant action taken,"Cooperate fully with the United Nations High Commissioner for Human Rights in the preparation of her report on systemic racism and violations of international human rights law against Africans and people of African descent by law enforcement agencies, as all States were called upon to do by the Human Rights Council in its resolution 43/1",No national action plan against racism was adopted; systemic racism is still reported as persistent.,A/HRC/WG.6/50/USA/2 para. 12; A/HRC/WG.6/50/USA/3 para. 9,"UN Compilation (A/HRC/WG.6/50/USA/2), para. 12 — Special Rapporteur on racism: ""racially marginalized groups continued to experience persistent systemic racism""
Stakeholders' Summary (A/HRC/WG.6/50/USA/3), para. 9 — Presbyterian Church (USA): ""racial discrimination remained pervasive"""
26.90,Paraguay,noted,National Mechanisms for Reporting & Follow-up (NMRF),Establish a national reporting and follow-up mechanism,C,Not implemented / no relevant action taken,"Establish a permanent national mechanism for the implementation, reporting and follow-up of recommendations in the field of human rights and consider the possibility of engaging in cooperation for this purpose within the framework of Sustainable Development Goals 16 and 17",No inter-agency federal body for follow-up to UN recommendations was established. Both 'noted'.,A/HRC/WG.6/50/USA/2 para. 10,"UN Compilation (A/HRC/WG.6/50/USA/2), para. 10 — Special Rapporteur on minority issues: ""recommended establishing an inter-agency federal body responsible for implementation of and follow-up to United Nations human rights mechanisms' recommendations"""
26.91,the Paris Principles; Philippines,noted,National Human Rights Institution (NHRI),Establish a Paris-Principles-compliant NHRI,C,Not implemented / no relevant action taken,Take steps towards the establishment of a national human rights institution in accordance with the principles relating to the status of national institutions for the promotion and protection of human rights,No national human rights institution has been established.,A/HRC/WG.6/50/USA/2 para. 9; A/HRC/WG.6/50/USA/3 para. 7,"UN Compilation (A/HRC/WG.6/50/USA/2), para. 9 — Committee on the Elimination of Racial Discrimination: ""reiterated its recommendation that the United States create a national human rights institution in accordance with the ... Paris Principles""
Stakeholders' Summary (A/HRC/WG.6/50/USA/3), para. 7 — JS61; Elizka Relief Foundation: ""the USA had not established a National Human Rights Institution (NHRI), resulting in a critical gap in the country's human rights protection framework"""
26.92,Zambia,noted,National Human Rights Institution (NHRI),Establish a Paris-Principles-compliant NHRI,C,Not implemented / no relevant action taken,Take steps aimed at creating a national human rights institution,No national human rights institution has been established.,A/HRC/WG.6/50/USA/2 para. 9; A/HRC/WG.6/50/USA/3 para. 7,"UN Compilation (A/HRC/WG.6/50/USA/2), para. 9 — Committee on the Elimination of Racial Discrimination: ""reiterated its recommendation that the United States create a national human rights institution in accordance with the ... Paris Principles""
Stakeholders' Summary (A/HRC/WG.6/50/USA/3), para. 7 — JS61; Elizka Relief Foundation: ""the USA had not established a National Human Rights Institution (NHRI), resulting in a critical gap in the country's human rights protection framework"""
26.93,Qatar,noted,National Human Rights Institution (NHRI),Establish a Paris-Principles-compliant NHRI,C,Not implemented / no relevant action taken,Establish a national human rights institution in accordance with the Paris Principles,No national human rights institution has been established.,A/HRC/WG.6/50/USA/2 para. 9; A/HRC/WG.6/50/USA/3 para. 7,"UN Compilation (A/HRC/WG.6/50/USA/2), para. 9 — Committee on the Elimination of Racial Discrimination: ""reiterated its recommendation that the United States create a national human rights institution in accordance with the ... Paris Principles""
Stakeholders' Summary (A/HRC/WG.6/50/USA/3), para. 7 — JS61; Elizka Relief Foundation: ""the USA had not established a National Human Rights Institution (NHRI), resulting in a critical gap in the country's human rights protection framework"""
26.94,Somalia,supported,National Human Rights Institution (NHRI),Establish a Paris-Principles-compliant NHRI,C,Not implemented / no relevant action taken,Continue with its human rights commitments and establish national human rights institutions,No national human rights institution has been established.,A/HRC/WG.6/50/USA/2 para. 9; A/HRC/WG.6/50/USA/3 para. 7,"UN Compilation (A/HRC/WG.6/50/USA/2), para. 9 — Committee on the Elimination of Racial Discrimination: ""reiterated its recommendation that the United States create a national human rights institution in accordance with the ... Paris Principles""
Stakeholders' Summary (A/HRC/WG.6/50/USA/3), para. 7 — JS61; Elizka Relief Foundation: ""the USA had not established a National Human Rights Institution (NHRI), resulting in a critical gap in the country's human rights protection framework"""
26.95,India,supported,National Human Rights Institution (NHRI),Establish a Paris-Principles-compliant NHRI,C,Not implemented / no relevant action taken,Consider establishing a national human rights institution in accordance with the Paris Principles,No national human rights institution has been established.,A/HRC/WG.6/50/USA/2 para. 9; A/HRC/WG.6/50/USA/3 para. 7,"UN Compilation (A/HRC/WG.6/50/USA/2), para. 9 — Committee on the Elimination of Racial Discrimination: ""reiterated its recommendation that the United States create a national human rights institution in accordance with the ... Paris Principles""
Stakeholders' Summary (A/HRC/WG.6/50/USA/3), para. 7 — JS61; Elizka Relief Foundation: ""the USA had not established a National Human Rights Institution (NHRI), resulting in a critical gap in the country's human rights protection framework"""
26.96,Nepal,supported,National Human Rights Institution (NHRI),Establish a Paris-Principles-compliant NHRI,C,Not implemented / no relevant action taken,Consider establishing an independent national human rights institution in accordance with the Paris Principles,No national human rights institution has been established.,A/HRC/WG.6/50/USA/2 para. 9; A/HRC/WG.6/50/USA/3 para. 7,"UN Compilation (A/HRC/WG.6/50/USA/2), para. 9 — Committee on the Elimination of Racial Discrimination: ""reiterated its recommendation that the United States create a national human rights institution in accordance with the ... Paris Principles""
Stakeholders' Summary (A/HRC/WG.6/50/USA/3), para. 7 — JS61; Elizka Relief Foundation: ""the USA had not established a National Human Rights Institution (NHRI), resulting in a critical gap in the country's human rights protection framework"""
26.97,Sudan,supported,National Human Rights Institution (NHRI),Establish a Paris-Principles-compliant NHRI,C,Not implemented / no relevant action taken,Consider the establishment of a national human rights institution compliant with the Paris Principles,No national human rights institution has been established.,A/HRC/WG.6/50/USA/2 para. 9; A/HRC/WG.6/50/USA/3 para. 7,"UN Compilation (A/HRC/WG.6/50/USA/2), para. 9 — Committee on the Elimination of Racial Discrimination: ""reiterated its recommendation that the United States create a national human rights institution in accordance with the ... Paris Principles""
Stakeholders' Summary (A/HRC/WG.6/50/USA/3), para. 7 — JS61; Elizka Relief Foundation: ""the USA had not established a National Human Rights Institution (NHRI), resulting in a critical gap in the country's human rights protection framework"""
26.98,Malaysia,supported,National Human Rights Institution (NHRI),Establish a Paris-Principles-compliant NHRI,C,Not implemented / no relevant action taken,Consider establishing an independent national human rights institution in line with the Paris Principles,No national human rights institution has been established.,A/HRC/WG.6/50/USA/2 para. 9; A/HRC/WG.6/50/USA/3 para. 7,"UN Compilation (A/HRC/WG.6/50/USA/2), para. 9 — Committee on the Elimination of Racial Discrimination: ""reiterated its recommendation that the United States create a national human rights institution in accordance with the ... Paris Principles""
Stakeholders' Summary (A/HRC/WG.6/50/USA/3), para. 7 — JS61; Elizka Relief Foundation: ""the USA had not established a National Human Rights Institution (NHRI), resulting in a critical gap in the country's human rights protection framework"""
26.99,Lithuania,noted,National Human Rights Institution (NHRI),Establish a Paris-Principles-compliant NHRI,C,Not implemented / no relevant action taken,Establish an independent national human rights institution at the federal level,No national human rights institution has been established.,A/HRC/WG.6/50/USA/2 para. 9; A/HRC/WG.6/50/USA/3 para. 7,"UN Compilation (A/HRC/WG.6/50/USA/2), para. 9 — Committee on the Elimination of Racial Discrimination: ""reiterated its recommendation that the United States create a national human rights institution in accordance with the ... Paris Principles""
Stakeholders' Summary (A/HRC/WG.6/50/USA/3), para. 7 — JS61; Elizka Relief Foundation: ""the USA had not established a National Human Rights Institution (NHRI), resulting in a critical gap in the country's human rights protection framework"""
26.100,Albania,noted,National Mechanisms for Reporting & Follow-up (NMRF),Establish a national reporting and follow-up mechanism,C,Not implemented / no relevant action taken,"Establish a federal mechanism to ensure comprehensive and coordinated compliance with international human rights instruments at the federal, state and local levels",No inter-agency federal body for follow-up to UN recommendations was established. Both 'noted'.,A/HRC/WG.6/50/USA/2 para. 10,"UN Compilation (A/HRC/WG.6/50/USA/2), para. 10 — Special Rapporteur on minority issues: ""recommended establishing an inter-agency federal body responsible for implementation of and follow-up to United Nations human rights mechanisms' recommendations"""
26.101,Greece,supported,"Human rights education, trainings & awareness raising",Human rights and anti-bias training and education,C,Not implemented / no relevant action taken,Work across federal agencies and departments to foster more comprehensive education and training for state and local agencies and officials on human rights,Recommended human-rights and anti-bias training was not institutionalised; book bans and curriculum restrictions cut the other way.,A/HRC/WG.6/50/USA/2 para. 46; A/HRC/WG.6/50/USA/3 para. 14,"UN Compilation (A/HRC/WG.6/50/USA/2), para. 46 — Special Rapporteur on racism: ""recommended ... training all teachers and school staff in racial equality, implicit bias and non-discrimination standards""
Stakeholders' Summary (A/HRC/WG.6/50/USA/3), para. 14 — Human Rights Watch: ""regretted the growing movement that prevented educating students about structural racism, including banning books or censoring classroom discussions of race, sexuality and gender"""
26.102,Cambodia,supported,"Human rights education, trainings & awareness raising",Human rights and anti-bias training and education,C,Not implemented / no relevant action taken,Carry out additional anti-discrimination training for government officials at all levels and systematically,Recommended human-rights and anti-bias training was not institutionalised; book bans and curriculum restrictions cut the other way.,A/HRC/WG.6/50/USA/2 para. 46; A/HRC/WG.6/50/USA/3 para. 14,"UN Compilation (A/HRC/WG.6/50/USA/2), para. 46 — Special Rapporteur on racism: ""recommended ... training all teachers and school staff in racial equality, implicit bias and non-discrimination standards""
Stakeholders' Summary (A/HRC/WG.6/50/USA/3), para. 14 — Human Rights Watch: ""regretted the growing movement that prevented educating students about structural racism, including banning books or censoring classroom discussions of race, sexuality and gender"""
26.103,Algeria,supported,"International criminal & humanitarian law (including crimes against humanity, war crimes, genocide)","ICC, accountability for war crimes and drone strikes",E,"Contrary measures taken, or recommendation rejected",Work with the international community to monitor and follow up on human rights violations of peoples under foreign occupation and work towards the implementation of their right to self-determination in accordance with relevant United Nations resolutions,"Contrary measures: sanctions on the ICC, transfer of cluster munitions, and pardons for contractors convicted of war crimes. Mostly 'noted'.",A/HRC/WG.6/50/USA/2 para. 25; A/HRC/WG.6/50/USA/2 para. 23; A/HRC/WG.6/50/USA/2 para. 24,"UN Compilation (A/HRC/WG.6/50/USA/2), para. 25 — Several special procedure mandate holders: ""condemned the executive order imposing sanctions on the International Criminal Court ... by sanctioning the Court, the United States weakened the post-Nuremberg commitment to international criminal justice""
UN Compilation (A/HRC/WG.6/50/USA/2), para. 23 — Special Rapporteur on torture and other cruel, inhuman or degrading treatment or punishment: ""urged the United States to reconsider its decision to transfer cluster munitions to a third country as those weapons posed a serious and indiscriminate threat to civilians""
UN Compilation (A/HRC/WG.6/50/USA/2), para. 24 — Several special procedure mandate holders: ""the pardons granted to four private security contractors convicted for war crimes in a third country violated United States obligations under international law"""
26.104,Democratic People ’ s Republic of Korea,noted,Constitutional & legislative framework,Reform the Alien Enemies Act,C,Not implemented / no relevant action taken,Take legal and practical measures to abolish the North Korean Human Rights Act of 2004 and other evil extraterritorial laws and stop political pressure and military actions that infringe upon the sovereignty or threaten the lives of the people in those countries,No relevant constitutional or legislative reform; recommendation 'noted'.,A/HRC/WG.6/50/USA/3 para. 8,"Stakeholders' Summary (A/HRC/WG.6/50/USA/3), para. 8 — JS15: ""the 1798 Alien Enemies Act being used to deport natives, citizens and foreigners without a hearing or standard process"""
26.105,Russian Federation,noted,Inter-State cooperation and assistance,International cooperation and non-interference,C,Not implemented / no relevant action taken,Stop interfering in the internal affairs of sovereign States,No relevant change; most of these recommendations were 'noted'.,A/HRC/WG.6/50/USA/2 para. 5,"UN Compilation (A/HRC/WG.6/50/USA/2), para. 5 — Several United Nations experts: ""alarmed by the escalating attacks by the United States on ... multilateralism, the principles of sovereign equality and self-determination"""
26.106,China,noted,Inter-State cooperation and assistance,International cooperation and non-interference,C,Not implemented / no relevant action taken,"Stop interfering, for political purposes, in other countries ’ internal affairs under the pretext of human rights",No relevant change; most of these recommendations were 'noted'.,A/HRC/WG.6/50/USA/2 para. 5,"UN Compilation (A/HRC/WG.6/50/USA/2), para. 5 — Several United Nations experts: ""alarmed by the escalating attacks by the United States on ... multilateralism, the principles of sovereign equality and self-determination"""
26.107,Cuba,noted,Unilateral coercive measures,Lift unilateral sanctions / embargoes,C,Not implemented / no relevant action taken,"Put an immediate end to the blockade against Cuba, which seriously violates the human rights of the Cuban people",Unilateral sanctions regimes were maintained and expanded; all 'noted'.,A/HRC/WG.6/50/USA/3 para. 30; A/HRC/WG.6/50/USA/3 para. 31,"Stakeholders' Summary (A/HRC/WG.6/50/USA/3), para. 30 — IPLSA (International Probono Legal Services Association): ""their prolonged and unchecked application raised concerns regarding compliance with international law and human rights standards ... thereby creating de facto perpetual states of emergency in those countries""
Stakeholders' Summary (A/HRC/WG.6/50/USA/3), para. 31 — ADVT (Association for Defending Victims of Terrorism): ""recommended the USA to immediately lift all unilateral sanctions that negatively affect civilian populations"""
26.108,Mexico,noted,Business & Human Rights,"Business and human rights, including mandatory due diligence",C,Not implemented / no relevant action taken,Stop the illegal export of weapons to other countries,No updated national action plan; mandatory human-rights due-diligence legislation was not adopted.,A/HRC/WG.6/50/USA/2 para. 51; A/HRC/WG.6/50/USA/3 para. 69,"UN Compilation (A/HRC/WG.6/50/USA/2), para. 51 — Several special procedure mandate holders: ""urged businesses in the United States to reaffirm their commitment to diversity, equity and inclusion principles, uphold their human rights responsibilities under the Guiding Principles on Business and Human Rights""
Stakeholders' Summary (A/HRC/WG.6/50/USA/3), para. 69 — JS65: ""requested the USA to require businesses to conduct human rights due diligence in conflict-affected contexts and develop policies to protect human rights defenders"""
26.109,Nicaragua,supported,Inter-State cooperation and assistance,International cooperation and non-interference,C,Not implemented / no relevant action taken,Respect the peoples of the world in their freedoms and in the democratic development of their own constitutional electoral processes,No relevant change; most of these recommendations were 'noted'.,A/HRC/WG.6/50/USA/2 para. 5,"UN Compilation (A/HRC/WG.6/50/USA/2), para. 5 — Several United Nations experts: ""alarmed by the escalating attacks by the United States on ... multilateralism, the principles of sovereign equality and self-determination"""
26.110,Nigeria,supported,Equality & non-discrimination,Comprehensive anti-discrimination legislation,C,Not implemented / no relevant action taken,Adopt further measures to ensure the enjoyment of human rights by all without discrimination,No comprehensive federal anti-discrimination legislation was adopted; supported recommendations to combat systemic racial discrimination were not implemented.,A/HRC/WG.6/50/USA/2 para. 15; A/HRC/WG.6/50/USA/3 para. 9,"UN Compilation (A/HRC/WG.6/50/USA/2), para. 15 — Special Rapporteur on minority issues: ""recommended adopting comprehensive national human rights legislation to include international human rights obligations, particularly on the recognition of the right to equality without discrimination""
Stakeholders' Summary (A/HRC/WG.6/50/USA/3), para. 9 — Human Rights Watch: ""the USA had not implemented UPR supported recommendations to combat systemic racial discrimination, further entrenching discriminatory practices"""
26.111,Argentina,supported,Equality & non-discrimination,Comprehensive anti-discrimination legislation,C,Not implemented / no relevant action taken,Adopt measures to combat structural discrimination,No comprehensive federal anti-discrimination legislation was adopted; supported recommendations to combat systemic racial discrimination were not implemented.,A/HRC/WG.6/50/USA/2 para. 15; A/HRC/WG.6/50/USA/3 para. 9,"UN Compilation (A/HRC/WG.6/50/USA/2), para. 15 — Special Rapporteur on minority issues: ""recommended adopting comprehensive national human rights legislation to include international human rights obligations, particularly on the recognition of the right to equality without discrimination""
Stakeholders' Summary (A/HRC/WG.6/50/USA/3), para. 9 — Human Rights Watch: ""the USA had not implemented UPR supported recommendations to combat systemic racial discrimination, further entrenching discriminatory practices"""
26.112,Slovakia,supported,Racial discrimination,Combat systemic racism and hate speech,C,Not implemented / no relevant action taken,"Take effective measures to review policies at the federal, state and local levels with a view to preventing racism, racial discrimination, xenophobia and related intolerance",No national action plan against racism was adopted; systemic racism is still reported as persistent.,A/HRC/WG.6/50/USA/2 para. 12; A/HRC/WG.6/50/USA/3 para. 9,"UN Compilation (A/HRC/WG.6/50/USA/2), para. 12 — Special Rapporteur on racism: ""racially marginalized groups continued to experience persistent systemic racism""
Stakeholders' Summary (A/HRC/WG.6/50/USA/3), para. 9 — Presbyterian Church (USA): ""racial discrimination remained pervasive"""
26.113,Russian Federation,supported,Equality & non-discrimination,Comprehensive anti-discrimination legislation,C,Not implemented / no relevant action taken,"Take effective measures to eliminate discrimination on the basis of race, ethnicity, religion and sex and to stop racial profiling by law enforcement agencies",No comprehensive federal anti-discrimination legislation was adopted; supported recommendations to combat systemic racial discrimination were not implemented.,A/HRC/WG.6/50/USA/2 para. 15; A/HRC/WG.6/50/USA/3 para. 9,"UN Compilation (A/HRC/WG.6/50/USA/2), para. 15 — Special Rapporteur on minority issues: ""recommended adopting comprehensive national human rights legislation to include international human rights obligations, particularly on the recognition of the right to equality without discrimination""
Stakeholders' Summary (A/HRC/WG.6/50/USA/3), para. 9 — Human Rights Watch: ""the USA had not implemented UPR supported recommendations to combat systemic racial discrimination, further entrenching discriminatory practices"""
26.114,Switzerland,supported,Equality & non-discrimination,Comprehensive anti-discrimination legislation,C,Not implemented / no relevant action taken,"Resolutely combat all forms of discrimination by guaranteeing equitable access to justice, medical care and quality education, as well as by ensuring that the use of force and firearms by the police is in compliance with human rights",No comprehensive federal anti-discrimination legislation was adopted; supported recommendations to combat systemic racial discrimination were not implemented.,A/HRC/WG.6/50/USA/2 para. 15; A/HRC/WG.6/50/USA/3 para. 9,"UN Compilation (A/HRC/WG.6/50/USA/2), para. 15 — Special Rapporteur on minority issues: ""recommended adopting comprehensive national human rights legislation to include international human rights obligations, particularly on the recognition of the right to equality without discrimination""
Stakeholders' Summary (A/HRC/WG.6/50/USA/3), para. 9 — Human Rights Watch: ""the USA had not implemented UPR supported recommendations to combat systemic racial discrimination, further entrenching discriminatory practices"""
26.115,Republic of Korea,supported,Racial discrimination,Combat systemic racism and hate speech,C,Not implemented / no relevant action taken,Continue to pay attention to issues related to racial discrimination or hate crime and make efforts to address those issues,No national action plan against racism was adopted; systemic racism is still reported as persistent.,A/HRC/WG.6/50/USA/2 para. 12; A/HRC/WG.6/50/USA/3 para. 9,"UN Compilation (A/HRC/WG.6/50/USA/2), para. 12 — Special Rapporteur on racism: ""racially marginalized groups continued to experience persistent systemic racism""
Stakeholders' Summary (A/HRC/WG.6/50/USA/3), para. 9 — Presbyterian Church (USA): ""racial discrimination remained pervasive"""
26.116,Czechia,supported,Racial discrimination,Combat systemic racism and hate speech,C,Not implemented / no relevant action taken,Continue efforts to combat racism and discrimination against minorities and protect vulnerable groups,No national action plan against racism was adopted; systemic racism is still reported as persistent.,A/HRC/WG.6/50/USA/2 para. 12; A/HRC/WG.6/50/USA/3 para. 9,"UN Compilation (A/HRC/WG.6/50/USA/2), para. 12 — Special Rapporteur on racism: ""racially marginalized groups continued to experience persistent systemic racism""
Stakeholders' Summary (A/HRC/WG.6/50/USA/3), para. 9 — Presbyterian Church (USA): ""racial discrimination remained pervasive"""
26.117,Italy,supported,Racial discrimination,Combat systemic racism and hate speech,C,Not implemented / no relevant action taken,"Continue the efforts to prevent and combat racism, racial discrimination, xenophobia and all other forms of intolerance",No national action plan against racism was adopted; systemic racism is still reported as persistent.,A/HRC/WG.6/50/USA/2 para. 12; A/HRC/WG.6/50/USA/3 para. 9,"UN Compilation (A/HRC/WG.6/50/USA/2), para. 12 — Special Rapporteur on racism: ""racially marginalized groups continued to experience persistent systemic racism""
Stakeholders' Summary (A/HRC/WG.6/50/USA/3), para. 9 — Presbyterian Church (USA): ""racial discrimination remained pervasive"""
26.118,Lebanon,supported,Equality & non-discrimination,Comprehensive anti-discrimination legislation,C,Not implemented / no relevant action taken,"Continue efforts to combat all forms of discrimination, racial discrimination and xenophobia",No comprehensive federal anti-discrimination legislation was adopted; supported recommendations to combat systemic racial discrimination were not implemented.,A/HRC/WG.6/50/USA/2 para. 15; A/HRC/WG.6/50/USA/3 para. 9,"UN Compilation (A/HRC/WG.6/50/USA/2), para. 15 — Special Rapporteur on minority issues: ""recommended adopting comprehensive national human rights legislation to include international human rights obligations, particularly on the recognition of the right to equality without discrimination""
Stakeholders' Summary (A/HRC/WG.6/50/USA/3), para. 9 — Human Rights Watch: ""the USA had not implemented UPR supported recommendations to combat systemic racial discrimination, further entrenching discriminatory practices"""
26.119,Lesotho,supported,Equality & non-discrimination,Comprehensive anti-discrimination legislation,C,Not implemented / no relevant action taken,"Continue to put in place measures to eradicate racism, xenophobia and all forms of related intolerance across the country",No comprehensive federal anti-discrimination legislation was adopted; supported recommendations to combat systemic racial discrimination were not implemented.,A/HRC/WG.6/50/USA/2 para. 15; A/HRC/WG.6/50/USA/3 para. 9,"UN Compilation (A/HRC/WG.6/50/USA/2), para. 15 — Special Rapporteur on minority issues: ""recommended adopting comprehensive national human rights legislation to include international human rights obligations, particularly on the recognition of the right to equality without discrimination""
Stakeholders' Summary (A/HRC/WG.6/50/USA/3), para. 9 — Human Rights Watch: ""the USA had not implemented UPR supported recommendations to combat systemic racial discrimination, further entrenching discriminatory practices"""
26.120,Singapore,supported,Equality & non-discrimination,Comprehensive anti-discrimination legislation,C,Not implemented / no relevant action taken,"Continue to take concrete actions to promote inter-racial and inter-religious respect and eliminate discrimination, including by addressing the socioeconomic root causes and strengthening domestic remedies",No comprehensive federal anti-discrimination legislation was adopted; supported recommendations to combat systemic racial discrimination were not implemented.,A/HRC/WG.6/50/USA/2 para. 15; A/HRC/WG.6/50/USA/3 para. 9,"UN Compilation (A/HRC/WG.6/50/USA/2), para. 15 — Special Rapporteur on minority issues: ""recommended adopting comprehensive national human rights legislation to include international human rights obligations, particularly on the recognition of the right to equality without discrimination""
Stakeholders' Summary (A/HRC/WG.6/50/USA/3), para. 9 — Human Rights Watch: ""the USA had not implemented UPR supported recommendations to combat systemic racial discrimination, further entrenching discriminatory practices"""
26.121,Chile,supported,Equality & non-discrimination,Comprehensive anti-discrimination legislation,C,Not implemented / no relevant action taken,"Continue advancing, through federal policies, towards the elimination of all forms of racism, racial discrimination, xenophobia and related forms of structural, economic, social and cultural intolerance",No comprehensive federal anti-discrimination legislation was adopted; supported recommendations to combat systemic racial discrimination were not implemented.,A/HRC/WG.6/50/USA/2 para. 15; A/HRC/WG.6/50/USA/3 para. 9,"UN Compilation (A/HRC/WG.6/50/USA/2), para. 15 — Special Rapporteur on minority issues: ""recommended adopting comprehensive national human rights legislation to include international human rights obligations, particularly on the recognition of the right to equality without discrimination""
Stakeholders' Summary (A/HRC/WG.6/50/USA/3), para. 9 — Human Rights Watch: ""the USA had not implemented UPR supported recommendations to combat systemic racial discrimination, further entrenching discriminatory practices"""
26.122,Montenegro,supported,Equality & non-discrimination,Comprehensive anti-discrimination legislation,C,Not implemented / no relevant action taken,"Continue to promote and implement anti-discrimination policies, including those that prohibit racial discrimination and intolerance",No comprehensive federal anti-discrimination legislation was adopted; supported recommendations to combat systemic racial discrimination were not implemented.,A/HRC/WG.6/50/USA/2 para. 15; A/HRC/WG.6/50/USA/3 para. 9,"UN Compilation (A/HRC/WG.6/50/USA/2), para. 15 — Special Rapporteur on minority issues: ""recommended adopting comprehensive national human rights legislation to include international human rights obligations, particularly on the recognition of the right to equality without discrimination""
Stakeholders' Summary (A/HRC/WG.6/50/USA/3), para. 9 — Human Rights Watch: ""the USA had not implemented UPR supported recommendations to combat systemic racial discrimination, further entrenching discriminatory practices"""
26.123,Saudi Arabia,supported,Equality & non-discrimination,Comprehensive anti-discrimination legislation,C,Not implemented / no relevant action taken,"Enhance laws and legislation based on the abolition of all forms of discrimination, racism and hatred",No comprehensive federal anti-discrimination legislation was adopted; supported recommendations to combat systemic racial discrimination were not implemented.,A/HRC/WG.6/50/USA/2 para. 15; A/HRC/WG.6/50/USA/3 para. 9,"UN Compilation (A/HRC/WG.6/50/USA/2), para. 15 — Special Rapporteur on minority issues: ""recommended adopting comprehensive national human rights legislation to include international human rights obligations, particularly on the recognition of the right to equality without discrimination""
Stakeholders' Summary (A/HRC/WG.6/50/USA/3), para. 9 — Human Rights Watch: ""the USA had not implemented UPR supported recommendations to combat systemic racial discrimination, further entrenching discriminatory practices"""
26.124,Pakistan,supported,Equality & non-discrimination,Comprehensive anti-discrimination legislation,C,Not implemented / no relevant action taken,Develop an action plan to address structural discrimination with clear timelines and milestones,No comprehensive federal anti-discrimination legislation was adopted; supported recommendations to combat systemic racial discrimination were not implemented.,A/HRC/WG.6/50/USA/2 para. 15; A/HRC/WG.6/50/USA/3 para. 9,"UN Compilation (A/HRC/WG.6/50/USA/2), para. 15 — Special Rapporteur on minority issues: ""recommended adopting comprehensive national human rights legislation to include international human rights obligations, particularly on the recognition of the right to equality without discrimination""
Stakeholders' Summary (A/HRC/WG.6/50/USA/3), para. 9 — Human Rights Watch: ""the USA had not implemented UPR supported recommendations to combat systemic racial discrimination, further entrenching discriminatory practices"""
26.125,Algeria,supported,Racial discrimination,Combat systemic racism and hate speech,C,Not implemented / no relevant action taken,"Consider adopting measures to combat racial discrimination, including adopting a national action plan to combat racial discrimination, as recommended by the Committee on the Elimination of Racial Discrimination",No national action plan against racism was adopted; systemic racism is still reported as persistent.,A/HRC/WG.6/50/USA/2 para. 12; A/HRC/WG.6/50/USA/3 para. 9,"UN Compilation (A/HRC/WG.6/50/USA/2), para. 12 — Special Rapporteur on racism: ""racially marginalized groups continued to experience persistent systemic racism""
Stakeholders' Summary (A/HRC/WG.6/50/USA/3), para. 9 — Presbyterian Church (USA): ""racial discrimination remained pervasive"""
26.126,South Africa,supported,Equality & non-discrimination,Comprehensive anti-discrimination legislation,C,Not implemented / no relevant action taken,"Adopt and promote a comprehensive national plan to combat racism, racial discrimination, xenophobia and related intolerance, including incitement to hatred",No comprehensive federal anti-discrimination legislation was adopted; supported recommendations to combat systemic racial discrimination were not implemented.,A/HRC/WG.6/50/USA/2 para. 15; A/HRC/WG.6/50/USA/3 para. 9,"UN Compilation (A/HRC/WG.6/50/USA/2), para. 15 — Special Rapporteur on minority issues: ""recommended adopting comprehensive national human rights legislation to include international human rights obligations, particularly on the recognition of the right to equality without discrimination""
Stakeholders' Summary (A/HRC/WG.6/50/USA/3), para. 9 — Human Rights Watch: ""the USA had not implemented UPR supported recommendations to combat systemic racial discrimination, further entrenching discriminatory practices"""
26.127,Qatar,supported,Equality & non-discrimination,Comprehensive anti-discrimination legislation,C,Not implemented / no relevant action taken,"Adopt effective measures to enhance equality and eliminate racial discrimination and xenophobia against migrants and refugees, as well as racial, ethnic and religious minorities",No comprehensive federal anti-discrimination legislation was adopted; supported recommendations to combat systemic racial discrimination were not implemented.,A/HRC/WG.6/50/USA/2 para. 15; A/HRC/WG.6/50/USA/3 para. 9,"UN Compilation (A/HRC/WG.6/50/USA/2), para. 15 — Special Rapporteur on minority issues: ""recommended adopting comprehensive national human rights legislation to include international human rights obligations, particularly on the recognition of the right to equality without discrimination""
Stakeholders' Summary (A/HRC/WG.6/50/USA/3), para. 9 — Human Rights Watch: ""the USA had not implemented UPR supported recommendations to combat systemic racial discrimination, further entrenching discriminatory practices"""
26.128,Pakistan,noted,Equality & non-discrimination,Comprehensive anti-discrimination legislation,C,Not implemented / no relevant action taken,"Take meaningful and demonstrable steps to end Islamophobia and hate speech, including through criminalization",No comprehensive federal anti-discrimination legislation was adopted; supported recommendations to combat systemic racial discrimination were not implemented.,A/HRC/WG.6/50/USA/2 para. 15; A/HRC/WG.6/50/USA/3 para. 9,"UN Compilation (A/HRC/WG.6/50/USA/2), para. 15 — Special Rapporteur on minority issues: ""recommended adopting comprehensive national human rights legislation to include international human rights obligations, particularly on the recognition of the right to equality without discrimination""
Stakeholders' Summary (A/HRC/WG.6/50/USA/3), para. 9 — Human Rights Watch: ""the USA had not implemented UPR supported recommendations to combat systemic racial discrimination, further entrenching discriminatory practices"""
26.129,Bahrain,supported,Equality & non-discrimination,Comprehensive anti-discrimination legislation,C,Not implemented / no relevant action taken,Continue developing effective remedies to protect vulnerable groups and minorities from violent intolerance and hate speech,No comprehensive federal anti-discrimination legislation was adopted; supported recommendations to combat systemic racial discrimination were not implemented.,A/HRC/WG.6/50/USA/2 para. 15; A/HRC/WG.6/50/USA/3 para. 9,"UN Compilation (A/HRC/WG.6/50/USA/2), para. 15 — Special Rapporteur on minority issues: ""recommended adopting comprehensive national human rights legislation to include international human rights obligations, particularly on the recognition of the right to equality without discrimination""
Stakeholders' Summary (A/HRC/WG.6/50/USA/3), para. 9 — Human Rights Watch: ""the USA had not implemented UPR supported recommendations to combat systemic racial discrimination, further entrenching discriminatory practices"""
26.130,Iraq,supported,Equality & non-discrimination,Protect access to asylum and non-refoulement; limit immigration detention,E,"Contrary measures taken, or recommendation rejected","Combat racism and hate speech, especially against immigrants and asylum seekers, and reinforce their protection","Access to asylum was severely curtailed, detention without due process expanded and family separation resumed - directly contrary measures.",A/HRC/WG.6/50/USA/2 para. 69; A/HRC/WG.6/50/USA/3 para. 90,"UN Compilation (A/HRC/WG.6/50/USA/2), para. 69 — Human Rights Committee: ""measures adopted to address migration challenges excessively restricted protection of the right to seek asylum and increased the risk of breaches of the principle of refoulement""
Stakeholders' Summary (A/HRC/WG.6/50/USA/3), para. 90 — JS47: ""at the US-Mexico border, asylum had been all but eliminated"""
26.131,Nicaragua,supported,Equality & non-discrimination,Comprehensive anti-discrimination legislation,C,Not implemented / no relevant action taken,"Prioritize urgent measures to combat hate speech, discrimination, racism and xenophobia, mainly in Latino and Afrodescendant communities that face high rates of police brutality",No comprehensive federal anti-discrimination legislation was adopted; supported recommendations to combat systemic racial discrimination were not implemented.,A/HRC/WG.6/50/USA/2 para. 15; A/HRC/WG.6/50/USA/3 para. 9,"UN Compilation (A/HRC/WG.6/50/USA/2), para. 15 — Special Rapporteur on minority issues: ""recommended adopting comprehensive national human rights legislation to include international human rights obligations, particularly on the recognition of the right to equality without discrimination""
Stakeholders' Summary (A/HRC/WG.6/50/USA/3), para. 9 — Human Rights Watch: ""the USA had not implemented UPR supported recommendations to combat systemic racial discrimination, further entrenching discriminatory practices"""
26.132,Egypt,supported,Racial discrimination,Combat systemic racism and hate speech,C,Not implemented / no relevant action taken,"Take effective measures to eliminate all forms of racial discrimination, hate speech and violence, especially against people of African descent, and to strengthen racial equality in the criminal law system",No national action plan against racism was adopted; systemic racism is still reported as persistent.,A/HRC/WG.6/50/USA/2 para. 12; A/HRC/WG.6/50/USA/3 para. 9,"UN Compilation (A/HRC/WG.6/50/USA/2), para. 12 — Special Rapporteur on racism: ""racially marginalized groups continued to experience persistent systemic racism""
Stakeholders' Summary (A/HRC/WG.6/50/USA/3), para. 9 — Presbyterian Church (USA): ""racial discrimination remained pervasive"""
26.133,Mexico,supported,Equality & non-discrimination,Comprehensive anti-discrimination legislation,C,Not implemented / no relevant action taken,Take measures to eliminate discrimination and xenophobic speech and eradicate practices such as excessive use of force and racial profiling,No comprehensive federal anti-discrimination legislation was adopted; supported recommendations to combat systemic racial discrimination were not implemented.,A/HRC/WG.6/50/USA/2 para. 15; A/HRC/WG.6/50/USA/3 para. 9,"UN Compilation (A/HRC/WG.6/50/USA/2), para. 15 — Special Rapporteur on minority issues: ""recommended adopting comprehensive national human rights legislation to include international human rights obligations, particularly on the recognition of the right to equality without discrimination""
Stakeholders' Summary (A/HRC/WG.6/50/USA/3), para. 9 — Human Rights Watch: ""the USA had not implemented UPR supported recommendations to combat systemic racial discrimination, further entrenching discriminatory practices"""
26.134,Algeria,supported,Equality & non-discrimination,Comprehensive anti-discrimination legislation,C,Not implemented / no relevant action taken,Combat racial profiling and Islamophobia on a non-discriminatory basis applicable to all religious groups,No comprehensive federal anti-discrimination legislation was adopted; supported recommendations to combat systemic racial discrimination were not implemented.,A/HRC/WG.6/50/USA/2 para. 15; A/HRC/WG.6/50/USA/3 para. 9,"UN Compilation (A/HRC/WG.6/50/USA/2), para. 15 — Special Rapporteur on minority issues: ""recommended adopting comprehensive national human rights legislation to include international human rights obligations, particularly on the recognition of the right to equality without discrimination""
Stakeholders' Summary (A/HRC/WG.6/50/USA/3), para. 9 — Human Rights Watch: ""the USA had not implemented UPR supported recommendations to combat systemic racial discrimination, further entrenching discriminatory practices"""
26.135,Malaysia,supported,Equality & non-discrimination,Comprehensive anti-discrimination legislation,C,Not implemented / no relevant action taken,"Strengthen efforts to address discrimination, racial profiling, religious intolerance and incidents of Islamophobia, including when perpetrated by the authorities",No comprehensive federal anti-discrimination legislation was adopted; supported recommendations to combat systemic racial discrimination were not implemented.,A/HRC/WG.6/50/USA/2 para. 15; A/HRC/WG.6/50/USA/3 para. 9,"UN Compilation (A/HRC/WG.6/50/USA/2), para. 15 — Special Rapporteur on minority issues: ""recommended adopting comprehensive national human rights legislation to include international human rights obligations, particularly on the recognition of the right to equality without discrimination""
Stakeholders' Summary (A/HRC/WG.6/50/USA/3), para. 9 — Human Rights Watch: ""the USA had not implemented UPR supported recommendations to combat systemic racial discrimination, further entrenching discriminatory practices"""
26.136,Azerbaijan,supported,Racial discrimination,Combat systemic racism and hate speech,C,Not implemented / no relevant action taken,"Make reforms to end systematic racism against people based on their descent, race and legal status",No national action plan against racism was adopted; systemic racism is still reported as persistent.,A/HRC/WG.6/50/USA/2 para. 12; A/HRC/WG.6/50/USA/3 para. 9,"UN Compilation (A/HRC/WG.6/50/USA/2), para. 12 — Special Rapporteur on racism: ""racially marginalized groups continued to experience persistent systemic racism""
Stakeholders' Summary (A/HRC/WG.6/50/USA/3), para. 9 — Presbyterian Church (USA): ""racial discrimination remained pervasive"""
26.137,Canada,supported,Racial discrimination,Combat systemic racism and hate speech,C,Not implemented / no relevant action taken,Enhance measures to address racial disparities and discrimination and to improve police-community relations,No national action plan against racism was adopted; systemic racism is still reported as persistent.,A/HRC/WG.6/50/USA/2 para. 12; A/HRC/WG.6/50/USA/3 para. 9,"UN Compilation (A/HRC/WG.6/50/USA/2), para. 12 — Special Rapporteur on racism: ""racially marginalized groups continued to experience persistent systemic racism""
Stakeholders' Summary (A/HRC/WG.6/50/USA/3), para. 9 — Presbyterian Church (USA): ""racial discrimination remained pervasive"""
26.138,Cuba,supported,Racial discrimination,Combat systemic racism and hate speech,C,Not implemented / no relevant action taken,Stop incitement to violence and the escalation of racism and supremacism,No national action plan against racism was adopted; systemic racism is still reported as persistent.,A/HRC/WG.6/50/USA/2 para. 12; A/HRC/WG.6/50/USA/3 para. 9,"UN Compilation (A/HRC/WG.6/50/USA/2), para. 12 — Special Rapporteur on racism: ""racially marginalized groups continued to experience persistent systemic racism""
Stakeholders' Summary (A/HRC/WG.6/50/USA/3), para. 9 — Presbyterian Church (USA): ""racial discrimination remained pervasive"""
26.139,Ghana,supported,Equality & non-discrimination,Comprehensive anti-discrimination legislation,C,Not implemented / no relevant action taken,"Take steps to ensure the full implementation of domestic and international laws to end all forms of discrimination, including discrimination on the basis of race, sex and religion, and bring the perpetrators to justice",No comprehensive federal anti-discrimination legislation was adopted; supported recommendations to combat systemic racial discrimination were not implemented.,A/HRC/WG.6/50/USA/2 para. 15; A/HRC/WG.6/50/USA/3 para. 9,"UN Compilation (A/HRC/WG.6/50/USA/2), para. 15 — Special Rapporteur on minority issues: ""recommended adopting comprehensive national human rights legislation to include international human rights obligations, particularly on the recognition of the right to equality without discrimination""
Stakeholders' Summary (A/HRC/WG.6/50/USA/3), para. 9 — Human Rights Watch: ""the USA had not implemented UPR supported recommendations to combat systemic racial discrimination, further entrenching discriminatory practices"""
26.140,Iceland,supported,Equality & non-discrimination,Prohibit discrimination based on sexual orientation and gender identity,E,"Contrary measures taken, or recommendation rejected","Strengthen activities and laws aimed at eliminating discrimination in society and other forms of intolerance against minorities and other groups, including based on race, ethnicity, sexual orientation and gender identity",2025 executive orders and state-level actions targeting LGBTI people are retrogressive; the Equality Act did not pass.,A/HRC/WG.6/50/USA/2 para. 62; A/HRC/WG.6/50/USA/3 para. 89,"UN Compilation (A/HRC/WG.6/50/USA/2), para. 62 — Independent Expert on protection against violence and discrimination based on sexual orientation and gender identity: ""concerned by a widespread set of state-level legislative, executive and judicial actions aimed at regression in the protection of the human rights of LGBT persons""
Stakeholders' Summary (A/HRC/WG.6/50/USA/3), para. 89 — Human Rights Watch: ""the USA had enacted policies that reinforced discrimination against LGBT people"""
26.141,Islamic Republic of Iran,supported,Racial discrimination,Combat systemic racism and hate speech,C,Not implemented / no relevant action taken,"Take necessary measures to end systemic racism against minorities, including African-Americans",No national action plan against racism was adopted; systemic racism is still reported as persistent.,A/HRC/WG.6/50/USA/2 para. 12; A/HRC/WG.6/50/USA/3 para. 9,"UN Compilation (A/HRC/WG.6/50/USA/2), para. 12 — Special Rapporteur on racism: ""racially marginalized groups continued to experience persistent systemic racism""
Stakeholders' Summary (A/HRC/WG.6/50/USA/3), para. 9 — Presbyterian Church (USA): ""racial discrimination remained pervasive"""
26.142,China,supported,Racial discrimination,Combat systemic racism and hate speech,C,Not implemented / no relevant action taken,"Root out systemic racism, address widespread police brutality and combat discrimination against African- and Asian-Americans",No national action plan against racism was adopted; systemic racism is still reported as persistent.,A/HRC/WG.6/50/USA/2 para. 12; A/HRC/WG.6/50/USA/3 para. 9,"UN Compilation (A/HRC/WG.6/50/USA/2), para. 12 — Special Rapporteur on racism: ""racially marginalized groups continued to experience persistent systemic racism""
Stakeholders' Summary (A/HRC/WG.6/50/USA/3), para. 9 — Presbyterian Church (USA): ""racial discrimination remained pervasive"""
26.143,Kenya,supported,Equality & non-discrimination,Comprehensive anti-discrimination legislation,C,Not implemented / no relevant action taken,"Take the necessary measures to eliminate all forms of racial, gender, religious and other forms of discrimination",No comprehensive federal anti-discrimination legislation was adopted; supported recommendations to combat systemic racial discrimination were not implemented.,A/HRC/WG.6/50/USA/2 para. 15; A/HRC/WG.6/50/USA/3 para. 9,"UN Compilation (A/HRC/WG.6/50/USA/2), para. 15 — Special Rapporteur on minority issues: ""recommended adopting comprehensive national human rights legislation to include international human rights obligations, particularly on the recognition of the right to equality without discrimination""
Stakeholders' Summary (A/HRC/WG.6/50/USA/3), para. 9 — Human Rights Watch: ""the USA had not implemented UPR supported recommendations to combat systemic racial discrimination, further entrenching discriminatory practices"""
26.144,Kenya,supported,Equality & non-discrimination,"Honour Indigenous treaties and guarantee free, prior and informed consent",E,"Contrary measures taken, or recommendation rejected","Implement deliberate strategies to reduce the gap between African-Americans and the rest of the population, as well as between indigenous and non-indigenous populations, and hence reduce structural and institutional discrimination",Executive Order 14112 on Tribal self-determination and funding was revoked in March 2025; FPIC is still not guaranteed in law or practice.,A/HRC/WG.6/50/USA/2 para. 58; A/HRC/WG.6/50/USA/3 para. 83,"UN Compilation (A/HRC/WG.6/50/USA/2), para. 58 — Committee on the Elimination of Racial Discrimination; Human Rights Committee: ""recommended that the United States honour the treaties entered into with Indigenous Peoples, guarantee, in law and in practice, the principle of free, prior and informed consent""
Stakeholders' Summary (A/HRC/WG.6/50/USA/3), para. 83 — Several submissions (OHCHR summary): ""Executive Order 14112, which had expanded access of Tribal Nations to federal funding and self-determination ... was revoked in March 2025"""
26.145,Myanmar,supported,Equality & non-discrimination,Comprehensive anti-discrimination legislation,C,Not implemented / no relevant action taken,"Address issues of racism, xenophobia and bullying among children at schools",No comprehensive federal anti-discrimination legislation was adopted; supported recommendations to combat systemic racial discrimination were not implemented.,A/HRC/WG.6/50/USA/2 para. 15; A/HRC/WG.6/50/USA/3 para. 9,"UN Compilation (A/HRC/WG.6/50/USA/2), para. 15 — Special Rapporteur on minority issues: ""recommended adopting comprehensive national human rights legislation to include international human rights obligations, particularly on the recognition of the right to equality without discrimination""
Stakeholders' Summary (A/HRC/WG.6/50/USA/3), para. 9 — Human Rights Watch: ""the USA had not implemented UPR supported recommendations to combat systemic racial discrimination, further entrenching discriminatory practices"""
26.146,Belgium,supported,Equality & non-discrimination,Prohibit discrimination based on sexual orientation and gender identity,E,"Contrary measures taken, or recommendation rejected","Take all possible steps at the state and federal levels to prohibit discrimination based on sexual orientation or gender identity in credit, education, employment, housing, jury service, public accommodation and taxpayer-funded programmes",2025 executive orders and state-level actions targeting LGBTI people are retrogressive; the Equality Act did not pass.,A/HRC/WG.6/50/USA/2 para. 62; A/HRC/WG.6/50/USA/3 para. 89,"UN Compilation (A/HRC/WG.6/50/USA/2), para. 62 — Independent Expert on protection against violence and discrimination based on sexual orientation and gender identity: ""concerned by a widespread set of state-level legislative, executive and judicial actions aimed at regression in the protection of the human rights of LGBT persons""
Stakeholders' Summary (A/HRC/WG.6/50/USA/3), para. 89 — Human Rights Watch: ""the USA had enacted policies that reinforced discrimination against LGBT people"""
26.147,France,supported,Equality & non-discrimination,Prohibit discrimination based on sexual orientation and gender identity,E,"Contrary measures taken, or recommendation rejected","Guarantee the protection of lesbian, gay, bisexual, transgender and intersex persons and put an end to the discrimination they suffer",2025 executive orders and state-level actions targeting LGBTI people are retrogressive; the Equality Act did not pass.,A/HRC/WG.6/50/USA/2 para. 62; A/HRC/WG.6/50/USA/3 para. 89,"UN Compilation (A/HRC/WG.6/50/USA/2), para. 62 — Independent Expert on protection against violence and discrimination based on sexual orientation and gender identity: ""concerned by a widespread set of state-level legislative, executive and judicial actions aimed at regression in the protection of the human rights of LGBT persons""
Stakeholders' Summary (A/HRC/WG.6/50/USA/3), para. 89 — Human Rights Watch: ""the USA had enacted policies that reinforced discrimination against LGBT people"""
26.148,Malta,supported,Equality & non-discrimination,Prohibit discrimination based on sexual orientation and gender identity,E,"Contrary measures taken, or recommendation rejected","Strengthen measures to prevent and combat violence, especially the rate of murder of transgender women of colour, as well as the violence experienced by the broader lesbian, gay, bisexual and transgender community",2025 executive orders and state-level actions targeting LGBTI people are retrogressive; the Equality Act did not pass.,A/HRC/WG.6/50/USA/2 para. 62; A/HRC/WG.6/50/USA/3 para. 89,"UN Compilation (A/HRC/WG.6/50/USA/2), para. 62 — Independent Expert on protection against violence and discrimination based on sexual orientation and gender identity: ""concerned by a widespread set of state-level legislative, executive and judicial actions aimed at regression in the protection of the human rights of LGBT persons""
Stakeholders' Summary (A/HRC/WG.6/50/USA/3), para. 89 — Human Rights Watch: ""the USA had enacted policies that reinforced discrimination against LGBT people"""
26.149,Costa Rica,supported,Violence against women,Eliminate violence against women and girls,C,Not implemented / no relevant action taken,Implement the commitment made at the Nairobi summit to increase the financing of development cooperation for the prevention of female genital mutilation and child and forced marriage,"Persistent violence against women is still recorded as a serious concern, with Indigenous women and girls disproportionately affected and no comprehensive data; 2025 brought funding cuts.",A/HRC/WG.6/50/USA/2 para. 53; A/HRC/WG.6/50/USA/3 para. 70,"UN Compilation (A/HRC/WG.6/50/USA/2), para. 53 — Human Rights Committee: ""expressed concern about the persistence of violence against women and about Indigenous women and girls being disproportionally affected by violence, homicide and disappearances""
Stakeholders' Summary (A/HRC/WG.6/50/USA/3), para. 70 — GFG (Global Freedom Group): ""reported funding cuts to the Violence Against Women Act and domestic violence programmes"""
26.150,Bahamas,supported,Human rights & climate change,Climate-change mitigation and adaptation,E,"Contrary measures taken, or recommendation rejected",Advance towards the implementation of instruments to combat climate change and its negative impacts on human rights,Contrary measures: renewed withdrawal from the Paris Agreement and 2025 executive orders reviving fossil fuels and abolishing decarbonisation targets.,A/HRC/WG.6/50/USA/2 para. 50; A/HRC/WG.6/50/USA/3 para. 67,"UN Compilation (A/HRC/WG.6/50/USA/2), para. 50 — Human Rights Committee: ""recommended that the United States intensify efforts to prevent and mitigate the effects of climate change and environmental degradation""
Stakeholders' Summary (A/HRC/WG.6/50/USA/3), para. 67 — JS3: ""the elimination of 70 climate change initiatives and the abolition of federal targets to reduce emissions and decarbonise by 2035""
Stakeholders' Summary (A/HRC/WG.6/50/USA/3), para. 67 — GAF (Geneva Agape Foundation): ""several 2025 Executive Orders revisited some measures to reduce carbon dioxide emissions, increased the leasing of public lands to oil and gas development"""
26.151,Fiji,supported,Human rights & climate change,Climate-change mitigation and adaptation,E,"Contrary measures taken, or recommendation rejected","Intensify efforts to develop and strengthen the necessary legislative frameworks that address cross-sectoral environmental challenges, including climate change adaptation and mitigation frameworks",Contrary measures: renewed withdrawal from the Paris Agreement and 2025 executive orders reviving fossil fuels and abolishing decarbonisation targets.,A/HRC/WG.6/50/USA/2 para. 50; A/HRC/WG.6/50/USA/3 para. 67,"UN Compilation (A/HRC/WG.6/50/USA/2), para. 50 — Human Rights Committee: ""recommended that the United States intensify efforts to prevent and mitigate the effects of climate change and environmental degradation""
Stakeholders' Summary (A/HRC/WG.6/50/USA/3), para. 67 — JS3: ""the elimination of 70 climate change initiatives and the abolition of federal targets to reduce emissions and decarbonise by 2035""
Stakeholders' Summary (A/HRC/WG.6/50/USA/3), para. 67 — GAF (Geneva Agape Foundation): ""several 2025 Executive Orders revisited some measures to reduce carbon dioxide emissions, increased the leasing of public lands to oil and gas development"""
26.152,Haiti,supported,Human rights & climate change,Climate-change mitigation and adaptation,E,"Contrary measures taken, or recommendation rejected","Pursue the fight against the global problem of climate change and its negative impacts, in particular by strengthening cooperation with the international community in this area",Contrary measures: renewed withdrawal from the Paris Agreement and 2025 executive orders reviving fossil fuels and abolishing decarbonisation targets.,A/HRC/WG.6/50/USA/2 para. 50; A/HRC/WG.6/50/USA/3 para. 67,"UN Compilation (A/HRC/WG.6/50/USA/2), para. 50 — Human Rights Committee: ""recommended that the United States intensify efforts to prevent and mitigate the effects of climate change and environmental degradation""
Stakeholders' Summary (A/HRC/WG.6/50/USA/3), para. 67 — JS3: ""the elimination of 70 climate change initiatives and the abolition of federal targets to reduce emissions and decarbonise by 2035""
Stakeholders' Summary (A/HRC/WG.6/50/USA/3), para. 67 — GAF (Geneva Agape Foundation): ""several 2025 Executive Orders revisited some measures to reduce carbon dioxide emissions, increased the leasing of public lands to oil and gas development"""
26.153,State of Palestine,supported,Business & Human Rights,"Business and human rights, including mandatory due diligence",C,Not implemented / no relevant action taken,"Ensure that its policies, legislation, regulations and enforcement measures effectively serve to prevent and address the heightened risk of business involvement in abuses in conflict situations, which includes situations of foreign occupation",No updated national action plan; mandatory human-rights due-diligence legislation was not adopted.,A/HRC/WG.6/50/USA/2 para. 51; A/HRC/WG.6/50/USA/3 para. 69,"UN Compilation (A/HRC/WG.6/50/USA/2), para. 51 — Several special procedure mandate holders: ""urged businesses in the United States to reaffirm their commitment to diversity, equity and inclusion principles, uphold their human rights responsibilities under the Guiding Principles on Business and Human Rights""
Stakeholders' Summary (A/HRC/WG.6/50/USA/3), para. 69 — JS65: ""requested the USA to require businesses to conduct human rights due diligence in conflict-affected contexts and develop policies to protect human rights defenders"""
26.154,Marshall Islands,noted,Human rights & toxics / hazardous wastes,Clean up toxic contamination affecting minority communities,C,Not implemented / no relevant action taken,Respond appropriately to the substance of the relevant recommendations made by the Special Rapporteur on the implications for human rights of the environmentally sound management and disposal of hazardous substances and wastes in the 2012 report on his visit to the United States and the Marshall Islands,Toxic-waste clean-up in disproportionately affected communities was still being urged; no national plan. 'Noted'.,A/HRC/WG.6/50/USA/2 para. 49,"UN Compilation (A/HRC/WG.6/50/USA/2), para. 49 — Special Rapporteur on racism: ""recommended urgently cleaning up toxic waste and environmental contamination, particularly in areas where it was having a disproportionate impact on marginalized racial and ethnic groups, including in the overseas territories"""
26.155,Syrian Arab Republic,noted,Unilateral coercive measures,Lift unilateral sanctions / embargoes,C,Not implemented / no relevant action taken,Abolish all laws and executive orders imposing unilateral coercive measures,Unilateral sanctions regimes were maintained and expanded; all 'noted'.,A/HRC/WG.6/50/USA/3 para. 30; A/HRC/WG.6/50/USA/3 para. 31,"Stakeholders' Summary (A/HRC/WG.6/50/USA/3), para. 30 — IPLSA (International Probono Legal Services Association): ""their prolonged and unchecked application raised concerns regarding compliance with international law and human rights standards ... thereby creating de facto perpetual states of emergency in those countries""
Stakeholders' Summary (A/HRC/WG.6/50/USA/3), para. 31 — ADVT (Association for Defending Victims of Terrorism): ""recommended the USA to immediately lift all unilateral sanctions that negatively affect civilian populations"""
26.156,Bolivarian Republic of Venezuela,noted,Unilateral coercive measures,Lift unilateral sanctions / embargoes,C,Not implemented / no relevant action taken,Repeal the infamous unilateral coercive measures it imposes on the Bolivarian Republic of Venezuela and on other sovereign countries,Unilateral sanctions regimes were maintained and expanded; all 'noted'.,A/HRC/WG.6/50/USA/3 para. 30; A/HRC/WG.6/50/USA/3 para. 31,"Stakeholders' Summary (A/HRC/WG.6/50/USA/3), para. 30 — IPLSA (International Probono Legal Services Association): ""their prolonged and unchecked application raised concerns regarding compliance with international law and human rights standards ... thereby creating de facto perpetual states of emergency in those countries""
Stakeholders' Summary (A/HRC/WG.6/50/USA/3), para. 31 — ADVT (Association for Defending Victims of Terrorism): ""recommended the USA to immediately lift all unilateral sanctions that negatively affect civilian populations"""
26.157,China,noted,Unilateral coercive measures,Lift unilateral sanctions / embargoes,C,Not implemented / no relevant action taken,Lift unilateral coercive measures immediately and refrain from infringing upon the human rights of people of other countries,Unilateral sanctions regimes were maintained and expanded; all 'noted'.,A/HRC/WG.6/50/USA/3 para. 30; A/HRC/WG.6/50/USA/3 para. 31,"Stakeholders' Summary (A/HRC/WG.6/50/USA/3), para. 30 — IPLSA (International Probono Legal Services Association): ""their prolonged and unchecked application raised concerns regarding compliance with international law and human rights standards ... thereby creating de facto perpetual states of emergency in those countries""
Stakeholders' Summary (A/HRC/WG.6/50/USA/3), para. 31 — ADVT (Association for Defending Victims of Terrorism): ""recommended the USA to immediately lift all unilateral sanctions that negatively affect civilian populations"""
26.158,Cuba,noted,Unilateral coercive measures,Lift unilateral sanctions / embargoes,C,Not implemented / no relevant action taken,"Recognize and respect the human rights to peace, development and international solidarity through the renunciation of aggression, interference and unilateral coercive measures",Unilateral sanctions regimes were maintained and expanded; all 'noted'.,A/HRC/WG.6/50/USA/3 para. 30; A/HRC/WG.6/50/USA/3 para. 31,"Stakeholders' Summary (A/HRC/WG.6/50/USA/3), para. 30 — IPLSA (International Probono Legal Services Association): ""their prolonged and unchecked application raised concerns regarding compliance with international law and human rights standards ... thereby creating de facto perpetual states of emergency in those countries""
Stakeholders' Summary (A/HRC/WG.6/50/USA/3), para. 31 — ADVT (Association for Defending Victims of Terrorism): ""recommended the USA to immediately lift all unilateral sanctions that negatively affect civilian populations"""
26.159,Islamic Republic of Iran,noted,Unilateral coercive measures,Lift unilateral sanctions / embargoes,C,Not implemented / no relevant action taken,"Stop imposing unilateral coercive measures and embargoes on other nations, which have caused widespread and gross violations of human rights, and cooperate with the Special Rapporteur on the negative impact of unilateral coercive measures on the enjoyment of human rights",Unilateral sanctions regimes were maintained and expanded; all 'noted'.,A/HRC/WG.6/50/USA/3 para. 30; A/HRC/WG.6/50/USA/3 para. 31,"Stakeholders' Summary (A/HRC/WG.6/50/USA/3), para. 30 — IPLSA (International Probono Legal Services Association): ""their prolonged and unchecked application raised concerns regarding compliance with international law and human rights standards ... thereby creating de facto perpetual states of emergency in those countries""
Stakeholders' Summary (A/HRC/WG.6/50/USA/3), para. 31 — ADVT (Association for Defending Victims of Terrorism): ""recommended the USA to immediately lift all unilateral sanctions that negatively affect civilian populations"""
26.160,Islamic Republic of Iran,noted,"International criminal & humanitarian law (including crimes against humanity, war crimes, genocide)",Rescind sanctions on the International Criminal Court,E,"Contrary measures taken, or recommendation rejected",Cooperate with the International Criminal Court in the investigation of war crimes by the United States military in Afghanistan,"The recommendation was to lift or rescind the sanctions on the International Criminal Court; instead the United States maintained them and in 2025 imposed further sanctions (Executive Order 14203), including against the Court's judges and staff.",A/HRC/WG.6/50/USA/2 para. 25; A/HRC/WG.6/50/USA/3 para. 6,"UN Compilation (A/HRC/WG.6/50/USA/2), para. 25 — Several special procedure mandate holders: ""condemned the executive order imposing sanctions on the International Criminal Court ... by sanctioning the Court, the United States weakened the post-Nuremberg commitment to international criminal justice""
Stakeholders' Summary (A/HRC/WG.6/50/USA/3), para. 6 — Several submissions (OHCHR summary): ""Recommendations were made to the USA to ... rescind the Executive Order 14203 sanctioning the ICC and its staff""
UN Compilation (A/HRC/WG.6/50/USA/2), para. 25 — United Nations High Commissioner for Human Rights: ""expressed concerns about sanctions against judges of the Court and called for the prompt reconsideration and withdrawal of those measures"""
26.161,Bolivarian Republic of; Nicaragua,noted,Unilateral coercive measures,Lift unilateral sanctions / embargoes,C,Not implemented / no relevant action taken,"Put an end to sanctions and unilateral coercive measures, which undermine the sovereignty and self-determination of the peoples of the world and, in our America, of Cuba, Nicaragua and Venezuela",Unilateral sanctions regimes were maintained and expanded; all 'noted'.,A/HRC/WG.6/50/USA/3 para. 30; A/HRC/WG.6/50/USA/3 para. 31,"Stakeholders' Summary (A/HRC/WG.6/50/USA/3), para. 30 — IPLSA (International Probono Legal Services Association): ""their prolonged and unchecked application raised concerns regarding compliance with international law and human rights standards ... thereby creating de facto perpetual states of emergency in those countries""
Stakeholders' Summary (A/HRC/WG.6/50/USA/3), para. 31 — ADVT (Association for Defending Victims of Terrorism): ""recommended the USA to immediately lift all unilateral sanctions that negatively affect civilian populations"""
26.162,Lebanon,supported,Right to physical & moral integrity,End excessive use of force,C,Not implemented / no relevant action taken,Continue efforts to limit armed violence and crimes by regulating the possession and use of arms,No federal use-of-force legislation and reversal of the 2022 accountable-policing executive order.,A/HRC/WG.6/50/USA/2 para. 17,"UN Compilation (A/HRC/WG.6/50/USA/2), para. 17 — International Independent Expert Mechanism to Advance Racial Justice and Equality in Law Enforcement; Special Rapporteur on minority issues; High Commissioner: ""expressed concern about police killings of and violence and brutality towards African Americans"""
26.163,Botswana,supported,Right to physical & moral integrity,End excessive use of force,C,Not implemented / no relevant action taken,"Take further and more targeted measures to address the disproportionate impact of violence on the poor, minorities and immigrant women, and expedite the ratification of the Convention on the Elimination of All Forms of Discrimination against Women and the Convention on the Rights of the Child",No federal use-of-force legislation and reversal of the 2022 accountable-policing executive order.,A/HRC/WG.6/50/USA/2 para. 17,"UN Compilation (A/HRC/WG.6/50/USA/2), para. 17 — International Independent Expert Mechanism to Advance Racial Justice and Equality in Law Enforcement; Special Rapporteur on minority issues; High Commissioner: ""expressed concern about police killings of and violence and brutality towards African Americans"""
26.164,Malaysia,supported,"Prohibition of torture & ill-treatment (including cruel, inhuman or degrading treatment)",Criminalise torture and provide redress for rendition victims,C,Not implemented / no relevant action taken,Prohibit torture in detention and ensure detainees have access to fair trials and full redress,No specific federal offence of torture was enacted; rendition-programme victims remain uncompensated.,A/HRC/WG.6/50/USA/2 para. 21; A/HRC/WG.6/50/USA/2 para. 27,"UN Compilation (A/HRC/WG.6/50/USA/2), para. 21 — Human Rights Committee: ""the United States should review its position regarding the establishment of a specific offence of torture, enact legislation prohibiting torture in line with international law""
UN Compilation (A/HRC/WG.6/50/USA/2), para. 27 — Special Rapporteur on ... human rights ... while countering terrorism: ""none of the former detainees had been compensated for the systematic crimes of extraordinary rendition, torture, cruel, inhuman and degrading treatment and arbitrary detention"""
26.165,Islamic Republic of Iran,noted,Arbitrary arrest & detention,End arbitrary detention,C,Not implemented / no relevant action taken,End the arbitrary detention of many Iranians under bogus allegations of violating its unlawful sanctions,No indication of change; recommendation 'noted'.,A/HRC/WG.6/50/USA/2 para. 26,"UN Compilation (A/HRC/WG.6/50/USA/2), para. 26 — Committee on the Elimination of Racial Discrimination: ""highlighted the continued arbitrary detention of non-citizens at the Guantanamo Bay facility, without effective and equal access to the ordinary criminal justice system"""
26.166,Syrian Arab Republic,noted,"International criminal & humanitarian law (including crimes against humanity, war crimes, genocide)","ICC, accountability for war crimes and drone strikes",E,"Contrary measures taken, or recommendation rejected",Put an end to the occupation of the Syrian territories and address its consequences in accordance with international humanitarian law and international human rights law,"Contrary measures: sanctions on the ICC, transfer of cluster munitions, and pardons for contractors convicted of war crimes. Mostly 'noted'.",A/HRC/WG.6/50/USA/2 para. 25; A/HRC/WG.6/50/USA/2 para. 23; A/HRC/WG.6/50/USA/2 para. 24,"UN Compilation (A/HRC/WG.6/50/USA/2), para. 25 — Several special procedure mandate holders: ""condemned the executive order imposing sanctions on the International Criminal Court ... by sanctioning the Court, the United States weakened the post-Nuremberg commitment to international criminal justice""
UN Compilation (A/HRC/WG.6/50/USA/2), para. 23 — Special Rapporteur on torture and other cruel, inhuman or degrading treatment or punishment: ""urged the United States to reconsider its decision to transfer cluster munitions to a third country as those weapons posed a serious and indiscriminate threat to civilians""
UN Compilation (A/HRC/WG.6/50/USA/2), para. 24 — Several special procedure mandate holders: ""the pardons granted to four private security contractors convicted for war crimes in a third country violated United States obligations under international law"""
26.167,Syrian Arab Republic,noted,"International criminal & humanitarian law (including crimes against humanity, war crimes, genocide)","ICC, accountability for war crimes and drone strikes",E,"Contrary measures taken, or recommendation rejected","Hold United States political and military personnel to account for war crimes committed by the United States military forces in the Syrian Arab Republic, including in Raqqa and Deir Azzur","Contrary measures: sanctions on the ICC, transfer of cluster munitions, and pardons for contractors convicted of war crimes. Mostly 'noted'.",A/HRC/WG.6/50/USA/2 para. 25; A/HRC/WG.6/50/USA/2 para. 23; A/HRC/WG.6/50/USA/2 para. 24,"UN Compilation (A/HRC/WG.6/50/USA/2), para. 25 — Several special procedure mandate holders: ""condemned the executive order imposing sanctions on the International Criminal Court ... by sanctioning the Court, the United States weakened the post-Nuremberg commitment to international criminal justice""
UN Compilation (A/HRC/WG.6/50/USA/2), para. 23 — Special Rapporteur on torture and other cruel, inhuman or degrading treatment or punishment: ""urged the United States to reconsider its decision to transfer cluster munitions to a third country as those weapons posed a serious and indiscriminate threat to civilians""
UN Compilation (A/HRC/WG.6/50/USA/2), para. 24 — Several special procedure mandate holders: ""the pardons granted to four private security contractors convicted for war crimes in a third country violated United States obligations under international law"""
26.168,Syrian Arab Republic,noted,"International criminal & humanitarian law (including crimes against humanity, war crimes, genocide)","ICC, accountability for war crimes and drone strikes",E,"Contrary measures taken, or recommendation rejected",End immediately the pillage of Syrian natural resources and compensate for that pillage in accordance with international law,"Contrary measures: sanctions on the ICC, transfer of cluster munitions, and pardons for contractors convicted of war crimes. Mostly 'noted'.",A/HRC/WG.6/50/USA/2 para. 25; A/HRC/WG.6/50/USA/2 para. 23; A/HRC/WG.6/50/USA/2 para. 24,"UN Compilation (A/HRC/WG.6/50/USA/2), para. 25 — Several special procedure mandate holders: ""condemned the executive order imposing sanctions on the International Criminal Court ... by sanctioning the Court, the United States weakened the post-Nuremberg commitment to international criminal justice""
UN Compilation (A/HRC/WG.6/50/USA/2), para. 23 — Special Rapporteur on torture and other cruel, inhuman or degrading treatment or punishment: ""urged the United States to reconsider its decision to transfer cluster munitions to a third country as those weapons posed a serious and indiscriminate threat to civilians""
UN Compilation (A/HRC/WG.6/50/USA/2), para. 24 — Several special procedure mandate holders: ""the pardons granted to four private security contractors convicted for war crimes in a third country violated United States obligations under international law"""
26.169,Syrian Arab Republic,noted,"International criminal & humanitarian law (including crimes against humanity, war crimes, genocide)","ICC, accountability for war crimes and drone strikes",E,"Contrary measures taken, or recommendation rejected",Stop any support to terrorists and separatist militias,"Contrary measures: sanctions on the ICC, transfer of cluster munitions, and pardons for contractors convicted of war crimes. Mostly 'noted'.",A/HRC/WG.6/50/USA/2 para. 25; A/HRC/WG.6/50/USA/2 para. 23; A/HRC/WG.6/50/USA/2 para. 24,"UN Compilation (A/HRC/WG.6/50/USA/2), para. 25 — Several special procedure mandate holders: ""condemned the executive order imposing sanctions on the International Criminal Court ... by sanctioning the Court, the United States weakened the post-Nuremberg commitment to international criminal justice""
UN Compilation (A/HRC/WG.6/50/USA/2), para. 23 — Special Rapporteur on torture and other cruel, inhuman or degrading treatment or punishment: ""urged the United States to reconsider its decision to transfer cluster munitions to a third country as those weapons posed a serious and indiscriminate threat to civilians""
UN Compilation (A/HRC/WG.6/50/USA/2), para. 24 — Several special procedure mandate holders: ""the pardons granted to four private security contractors convicted for war crimes in a third country violated United States obligations under international law"""
26.170,Syrian Arab Republic,noted,"International criminal & humanitarian law (including crimes against humanity, war crimes, genocide)","ICC, accountability for war crimes and drone strikes",E,"Contrary measures taken, or recommendation rejected","End any extrajudicial killing crimes or threats thereof, especially during acts of aggression committed outside its territories","Contrary measures: sanctions on the ICC, transfer of cluster munitions, and pardons for contractors convicted of war crimes. Mostly 'noted'.",A/HRC/WG.6/50/USA/2 para. 25; A/HRC/WG.6/50/USA/2 para. 23; A/HRC/WG.6/50/USA/2 para. 24,"UN Compilation (A/HRC/WG.6/50/USA/2), para. 25 — Several special procedure mandate holders: ""condemned the executive order imposing sanctions on the International Criminal Court ... by sanctioning the Court, the United States weakened the post-Nuremberg commitment to international criminal justice""
UN Compilation (A/HRC/WG.6/50/USA/2), para. 23 — Special Rapporteur on torture and other cruel, inhuman or degrading treatment or punishment: ""urged the United States to reconsider its decision to transfer cluster munitions to a third country as those weapons posed a serious and indiscriminate threat to civilians""
UN Compilation (A/HRC/WG.6/50/USA/2), para. 24 — Several special procedure mandate holders: ""the pardons granted to four private security contractors convicted for war crimes in a third country violated United States obligations under international law"""
26.171,Islamic Republic of Iran,noted,"International criminal & humanitarian law (including crimes against humanity, war crimes, genocide)","ICC, accountability for war crimes and drone strikes",E,"Contrary measures taken, or recommendation rejected","End systematic arbitrary killings by drones and prosecute and punish all involved in the criminal assassination of Iranian nationals, including General Soleimani, the antiterrorism hero, also recognized as such by the United Nations Special Rapporteur on extrajudicial, summary or arbitrary executions","Contrary measures: sanctions on the ICC, transfer of cluster munitions, and pardons for contractors convicted of war crimes. Mostly 'noted'.",A/HRC/WG.6/50/USA/2 para. 25; A/HRC/WG.6/50/USA/2 para. 23; A/HRC/WG.6/50/USA/2 para. 24,"UN Compilation (A/HRC/WG.6/50/USA/2), para. 25 — Several special procedure mandate holders: ""condemned the executive order imposing sanctions on the International Criminal Court ... by sanctioning the Court, the United States weakened the post-Nuremberg commitment to international criminal justice""
UN Compilation (A/HRC/WG.6/50/USA/2), para. 23 — Special Rapporteur on torture and other cruel, inhuman or degrading treatment or punishment: ""urged the United States to reconsider its decision to transfer cluster munitions to a third country as those weapons posed a serious and indiscriminate threat to civilians""
UN Compilation (A/HRC/WG.6/50/USA/2), para. 24 — Several special procedure mandate holders: ""the pardons granted to four private security contractors convicted for war crimes in a third country violated United States obligations under international law"""
26.172,Islamic Republic of Iran,noted,"International criminal & humanitarian law (including crimes against humanity, war crimes, genocide)","ICC, accountability for war crimes and drone strikes",E,"Contrary measures taken, or recommendation rejected",End its complicity in atrocities committed by Saudi forces against Yemeni people and by the Israeli regime against Palestinians and stop selling arms to them,"Contrary measures: sanctions on the ICC, transfer of cluster munitions, and pardons for contractors convicted of war crimes. Mostly 'noted'.",A/HRC/WG.6/50/USA/2 para. 25; A/HRC/WG.6/50/USA/2 para. 23; A/HRC/WG.6/50/USA/2 para. 24,"UN Compilation (A/HRC/WG.6/50/USA/2), para. 25 — Several special procedure mandate holders: ""condemned the executive order imposing sanctions on the International Criminal Court ... by sanctioning the Court, the United States weakened the post-Nuremberg commitment to international criminal justice""
UN Compilation (A/HRC/WG.6/50/USA/2), para. 23 — Special Rapporteur on torture and other cruel, inhuman or degrading treatment or punishment: ""urged the United States to reconsider its decision to transfer cluster munitions to a third country as those weapons posed a serious and indiscriminate threat to civilians""
UN Compilation (A/HRC/WG.6/50/USA/2), para. 24 — Several special procedure mandate holders: ""the pardons granted to four private security contractors convicted for war crimes in a third country violated United States obligations under international law"""
26.173,China,noted,"International criminal & humanitarian law (including crimes against humanity, war crimes, genocide)","ICC, accountability for war crimes and drone strikes",E,"Contrary measures taken, or recommendation rejected","Stop the use of torture in antiterrorism operations, halt military intervention in other countries and stop killing civilians in military operations","Contrary measures: sanctions on the ICC, transfer of cluster munitions, and pardons for contractors convicted of war crimes. Mostly 'noted'.",A/HRC/WG.6/50/USA/2 para. 25; A/HRC/WG.6/50/USA/2 para. 23; A/HRC/WG.6/50/USA/2 para. 24,"UN Compilation (A/HRC/WG.6/50/USA/2), para. 25 — Several special procedure mandate holders: ""condemned the executive order imposing sanctions on the International Criminal Court ... by sanctioning the Court, the United States weakened the post-Nuremberg commitment to international criminal justice""
UN Compilation (A/HRC/WG.6/50/USA/2), para. 23 — Special Rapporteur on torture and other cruel, inhuman or degrading treatment or punishment: ""urged the United States to reconsider its decision to transfer cluster munitions to a third country as those weapons posed a serious and indiscriminate threat to civilians""
UN Compilation (A/HRC/WG.6/50/USA/2), para. 24 — Several special procedure mandate holders: ""the pardons granted to four private security contractors convicted for war crimes in a third country violated United States obligations under international law"""
26.174,Democratic People ’ s Republic of Korea,noted,Human rights & counter-terrorism,Close Guantanamo and end indefinite detention,B,"Partially implemented / steps taken, further action needed",Take legal and practical measures to close illegal United States secret detention facilities and end violations by United States forces in foreign lands,"Twenty-five detainees were transferred from Guantanamo Bay since the last review and some conditions improved, but 15 men remain in indefinite detention and the facility is not closed.",A/HRC/WG.6/50/USA/3 para. 28; A/HRC/WG.6/50/USA/2 para. 28,"Stakeholders' Summary (A/HRC/WG.6/50/USA/3), para. 28 — Amnesty International: ""15 men were still arbitrarily and indefinitely detained at Guantanamo Bay, following the transfer of 25 detainees since the previous review""
UN Compilation (A/HRC/WG.6/50/USA/2), para. 28 — Special Rapporteur on the promotion and protection of human rights and fundamental freedoms while countering terrorism: ""urged the United States to close the Guantanamo Bay detention facility, while preserving it to ensure independent and effective investigation of torture""
UN Compilation (A/HRC/WG.6/50/USA/2), para. 28 — Human Rights Committee: ""recommended expediting the transfer of detainees designated for transfer from that facility and putting an end to administrative detention without charge or trial"""
26.175,Bolivarian Republic of Venezuela,supported,Human rights & counter-terrorism,Close Guantanamo and end indefinite detention,B,"Partially implemented / steps taken, further action needed",Close Guantanamo and guarantee the rights of detainees,"Twenty-five detainees were transferred from Guantanamo Bay since the last review and some conditions improved, but 15 men remain in indefinite detention and the facility is not closed.",A/HRC/WG.6/50/USA/3 para. 28; A/HRC/WG.6/50/USA/2 para. 28,"Stakeholders' Summary (A/HRC/WG.6/50/USA/3), para. 28 — Amnesty International: ""15 men were still arbitrarily and indefinitely detained at Guantanamo Bay, following the transfer of 25 detainees since the previous review""
UN Compilation (A/HRC/WG.6/50/USA/2), para. 28 — Special Rapporteur on the promotion and protection of human rights and fundamental freedoms while countering terrorism: ""urged the United States to close the Guantanamo Bay detention facility, while preserving it to ensure independent and effective investigation of torture""
UN Compilation (A/HRC/WG.6/50/USA/2), para. 28 — Human Rights Committee: ""recommended expediting the transfer of detainees designated for transfer from that facility and putting an end to administrative detention without charge or trial"""
26.176,France,supported,Human rights & counter-terrorism,Close Guantanamo and end indefinite detention,B,"Partially implemented / steps taken, further action needed",Close as soon as possible the Guantanamo detention centre,"Twenty-five detainees were transferred from Guantanamo Bay since the last review and some conditions improved, but 15 men remain in indefinite detention and the facility is not closed.",A/HRC/WG.6/50/USA/3 para. 28; A/HRC/WG.6/50/USA/2 para. 28,"Stakeholders' Summary (A/HRC/WG.6/50/USA/3), para. 28 — Amnesty International: ""15 men were still arbitrarily and indefinitely detained at Guantanamo Bay, following the transfer of 25 detainees since the previous review""
UN Compilation (A/HRC/WG.6/50/USA/2), para. 28 — Special Rapporteur on the promotion and protection of human rights and fundamental freedoms while countering terrorism: ""urged the United States to close the Guantanamo Bay detention facility, while preserving it to ensure independent and effective investigation of torture""
UN Compilation (A/HRC/WG.6/50/USA/2), para. 28 — Human Rights Committee: ""recommended expediting the transfer of detainees designated for transfer from that facility and putting an end to administrative detention without charge or trial"""
26.177,Nicaragua,supported,Human rights & counter-terrorism,Close Guantanamo and end indefinite detention,B,"Partially implemented / steps taken, further action needed","Close totally illegal extraterritorial prisons, especially at Guantanamo, a territory illegally occupied by the United States","Twenty-five detainees were transferred from Guantanamo Bay since the last review and some conditions improved, but 15 men remain in indefinite detention and the facility is not closed.",A/HRC/WG.6/50/USA/3 para. 28; A/HRC/WG.6/50/USA/2 para. 28,"Stakeholders' Summary (A/HRC/WG.6/50/USA/3), para. 28 — Amnesty International: ""15 men were still arbitrarily and indefinitely detained at Guantanamo Bay, following the transfer of 25 detainees since the previous review""
UN Compilation (A/HRC/WG.6/50/USA/2), para. 28 — Special Rapporteur on the promotion and protection of human rights and fundamental freedoms while countering terrorism: ""urged the United States to close the Guantanamo Bay detention facility, while preserving it to ensure independent and effective investigation of torture""
UN Compilation (A/HRC/WG.6/50/USA/2), para. 28 — Human Rights Committee: ""recommended expediting the transfer of detainees designated for transfer from that facility and putting an end to administrative detention without charge or trial"""
26.178,Romania,supported,Death penalty,Federal moratorium on / abolition of the death penalty,E,"Contrary measures taken, or recommendation rejected",Continue the efforts towards the abolition of the death penalty,"Executive Order 14164 (2025) reinstated and directed preservation of the federal death penalty, reversing the 2021 moratorium; executions resumed.",A/HRC/WG.6/50/USA/2 para. 20; A/HRC/WG.6/50/USA/3 para. 15,"UN Compilation (A/HRC/WG.6/50/USA/2), para. 20 — Human Rights Committee: ""recommended establishing a de jure moratorium on the death penalty at the federal level and taking steps towards its abolition""
Stakeholders' Summary (A/HRC/WG.6/50/USA/3), para. 15 — The Dui Hua Foundation: ""Executive Order 14164 reinstating capital punishment for federal crimes, for which a moratorium had been imposed in 2021"""
26.179,Switzerland,noted,Death penalty,Federal moratorium on / abolition of the death penalty,E,"Contrary measures taken, or recommendation rejected",Establish a moratorium on the death penalty and executions at the federal level and encourage the federated states to do the same,"Executive Order 14164 (2025) reinstated and directed preservation of the federal death penalty, reversing the 2021 moratorium; executions resumed.",A/HRC/WG.6/50/USA/2 para. 20; A/HRC/WG.6/50/USA/3 para. 15,"UN Compilation (A/HRC/WG.6/50/USA/2), para. 20 — Human Rights Committee: ""recommended establishing a de jure moratorium on the death penalty at the federal level and taking steps towards its abolition""
Stakeholders' Summary (A/HRC/WG.6/50/USA/3), para. 15 — The Dui Hua Foundation: ""Executive Order 14164 reinstating capital punishment for federal crimes, for which a moratorium had been imposed in 2021"""
26.180,Norway,noted,Death penalty,Federal moratorium on / abolition of the death penalty,E,"Contrary measures taken, or recommendation rejected",Repeal the decision to resume federal capital punishment and take steps to promote federal- and state-level moratoriums on executions with a view to permanently abolishing the death penalty,"Executive Order 14164 (2025) reinstated and directed preservation of the federal death penalty, reversing the 2021 moratorium; executions resumed.",A/HRC/WG.6/50/USA/2 para. 20; A/HRC/WG.6/50/USA/3 para. 15,"UN Compilation (A/HRC/WG.6/50/USA/2), para. 20 — Human Rights Committee: ""recommended establishing a de jure moratorium on the death penalty at the federal level and taking steps towards its abolition""
Stakeholders' Summary (A/HRC/WG.6/50/USA/3), para. 15 — The Dui Hua Foundation: ""Executive Order 14164 reinstating capital punishment for federal crimes, for which a moratorium had been imposed in 2021"""
26.181,Paraguay,supported,Death penalty,Federal moratorium on / abolition of the death penalty,E,"Contrary measures taken, or recommendation rejected","Consider the possibility of abolishing the death penalty in those states that still maintain it, in line with Sustainable Development Goal 16","Executive Order 14164 (2025) reinstated and directed preservation of the federal death penalty, reversing the 2021 moratorium; executions resumed.",A/HRC/WG.6/50/USA/2 para. 20; A/HRC/WG.6/50/USA/3 para. 15,"UN Compilation (A/HRC/WG.6/50/USA/2), para. 20 — Human Rights Committee: ""recommended establishing a de jure moratorium on the death penalty at the federal level and taking steps towards its abolition""
Stakeholders' Summary (A/HRC/WG.6/50/USA/3), para. 15 — The Dui Hua Foundation: ""Executive Order 14164 reinstating capital punishment for federal crimes, for which a moratorium had been imposed in 2021"""
26.182,Austria,supported,Death penalty,Federal moratorium on / abolition of the death penalty,E,"Contrary measures taken, or recommendation rejected",Continue efforts towards abolishing the death penalty and halting executions,"Executive Order 14164 (2025) reinstated and directed preservation of the federal death penalty, reversing the 2021 moratorium; executions resumed.",A/HRC/WG.6/50/USA/2 para. 20; A/HRC/WG.6/50/USA/3 para. 15,"UN Compilation (A/HRC/WG.6/50/USA/2), para. 20 — Human Rights Committee: ""recommended establishing a de jure moratorium on the death penalty at the federal level and taking steps towards its abolition""
Stakeholders' Summary (A/HRC/WG.6/50/USA/3), para. 15 — The Dui Hua Foundation: ""Executive Order 14164 reinstating capital punishment for federal crimes, for which a moratorium had been imposed in 2021"""
26.183,Chile,supported,Death penalty,Federal moratorium on / abolition of the death penalty,E,"Contrary measures taken, or recommendation rejected",Consider establishing a moratorium on the death penalty in States that have not yet abolished it,"Executive Order 14164 (2025) reinstated and directed preservation of the federal death penalty, reversing the 2021 moratorium; executions resumed.",A/HRC/WG.6/50/USA/2 para. 20; A/HRC/WG.6/50/USA/3 para. 15,"UN Compilation (A/HRC/WG.6/50/USA/2), para. 20 — Human Rights Committee: ""recommended establishing a de jure moratorium on the death penalty at the federal level and taking steps towards its abolition""
Stakeholders' Summary (A/HRC/WG.6/50/USA/3), para. 15 — The Dui Hua Foundation: ""Executive Order 14164 reinstating capital punishment for federal crimes, for which a moratorium had been imposed in 2021"""
26.184,Portugal,noted,Death penalty,Federal moratorium on / abolition of the death penalty,E,"Contrary measures taken, or recommendation rejected",Ensure that federal and state authorities impose a moratorium on executions with a view to abolishing the death penalty nationwide,"Executive Order 14164 (2025) reinstated and directed preservation of the federal death penalty, reversing the 2021 moratorium; executions resumed.",A/HRC/WG.6/50/USA/2 para. 20; A/HRC/WG.6/50/USA/3 para. 15,"UN Compilation (A/HRC/WG.6/50/USA/2), para. 20 — Human Rights Committee: ""recommended establishing a de jure moratorium on the death penalty at the federal level and taking steps towards its abolition""
Stakeholders' Summary (A/HRC/WG.6/50/USA/3), para. 15 — The Dui Hua Foundation: ""Executive Order 14164 reinstating capital punishment for federal crimes, for which a moratorium had been imposed in 2021"""
26.185,Rwanda,noted,Death penalty,Federal moratorium on / abolition of the death penalty,E,"Contrary measures taken, or recommendation rejected",Impose a moratorium on the death penalty at the federal and state levels aiming at its complete abolition,"Executive Order 14164 (2025) reinstated and directed preservation of the federal death penalty, reversing the 2021 moratorium; executions resumed.",A/HRC/WG.6/50/USA/2 para. 20; A/HRC/WG.6/50/USA/3 para. 15,"UN Compilation (A/HRC/WG.6/50/USA/2), para. 20 — Human Rights Committee: ""recommended establishing a de jure moratorium on the death penalty at the federal level and taking steps towards its abolition""
Stakeholders' Summary (A/HRC/WG.6/50/USA/3), para. 15 — The Dui Hua Foundation: ""Executive Order 14164 reinstating capital punishment for federal crimes, for which a moratorium had been imposed in 2021"""
26.186,Slovenia,noted,Death penalty,Federal moratorium on / abolition of the death penalty,E,"Contrary measures taken, or recommendation rejected",Impose a moratorium on the death penalty at the federal and state levels aiming at its complete abolition,"Executive Order 14164 (2025) reinstated and directed preservation of the federal death penalty, reversing the 2021 moratorium; executions resumed.",A/HRC/WG.6/50/USA/2 para. 20; A/HRC/WG.6/50/USA/3 para. 15,"UN Compilation (A/HRC/WG.6/50/USA/2), para. 20 — Human Rights Committee: ""recommended establishing a de jure moratorium on the death penalty at the federal level and taking steps towards its abolition""
Stakeholders' Summary (A/HRC/WG.6/50/USA/3), para. 15 — The Dui Hua Foundation: ""Executive Order 14164 reinstating capital punishment for federal crimes, for which a moratorium had been imposed in 2021"""
26.187,Czechia,noted,Death penalty,Federal moratorium on / abolition of the death penalty,E,"Contrary measures taken, or recommendation rejected",Impose a moratorium on executions with a view to abolishing the death penalty nationwide,"Executive Order 14164 (2025) reinstated and directed preservation of the federal death penalty, reversing the 2021 moratorium; executions resumed.",A/HRC/WG.6/50/USA/2 para. 20; A/HRC/WG.6/50/USA/3 para. 15,"UN Compilation (A/HRC/WG.6/50/USA/2), para. 20 — Human Rights Committee: ""recommended establishing a de jure moratorium on the death penalty at the federal level and taking steps towards its abolition""
Stakeholders' Summary (A/HRC/WG.6/50/USA/3), para. 15 — The Dui Hua Foundation: ""Executive Order 14164 reinstating capital punishment for federal crimes, for which a moratorium had been imposed in 2021"""
26.188,Slovakia,noted,Death penalty,Federal moratorium on / abolition of the death penalty,E,"Contrary measures taken, or recommendation rejected","Impose a moratorium on executions of death sentences at the federal and state levels and ratify the Second Optional Protocol to the International Covenant on Civil and Political Rights, aiming at the abolition of the death penalty","Executive Order 14164 (2025) reinstated and directed preservation of the federal death penalty, reversing the 2021 moratorium; executions resumed.",A/HRC/WG.6/50/USA/2 para. 20; A/HRC/WG.6/50/USA/3 para. 15,"UN Compilation (A/HRC/WG.6/50/USA/2), para. 20 — Human Rights Committee: ""recommended establishing a de jure moratorium on the death penalty at the federal level and taking steps towards its abolition""
Stakeholders' Summary (A/HRC/WG.6/50/USA/3), para. 15 — The Dui Hua Foundation: ""Executive Order 14164 reinstating capital punishment for federal crimes, for which a moratorium had been imposed in 2021"""
26.189,New Zealand,supported,Death penalty,Federal moratorium on / abolition of the death penalty,E,"Contrary measures taken, or recommendation rejected",Impose urgently a moratorium on executions and work towards the complete abolition of the death penalty,"Executive Order 14164 (2025) reinstated and directed preservation of the federal death penalty, reversing the 2021 moratorium; executions resumed.",A/HRC/WG.6/50/USA/2 para. 20; A/HRC/WG.6/50/USA/3 para. 15,"UN Compilation (A/HRC/WG.6/50/USA/2), para. 20 — Human Rights Committee: ""recommended establishing a de jure moratorium on the death penalty at the federal level and taking steps towards its abolition""
Stakeholders' Summary (A/HRC/WG.6/50/USA/3), para. 15 — The Dui Hua Foundation: ""Executive Order 14164 reinstating capital punishment for federal crimes, for which a moratorium had been imposed in 2021"""
26.190,Australia,noted,Death penalty,Federal moratorium on / abolition of the death penalty,E,"Contrary measures taken, or recommendation rejected","Reimpose the federal moratorium on capital punishment, with a view to eventual abolition of the death penalty","Executive Order 14164 (2025) reinstated and directed preservation of the federal death penalty, reversing the 2021 moratorium; executions resumed.",A/HRC/WG.6/50/USA/2 para. 20; A/HRC/WG.6/50/USA/3 para. 15,"UN Compilation (A/HRC/WG.6/50/USA/2), para. 20 — Human Rights Committee: ""recommended establishing a de jure moratorium on the death penalty at the federal level and taking steps towards its abolition""
Stakeholders' Summary (A/HRC/WG.6/50/USA/3), para. 15 — The Dui Hua Foundation: ""Executive Order 14164 reinstating capital punishment for federal crimes, for which a moratorium had been imposed in 2021"""
26.191,Cyprus,noted,Death penalty,Federal moratorium on / abolition of the death penalty,E,"Contrary measures taken, or recommendation rejected",Restore a moratorium on the use of the death penalty at the federal level,"Executive Order 14164 (2025) reinstated and directed preservation of the federal death penalty, reversing the 2021 moratorium; executions resumed.",A/HRC/WG.6/50/USA/2 para. 20; A/HRC/WG.6/50/USA/3 para. 15,"UN Compilation (A/HRC/WG.6/50/USA/2), para. 20 — Human Rights Committee: ""recommended establishing a de jure moratorium on the death penalty at the federal level and taking steps towards its abolition""
Stakeholders' Summary (A/HRC/WG.6/50/USA/3), para. 15 — The Dui Hua Foundation: ""Executive Order 14164 reinstating capital punishment for federal crimes, for which a moratorium had been imposed in 2021"""
26.192,Iceland,noted,Death penalty,Federal moratorium on / abolition of the death penalty,E,"Contrary measures taken, or recommendation rejected",Impose a moratorium on executions with a view to abolishing the death penalty nationwide,"Executive Order 14164 (2025) reinstated and directed preservation of the federal death penalty, reversing the 2021 moratorium; executions resumed.",A/HRC/WG.6/50/USA/2 para. 20; A/HRC/WG.6/50/USA/3 para. 15,"UN Compilation (A/HRC/WG.6/50/USA/2), para. 20 — Human Rights Committee: ""recommended establishing a de jure moratorium on the death penalty at the federal level and taking steps towards its abolition""
Stakeholders' Summary (A/HRC/WG.6/50/USA/3), para. 15 — The Dui Hua Foundation: ""Executive Order 14164 reinstating capital punishment for federal crimes, for which a moratorium had been imposed in 2021"""
26.193,Argentina,noted,Death penalty,Federal moratorium on / abolition of the death penalty,E,"Contrary measures taken, or recommendation rejected","Ratify the Second Optional Protocol to the International Covenant on Civil and Political Rights, aiming at the abolition of the death penalty, and consider establishing a moratorium on executions as the first step towards the official abolition of the death penalty. Commute the death penalty of the Argentinian citizen Víctor Saldaño , who has been on death row since 1996","Executive Order 14164 (2025) reinstated and directed preservation of the federal death penalty, reversing the 2021 moratorium; executions resumed.",A/HRC/WG.6/50/USA/2 para. 20; A/HRC/WG.6/50/USA/3 para. 15,"UN Compilation (A/HRC/WG.6/50/USA/2), para. 20 — Human Rights Committee: ""recommended establishing a de jure moratorium on the death penalty at the federal level and taking steps towards its abolition""
Stakeholders' Summary (A/HRC/WG.6/50/USA/3), para. 15 — The Dui Hua Foundation: ""Executive Order 14164 reinstating capital punishment for federal crimes, for which a moratorium had been imposed in 2021"""
26.194,Bulgaria,noted,Death penalty,Federal moratorium on / abolition of the death penalty,E,"Contrary measures taken, or recommendation rejected","Take steps towards establishing an immediate moratorium on the death penalty, with a view to its complete abolition","Executive Order 14164 (2025) reinstated and directed preservation of the federal death penalty, reversing the 2021 moratorium; executions resumed.",A/HRC/WG.6/50/USA/2 para. 20; A/HRC/WG.6/50/USA/3 para. 15,"UN Compilation (A/HRC/WG.6/50/USA/2), para. 20 — Human Rights Committee: ""recommended establishing a de jure moratorium on the death penalty at the federal level and taking steps towards its abolition""
Stakeholders' Summary (A/HRC/WG.6/50/USA/3), para. 15 — The Dui Hua Foundation: ""Executive Order 14164 reinstating capital punishment for federal crimes, for which a moratorium had been imposed in 2021"""
26.195,Canada,noted,Death penalty,Federal moratorium on / abolition of the death penalty,E,"Contrary measures taken, or recommendation rejected",Introduce a federal moratorium on the death penalty aiming at complete abolition,"Executive Order 14164 (2025) reinstated and directed preservation of the federal death penalty, reversing the 2021 moratorium; executions resumed.",A/HRC/WG.6/50/USA/2 para. 20; A/HRC/WG.6/50/USA/3 para. 15,"UN Compilation (A/HRC/WG.6/50/USA/2), para. 20 — Human Rights Committee: ""recommended establishing a de jure moratorium on the death penalty at the federal level and taking steps towards its abolition""
Stakeholders' Summary (A/HRC/WG.6/50/USA/3), para. 15 — The Dui Hua Foundation: ""Executive Order 14164 reinstating capital punishment for federal crimes, for which a moratorium had been imposed in 2021"""
26.196,Spain,noted,Death penalty,Federal moratorium on / abolition of the death penalty,E,"Contrary measures taken, or recommendation rejected",Establish a moratorium on all pending death sentences as a first step towards the abolition of capital punishment in all states of the country,"Executive Order 14164 (2025) reinstated and directed preservation of the federal death penalty, reversing the 2021 moratorium; executions resumed.",A/HRC/WG.6/50/USA/2 para. 20; A/HRC/WG.6/50/USA/3 para. 15,"UN Compilation (A/HRC/WG.6/50/USA/2), para. 20 — Human Rights Committee: ""recommended establishing a de jure moratorium on the death penalty at the federal level and taking steps towards its abolition""
Stakeholders' Summary (A/HRC/WG.6/50/USA/3), para. 15 — The Dui Hua Foundation: ""Executive Order 14164 reinstating capital punishment for federal crimes, for which a moratorium had been imposed in 2021"""
26.197,Finland,noted,Death penalty,Federal moratorium on / abolition of the death penalty,E,"Contrary measures taken, or recommendation rejected","Abstain from further use of capital punishment, after the regrettable resumption of the federal death penalty, which is inhuman and violates a person ’ s right to life, and carefully review the new execution protocol","Executive Order 14164 (2025) reinstated and directed preservation of the federal death penalty, reversing the 2021 moratorium; executions resumed.",A/HRC/WG.6/50/USA/2 para. 20; A/HRC/WG.6/50/USA/3 para. 15,"UN Compilation (A/HRC/WG.6/50/USA/2), para. 20 — Human Rights Committee: ""recommended establishing a de jure moratorium on the death penalty at the federal level and taking steps towards its abolition""
Stakeholders' Summary (A/HRC/WG.6/50/USA/3), para. 15 — The Dui Hua Foundation: ""Executive Order 14164 reinstating capital punishment for federal crimes, for which a moratorium had been imposed in 2021"""
26.198,France,noted,Death penalty,Federal moratorium on / abolition of the death penalty,E,"Contrary measures taken, or recommendation rejected",Declare a moratorium on executions at the federal level with a view to definitively abolishing the death penalty for all crimes,"Executive Order 14164 (2025) reinstated and directed preservation of the federal death penalty, reversing the 2021 moratorium; executions resumed.",A/HRC/WG.6/50/USA/2 para. 20; A/HRC/WG.6/50/USA/3 para. 15,"UN Compilation (A/HRC/WG.6/50/USA/2), para. 20 — Human Rights Committee: ""recommended establishing a de jure moratorium on the death penalty at the federal level and taking steps towards its abolition""
Stakeholders' Summary (A/HRC/WG.6/50/USA/3), para. 15 — The Dui Hua Foundation: ""Executive Order 14164 reinstating capital punishment for federal crimes, for which a moratorium had been imposed in 2021"""
26.199,Germany,noted,Death penalty,Federal moratorium on / abolition of the death penalty,E,"Contrary measures taken, or recommendation rejected","Reinstate a moratorium on the death penalty at the federal and state levels where applicable, aiming at its complete abolition","Executive Order 14164 (2025) reinstated and directed preservation of the federal death penalty, reversing the 2021 moratorium; executions resumed.",A/HRC/WG.6/50/USA/2 para. 20; A/HRC/WG.6/50/USA/3 para. 15,"UN Compilation (A/HRC/WG.6/50/USA/2), para. 20 — Human Rights Committee: ""recommended establishing a de jure moratorium on the death penalty at the federal level and taking steps towards its abolition""
Stakeholders' Summary (A/HRC/WG.6/50/USA/3), para. 15 — The Dui Hua Foundation: ""Executive Order 14164 reinstating capital punishment for federal crimes, for which a moratorium had been imposed in 2021"""
26.200,Ireland,noted,Death penalty,Federal moratorium on / abolition of the death penalty,E,"Contrary measures taken, or recommendation rejected",Immediately introduce a moratorium on the federal death penalty and cease sentencing juvenile offenders to life without parole,"Executive Order 14164 (2025) reinstated and directed preservation of the federal death penalty, reversing the 2021 moratorium; executions resumed.",A/HRC/WG.6/50/USA/2 para. 20; A/HRC/WG.6/50/USA/3 para. 15,"UN Compilation (A/HRC/WG.6/50/USA/2), para. 20 — Human Rights Committee: ""recommended establishing a de jure moratorium on the death penalty at the federal level and taking steps towards its abolition""
Stakeholders' Summary (A/HRC/WG.6/50/USA/3), para. 15 — The Dui Hua Foundation: ""Executive Order 14164 reinstating capital punishment for federal crimes, for which a moratorium had been imposed in 2021"""
26.201,Italy,supported,Death penalty,Federal moratorium on / abolition of the death penalty,E,"Contrary measures taken, or recommendation rejected",Take into consideration the possibility of adopting a moratorium on capital executions at the state and federal levels,Directly contrary measures: the federal death penalty was reinstated and the 2021 moratorium reversed; executions resumed and expanded.,A/HRC/WG.6/50/USA/2 para. 20; A/HRC/WG.6/50/USA/3 para. 15,"UN Compilation (A/HRC/WG.6/50/USA/2), para. 20 — Human Rights Committee: ""recommended establishing a de jure moratorium on the death penalty at the federal level and taking steps towards its abolition""
Stakeholders' Summary (A/HRC/WG.6/50/USA/3), para. 15 — The Dui Hua Foundation: ""Executive Order 14164 reinstating capital punishment for federal crimes, for which a moratorium had been imposed in 2021, and instructing the Attorney-General to preserve it""
UN Compilation (A/HRC/WG.6/50/USA/2), para. 20 — United Nations High Commissioner for Human Rights: ""regretted the execution of a man in Alabama by suffocation using nitrogen gas, warning that it might amount to torture or cruel, inhuman and degrading treatment"""
26.202,Latvia,noted,Death penalty,Federal moratorium on / abolition of the death penalty,E,"Contrary measures taken, or recommendation rejected","Establish a moratorium on the death penalty with a view to its eventual abolition and consider ratifying the Second Optional Protocol to the International Covenant on Civil and Political Rights, aiming at the abolition of the death penalty","Executive Order 14164 (2025) reinstated and directed preservation of the federal death penalty, reversing the 2021 moratorium; executions resumed.",A/HRC/WG.6/50/USA/2 para. 20; A/HRC/WG.6/50/USA/3 para. 15,"UN Compilation (A/HRC/WG.6/50/USA/2), para. 20 — Human Rights Committee: ""recommended establishing a de jure moratorium on the death penalty at the federal level and taking steps towards its abolition""
Stakeholders' Summary (A/HRC/WG.6/50/USA/3), para. 15 — The Dui Hua Foundation: ""Executive Order 14164 reinstating capital punishment for federal crimes, for which a moratorium had been imposed in 2021"""
26.203,Liechtenstein,noted,Death penalty,Federal moratorium on / abolition of the death penalty,E,"Contrary measures taken, or recommendation rejected",Establish immediately an official moratorium on executions and commute all death sentences with a view to abolishing the death penalty,"Executive Order 14164 (2025) reinstated and directed preservation of the federal death penalty, reversing the 2021 moratorium; executions resumed.",A/HRC/WG.6/50/USA/2 para. 20; A/HRC/WG.6/50/USA/3 para. 15,"UN Compilation (A/HRC/WG.6/50/USA/2), para. 20 — Human Rights Committee: ""recommended establishing a de jure moratorium on the death penalty at the federal level and taking steps towards its abolition""
Stakeholders' Summary (A/HRC/WG.6/50/USA/3), para. 15 — The Dui Hua Foundation: ""Executive Order 14164 reinstating capital punishment for federal crimes, for which a moratorium had been imposed in 2021"""
26.204,Malta,supported_noted,Death penalty,Federal moratorium on / abolition of the death penalty,E,"Contrary measures taken, or recommendation rejected",Establish a moratorium on the death penalty at the federal level with a view to complete abolition and take measures to avoid racial bias in capital punishment,"Executive Order 14164 (2025) reinstated and directed preservation of the federal death penalty, reversing the 2021 moratorium; executions resumed.",A/HRC/WG.6/50/USA/2 para. 20; A/HRC/WG.6/50/USA/3 para. 15,"UN Compilation (A/HRC/WG.6/50/USA/2), para. 20 — Human Rights Committee: ""recommended establishing a de jure moratorium on the death penalty at the federal level and taking steps towards its abolition""
Stakeholders' Summary (A/HRC/WG.6/50/USA/3), para. 15 — The Dui Hua Foundation: ""Executive Order 14164 reinstating capital punishment for federal crimes, for which a moratorium had been imposed in 2021"""
26.205,Lithuania,noted,Death penalty,Federal moratorium on / abolition of the death penalty,E,"Contrary measures taken, or recommendation rejected",Introduce an immediate moratorium on the application of the death penalty as a step towards its complete abolishment in the future,"Executive Order 14164 (2025) reinstated and directed preservation of the federal death penalty, reversing the 2021 moratorium; executions resumed.",A/HRC/WG.6/50/USA/2 para. 20; A/HRC/WG.6/50/USA/3 para. 15,"UN Compilation (A/HRC/WG.6/50/USA/2), para. 20 — Human Rights Committee: ""recommended establishing a de jure moratorium on the death penalty at the federal level and taking steps towards its abolition""
Stakeholders' Summary (A/HRC/WG.6/50/USA/3), para. 15 — The Dui Hua Foundation: ""Executive Order 14164 reinstating capital punishment for federal crimes, for which a moratorium had been imposed in 2021"""
26.206,Sweden,noted,Death penalty,Federal moratorium on / abolition of the death penalty,E,"Contrary measures taken, or recommendation rejected",Introduce a moratorium on the use of the death penalty at the federal level as a first step towards its abolition,"Executive Order 14164 (2025) reinstated and directed preservation of the federal death penalty, reversing the 2021 moratorium; executions resumed.",A/HRC/WG.6/50/USA/2 para. 20; A/HRC/WG.6/50/USA/3 para. 15,"UN Compilation (A/HRC/WG.6/50/USA/2), para. 20 — Human Rights Committee: ""recommended establishing a de jure moratorium on the death penalty at the federal level and taking steps towards its abolition""
Stakeholders' Summary (A/HRC/WG.6/50/USA/3), para. 15 — The Dui Hua Foundation: ""Executive Order 14164 reinstating capital punishment for federal crimes, for which a moratorium had been imposed in 2021"""
26.207,Mexico,supported_noted,Death penalty,Federal moratorium on / abolition of the death penalty,E,"Contrary measures taken, or recommendation rejected",Defer or suspend the application of the death penalty and expedite the adoption of a federal law to comply with the ruling of the International Court of Justice in the Avena case,"Executive Order 14164 (2025) reinstated and directed preservation of the federal death penalty, reversing the 2021 moratorium; executions resumed.",A/HRC/WG.6/50/USA/2 para. 20; A/HRC/WG.6/50/USA/3 para. 15,"UN Compilation (A/HRC/WG.6/50/USA/2), para. 20 — Human Rights Committee: ""recommended establishing a de jure moratorium on the death penalty at the federal level and taking steps towards its abolition""
Stakeholders' Summary (A/HRC/WG.6/50/USA/3), para. 15 — The Dui Hua Foundation: ""Executive Order 14164 reinstating capital punishment for federal crimes, for which a moratorium had been imposed in 2021"""
26.208,Netherlands,noted,Death penalty,Federal moratorium on / abolition of the death penalty,E,"Contrary measures taken, or recommendation rejected","Take all necessary steps to work towards an immediate moratorium on the execution of the death penalty with a view to complete abolishment, in line with international human rights standards such as the right to life","Executive Order 14164 (2025) reinstated and directed preservation of the federal death penalty, reversing the 2021 moratorium; executions resumed.",A/HRC/WG.6/50/USA/2 para. 20; A/HRC/WG.6/50/USA/3 para. 15,"UN Compilation (A/HRC/WG.6/50/USA/2), para. 20 — Human Rights Committee: ""recommended establishing a de jure moratorium on the death penalty at the federal level and taking steps towards its abolition""
Stakeholders' Summary (A/HRC/WG.6/50/USA/3), para. 15 — The Dui Hua Foundation: ""Executive Order 14164 reinstating capital punishment for federal crimes, for which a moratorium had been imposed in 2021"""
26.209,Namibia,supported,Death penalty,Federal moratorium on / abolition of the death penalty,E,"Contrary measures taken, or recommendation rejected",Commit to ending the death penalty federally and create incentives for states to enact similar bans,"Executive Order 14164 (2025) reinstated and directed preservation of the federal death penalty, reversing the 2021 moratorium; executions resumed.",A/HRC/WG.6/50/USA/2 para. 20; A/HRC/WG.6/50/USA/3 para. 15,"UN Compilation (A/HRC/WG.6/50/USA/2), para. 20 — Human Rights Committee: ""recommended establishing a de jure moratorium on the death penalty at the federal level and taking steps towards its abolition""
Stakeholders' Summary (A/HRC/WG.6/50/USA/3), para. 15 — The Dui Hua Foundation: ""Executive Order 14164 reinstating capital punishment for federal crimes, for which a moratorium had been imposed in 2021"""
26.210,Cambodia,supported,Death penalty,Federal moratorium on / abolition of the death penalty,E,"Contrary measures taken, or recommendation rejected",Consider legislatively abolishing the practice of the death penalty in all states,"Executive Order 14164 (2025) reinstated and directed preservation of the federal death penalty, reversing the 2021 moratorium; executions resumed.",A/HRC/WG.6/50/USA/2 para. 20; A/HRC/WG.6/50/USA/3 para. 15,"UN Compilation (A/HRC/WG.6/50/USA/2), para. 20 — Human Rights Committee: ""recommended establishing a de jure moratorium on the death penalty at the federal level and taking steps towards its abolition""
Stakeholders' Summary (A/HRC/WG.6/50/USA/3), para. 15 — The Dui Hua Foundation: ""Executive Order 14164 reinstating capital punishment for federal crimes, for which a moratorium had been imposed in 2021"""
26.211,Fiji,supported,Death penalty,Federal moratorium on / abolition of the death penalty,E,"Contrary measures taken, or recommendation rejected",Consider abolishing the death penalty,"Executive Order 14164 (2025) reinstated and directed preservation of the federal death penalty, reversing the 2021 moratorium; executions resumed.",A/HRC/WG.6/50/USA/2 para. 20; A/HRC/WG.6/50/USA/3 para. 15,"UN Compilation (A/HRC/WG.6/50/USA/2), para. 20 — Human Rights Committee: ""recommended establishing a de jure moratorium on the death penalty at the federal level and taking steps towards its abolition""
Stakeholders' Summary (A/HRC/WG.6/50/USA/3), para. 15 — The Dui Hua Foundation: ""Executive Order 14164 reinstating capital punishment for federal crimes, for which a moratorium had been imposed in 2021"""
26.212,Peru,supported,Right to life,Prevent gun violence,C,Not implemented / no relevant action taken,Strengthen regulations regarding background checks for private transfers of firearms,No federal gun-violence legislation was enacted; the White House Office of Gun Violence Prevention was shut down in 2025.,A/HRC/WG.6/50/USA/2 para. 19; A/HRC/WG.6/50/USA/3 para. 19,"UN Compilation (A/HRC/WG.6/50/USA/2), para. 19 — Human Rights Committee: ""recommended that the United States prevent and reduce gun violence by strengthening legislative and policy measures requiring background checks for all private acquisitions and transfers of firearms and ammunition""
Stakeholders' Summary (A/HRC/WG.6/50/USA/3), para. 19 — FOR-USA (Fellowship of Reconciliation-USA): ""In March 2025, the Gun Violence Federal Health Advisory and the White House Office of Gun Violence Prevention were shut down"""
26.213,China,supported,Right to life,Prevent gun violence,C,Not implemented / no relevant action taken,Address the proliferation of guns and guarantee people ’ s right to life,No federal gun-violence legislation was enacted; the White House Office of Gun Violence Prevention was shut down in 2025.,A/HRC/WG.6/50/USA/2 para. 19; A/HRC/WG.6/50/USA/3 para. 19,"UN Compilation (A/HRC/WG.6/50/USA/2), para. 19 — Human Rights Committee: ""recommended that the United States prevent and reduce gun violence by strengthening legislative and policy measures requiring background checks for all private acquisitions and transfers of firearms and ammunition""
Stakeholders' Summary (A/HRC/WG.6/50/USA/3), para. 19 — FOR-USA (Fellowship of Reconciliation-USA): ""In March 2025, the Gun Violence Federal Health Advisory and the White House Office of Gun Violence Prevention were shut down"""
26.214,Croatia,supported,Right to life,Prevent gun violence,C,Not implemented / no relevant action taken,Strengthen federal law in order to restrict access to firearms by potential abusers and implement regulations with the aim of removing the so-called “ gunshow loophole ”,No federal gun-violence legislation was enacted; the White House Office of Gun Violence Prevention was shut down in 2025.,A/HRC/WG.6/50/USA/2 para. 19; A/HRC/WG.6/50/USA/3 para. 19,"UN Compilation (A/HRC/WG.6/50/USA/2), para. 19 — Human Rights Committee: ""recommended that the United States prevent and reduce gun violence by strengthening legislative and policy measures requiring background checks for all private acquisitions and transfers of firearms and ammunition""
Stakeholders' Summary (A/HRC/WG.6/50/USA/3), para. 19 — FOR-USA (Fellowship of Reconciliation-USA): ""In March 2025, the Gun Violence Federal Health Advisory and the White House Office of Gun Violence Prevention were shut down"""
26.215,Iceland,supported,Right to life,Prevent gun violence,C,Not implemented / no relevant action taken,"Take necessary measures to reduce gun violence, concerned at the large number of gun-related deaths and injuries, which disproportionately affect members of racial and ethnic minorities",No federal gun-violence legislation was enacted; the White House Office of Gun Violence Prevention was shut down in 2025.,A/HRC/WG.6/50/USA/2 para. 19; A/HRC/WG.6/50/USA/3 para. 19,"UN Compilation (A/HRC/WG.6/50/USA/2), para. 19 — Human Rights Committee: ""recommended that the United States prevent and reduce gun violence by strengthening legislative and policy measures requiring background checks for all private acquisitions and transfers of firearms and ammunition""
Stakeholders' Summary (A/HRC/WG.6/50/USA/3), para. 19 — FOR-USA (Fellowship of Reconciliation-USA): ""In March 2025, the Gun Violence Federal Health Advisory and the White House Office of Gun Violence Prevention were shut down"""
26.216,Bolivarian Republic of Venezuela,supported,Right to life,Prevent gun violence,C,Not implemented / no relevant action taken,"Cease State terrorism and punish those who commit murder, torture and disappearances and who use lethal force and violence against African-Americans and ethnic minorities",No federal gun-violence legislation was enacted; the White House Office of Gun Violence Prevention was shut down in 2025.,A/HRC/WG.6/50/USA/2 para. 19; A/HRC/WG.6/50/USA/3 para. 19,"UN Compilation (A/HRC/WG.6/50/USA/2), para. 19 — Human Rights Committee: ""recommended that the United States prevent and reduce gun violence by strengthening legislative and policy measures requiring background checks for all private acquisitions and transfers of firearms and ammunition""
Stakeholders' Summary (A/HRC/WG.6/50/USA/3), para. 19 — FOR-USA (Fellowship of Reconciliation-USA): ""In March 2025, the Gun Violence Federal Health Advisory and the White House Office of Gun Violence Prevention were shut down"""
26.217,India,supported,Right to life,Prevent gun violence,C,Not implemented / no relevant action taken,Strengthen legislation with a view to eliminating racial injustice and killings resulting from gun violence,No federal gun-violence legislation was enacted; the White House Office of Gun Violence Prevention was shut down in 2025.,A/HRC/WG.6/50/USA/2 para. 19; A/HRC/WG.6/50/USA/3 para. 19,"UN Compilation (A/HRC/WG.6/50/USA/2), para. 19 — Human Rights Committee: ""recommended that the United States prevent and reduce gun violence by strengthening legislative and policy measures requiring background checks for all private acquisitions and transfers of firearms and ammunition""
Stakeholders' Summary (A/HRC/WG.6/50/USA/3), para. 19 — FOR-USA (Fellowship of Reconciliation-USA): ""In March 2025, the Gun Violence Federal Health Advisory and the White House Office of Gun Violence Prevention were shut down"""
26.218,Norway,supported,Right to life,Prevent gun violence,C,Not implemented / no relevant action taken,Increase action to prevent excessive use of force by law enforcement officers and ensure that relevant allegations are investigated and that perpetrators are prosecuted,No federal gun-violence legislation was enacted; the White House Office of Gun Violence Prevention was shut down in 2025.,A/HRC/WG.6/50/USA/2 para. 19; A/HRC/WG.6/50/USA/3 para. 19,"UN Compilation (A/HRC/WG.6/50/USA/2), para. 19 — Human Rights Committee: ""recommended that the United States prevent and reduce gun violence by strengthening legislative and policy measures requiring background checks for all private acquisitions and transfers of firearms and ammunition""
Stakeholders' Summary (A/HRC/WG.6/50/USA/3), para. 19 — FOR-USA (Fellowship of Reconciliation-USA): ""In March 2025, the Gun Violence Federal Health Advisory and the White House Office of Gun Violence Prevention were shut down"""
26.219,Thailand,supported,Administration of justice & fair trial,"Police use of force, racial profiling and accountability",C,Not implemented / no relevant action taken,Strengthen further its measures to address police brutality in accordance with existing international standards governing the use of force,No federal legislation on police use of force or accountability was enacted and the 2022 accountable-policing executive order was reversed.,A/HRC/WG.6/50/USA/2 para. 18; A/HRC/WG.6/50/USA/3 para. 21; A/HRC/WG.6/50/USA/3 para. 35,"UN Compilation (A/HRC/WG.6/50/USA/2), para. 18 — International Independent Expert Mechanism to Advance Racial Justice and Equality in Law Enforcement: ""the existing regulatory framework on the use of force was conducive to the early and unjustified use of force, including lethal force, by law enforcement officers""
Stakeholders' Summary (A/HRC/WG.6/50/USA/3), para. 21 — Amnesty International: ""regretted the lack of action by Congress to pass the George Floyd Justice in Policing Act""
Stakeholders' Summary (A/HRC/WG.6/50/USA/3), para. 35 — JS5 (Physicians for Human Rights; Omega Research Foundation): ""Executive Order 14148 reversed policies linked to Executive Order 14074 on advancing effective, accountable policing and criminal justice practices"""
26.220,Togo,supported,Administration of justice & fair trial,"Police use of force, racial profiling and accountability",C,Not implemented / no relevant action taken,Take measures to combat systemic racism and police violence against people of African descent,No federal legislation on police use of force or accountability was enacted and the 2022 accountable-policing executive order was reversed.,A/HRC/WG.6/50/USA/2 para. 18; A/HRC/WG.6/50/USA/3 para. 21; A/HRC/WG.6/50/USA/3 para. 35,"UN Compilation (A/HRC/WG.6/50/USA/2), para. 18 — International Independent Expert Mechanism to Advance Racial Justice and Equality in Law Enforcement: ""the existing regulatory framework on the use of force was conducive to the early and unjustified use of force, including lethal force, by law enforcement officers""
Stakeholders' Summary (A/HRC/WG.6/50/USA/3), para. 21 — Amnesty International: ""regretted the lack of action by Congress to pass the George Floyd Justice in Policing Act""
Stakeholders' Summary (A/HRC/WG.6/50/USA/3), para. 35 — JS5 (Physicians for Human Rights; Omega Research Foundation): ""Executive Order 14148 reversed policies linked to Executive Order 14074 on advancing effective, accountable policing and criminal justice practices"""
26.221,United Kingdom of Great Britain and Northern Ireland,supported,Administration of justice & fair trial,"Police use of force, racial profiling and accountability",C,Not implemented / no relevant action taken,Work with state and local government on best practice on the use of force by the police and on improving relationships between law enforcement and the communities they serve,No federal legislation on police use of force or accountability was enacted and the 2022 accountable-policing executive order was reversed.,A/HRC/WG.6/50/USA/2 para. 18; A/HRC/WG.6/50/USA/3 para. 21; A/HRC/WG.6/50/USA/3 para. 35,"UN Compilation (A/HRC/WG.6/50/USA/2), para. 18 — International Independent Expert Mechanism to Advance Racial Justice and Equality in Law Enforcement: ""the existing regulatory framework on the use of force was conducive to the early and unjustified use of force, including lethal force, by law enforcement officers""
Stakeholders' Summary (A/HRC/WG.6/50/USA/3), para. 21 — Amnesty International: ""regretted the lack of action by Congress to pass the George Floyd Justice in Policing Act""
Stakeholders' Summary (A/HRC/WG.6/50/USA/3), para. 35 — JS5 (Physicians for Human Rights; Omega Research Foundation): ""Executive Order 14148 reversed policies linked to Executive Order 14074 on advancing effective, accountable policing and criminal justice practices"""
26.222,Zambia,supported,Administration of justice & fair trial,"Police use of force, racial profiling and accountability",C,Not implemented / no relevant action taken,"Ensure that state legislatures introduce, or review and amend, statutes that authorize the use of lethal force to ensure they are in line with international law standards",No federal legislation on police use of force or accountability was enacted and the 2022 accountable-policing executive order was reversed.,A/HRC/WG.6/50/USA/2 para. 18; A/HRC/WG.6/50/USA/3 para. 21; A/HRC/WG.6/50/USA/3 para. 35,"UN Compilation (A/HRC/WG.6/50/USA/2), para. 18 — International Independent Expert Mechanism to Advance Racial Justice and Equality in Law Enforcement: ""the existing regulatory framework on the use of force was conducive to the early and unjustified use of force, including lethal force, by law enforcement officers""
Stakeholders' Summary (A/HRC/WG.6/50/USA/3), para. 21 — Amnesty International: ""regretted the lack of action by Congress to pass the George Floyd Justice in Policing Act""
Stakeholders' Summary (A/HRC/WG.6/50/USA/3), para. 35 — JS5 (Physicians for Human Rights; Omega Research Foundation): ""Executive Order 14148 reversed policies linked to Executive Order 14074 on advancing effective, accountable policing and criminal justice practices"""
26.223,Angola,supported,Administration of justice & fair trial,"Police use of force, racial profiling and accountability",C,Not implemented / no relevant action taken,Take concrete measures to eliminate racial profiling by law enforcement officials and conduct credible investigations into arbitrary executions of people of African descent,No federal legislation on police use of force or accountability was enacted and the 2022 accountable-policing executive order was reversed.,A/HRC/WG.6/50/USA/2 para. 18; A/HRC/WG.6/50/USA/3 para. 21; A/HRC/WG.6/50/USA/3 para. 35,"UN Compilation (A/HRC/WG.6/50/USA/2), para. 18 — International Independent Expert Mechanism to Advance Racial Justice and Equality in Law Enforcement: ""the existing regulatory framework on the use of force was conducive to the early and unjustified use of force, including lethal force, by law enforcement officers""
Stakeholders' Summary (A/HRC/WG.6/50/USA/3), para. 21 — Amnesty International: ""regretted the lack of action by Congress to pass the George Floyd Justice in Policing Act""
Stakeholders' Summary (A/HRC/WG.6/50/USA/3), para. 35 — JS5 (Physicians for Human Rights; Omega Research Foundation): ""Executive Order 14148 reversed policies linked to Executive Order 14074 on advancing effective, accountable policing and criminal justice practices"""
26.224,Argentina,supported,Administration of justice & fair trial,"Police use of force, racial profiling and accountability",C,Not implemented / no relevant action taken,"Adopt the legal and administrative measures necessary to carry out the investigation and punishment of cases of discriminatory police practices and the excessive use of force by security forces, including measures to stop murders such as that of George Floyd and to ensure that justice is served when they happen",No federal legislation on police use of force or accountability was enacted and the 2022 accountable-policing executive order was reversed.,A/HRC/WG.6/50/USA/2 para. 18; A/HRC/WG.6/50/USA/3 para. 21; A/HRC/WG.6/50/USA/3 para. 35,"UN Compilation (A/HRC/WG.6/50/USA/2), para. 18 — International Independent Expert Mechanism to Advance Racial Justice and Equality in Law Enforcement: ""the existing regulatory framework on the use of force was conducive to the early and unjustified use of force, including lethal force, by law enforcement officers""
Stakeholders' Summary (A/HRC/WG.6/50/USA/3), para. 21 — Amnesty International: ""regretted the lack of action by Congress to pass the George Floyd Justice in Policing Act""
Stakeholders' Summary (A/HRC/WG.6/50/USA/3), para. 35 — JS5 (Physicians for Human Rights; Omega Research Foundation): ""Executive Order 14148 reversed policies linked to Executive Order 14074 on advancing effective, accountable policing and criminal justice practices"""
26.225,Australia,supported,Administration of justice & fair trial,"Police use of force, racial profiling and accountability",C,Not implemented / no relevant action taken,Continue to take concrete steps to eliminate racial discrimination and excessive use of force in policing,No federal legislation on police use of force or accountability was enacted and the 2022 accountable-policing executive order was reversed.,A/HRC/WG.6/50/USA/2 para. 18; A/HRC/WG.6/50/USA/3 para. 21; A/HRC/WG.6/50/USA/3 para. 35,"UN Compilation (A/HRC/WG.6/50/USA/2), para. 18 — International Independent Expert Mechanism to Advance Racial Justice and Equality in Law Enforcement: ""the existing regulatory framework on the use of force was conducive to the early and unjustified use of force, including lethal force, by law enforcement officers""
Stakeholders' Summary (A/HRC/WG.6/50/USA/3), para. 21 — Amnesty International: ""regretted the lack of action by Congress to pass the George Floyd Justice in Policing Act""
Stakeholders' Summary (A/HRC/WG.6/50/USA/3), para. 35 — JS5 (Physicians for Human Rights; Omega Research Foundation): ""Executive Order 14148 reversed policies linked to Executive Order 14074 on advancing effective, accountable policing and criminal justice practices"""
26.226,Austria,supported,Administration of justice & fair trial,"Police use of force, racial profiling and accountability",C,Not implemented / no relevant action taken,"Continue efforts to combat racial discrimination in the criminal justice system and prevent excessive use of force by law enforcement officials, especially by adopting appropriate federal legislation",No federal legislation on police use of force or accountability was enacted and the 2022 accountable-policing executive order was reversed.,A/HRC/WG.6/50/USA/2 para. 18; A/HRC/WG.6/50/USA/3 para. 21; A/HRC/WG.6/50/USA/3 para. 35,"UN Compilation (A/HRC/WG.6/50/USA/2), para. 18 — International Independent Expert Mechanism to Advance Racial Justice and Equality in Law Enforcement: ""the existing regulatory framework on the use of force was conducive to the early and unjustified use of force, including lethal force, by law enforcement officers""
Stakeholders' Summary (A/HRC/WG.6/50/USA/3), para. 21 — Amnesty International: ""regretted the lack of action by Congress to pass the George Floyd Justice in Policing Act""
Stakeholders' Summary (A/HRC/WG.6/50/USA/3), para. 35 — JS5 (Physicians for Human Rights; Omega Research Foundation): ""Executive Order 14148 reversed policies linked to Executive Order 14074 on advancing effective, accountable policing and criminal justice practices"""
26.227,Azerbaijan,supported,Administration of justice & fair trial,"Police use of force, racial profiling and accountability",C,Not implemented / no relevant action taken,Prevent racially discriminatory and violent practices perpetrated by law enforcement agencies against people of African descent,No federal legislation on police use of force or accountability was enacted and the 2022 accountable-policing executive order was reversed.,A/HRC/WG.6/50/USA/2 para. 18; A/HRC/WG.6/50/USA/3 para. 21; A/HRC/WG.6/50/USA/3 para. 35,"UN Compilation (A/HRC/WG.6/50/USA/2), para. 18 — International Independent Expert Mechanism to Advance Racial Justice and Equality in Law Enforcement: ""the existing regulatory framework on the use of force was conducive to the early and unjustified use of force, including lethal force, by law enforcement officers""
Stakeholders' Summary (A/HRC/WG.6/50/USA/3), para. 21 — Amnesty International: ""regretted the lack of action by Congress to pass the George Floyd Justice in Policing Act""
Stakeholders' Summary (A/HRC/WG.6/50/USA/3), para. 35 — JS5 (Physicians for Human Rights; Omega Research Foundation): ""Executive Order 14148 reversed policies linked to Executive Order 14074 on advancing effective, accountable policing and criminal justice practices"""
26.228,Belarus,supported,Administration of justice & fair trial,"Police use of force, racial profiling and accountability",C,Not implemented / no relevant action taken,Take urgent action to end systemic racism in police work and bring those responsible for racially motivated violence to justice,No federal legislation on police use of force or accountability was enacted and the 2022 accountable-policing executive order was reversed.,A/HRC/WG.6/50/USA/2 para. 18; A/HRC/WG.6/50/USA/3 para. 21; A/HRC/WG.6/50/USA/3 para. 35,"UN Compilation (A/HRC/WG.6/50/USA/2), para. 18 — International Independent Expert Mechanism to Advance Racial Justice and Equality in Law Enforcement: ""the existing regulatory framework on the use of force was conducive to the early and unjustified use of force, including lethal force, by law enforcement officers""
Stakeholders' Summary (A/HRC/WG.6/50/USA/3), para. 21 — Amnesty International: ""regretted the lack of action by Congress to pass the George Floyd Justice in Policing Act""
Stakeholders' Summary (A/HRC/WG.6/50/USA/3), para. 35 — JS5 (Physicians for Human Rights; Omega Research Foundation): ""Executive Order 14148 reversed policies linked to Executive Order 14074 on advancing effective, accountable policing and criminal justice practices"""
26.229,Belgium,supported,Administration of justice & fair trial,"Police use of force, racial profiling and accountability",C,Not implemented / no relevant action taken,Ensure that each allegation of excessive use of force by law enforcement officials is promptly and effectively investigated,No federal legislation on police use of force or accountability was enacted and the 2022 accountable-policing executive order was reversed.,A/HRC/WG.6/50/USA/2 para. 18; A/HRC/WG.6/50/USA/3 para. 21; A/HRC/WG.6/50/USA/3 para. 35,"UN Compilation (A/HRC/WG.6/50/USA/2), para. 18 — International Independent Expert Mechanism to Advance Racial Justice and Equality in Law Enforcement: ""the existing regulatory framework on the use of force was conducive to the early and unjustified use of force, including lethal force, by law enforcement officers""
Stakeholders' Summary (A/HRC/WG.6/50/USA/3), para. 21 — Amnesty International: ""regretted the lack of action by Congress to pass the George Floyd Justice in Policing Act""
Stakeholders' Summary (A/HRC/WG.6/50/USA/3), para. 35 — JS5 (Physicians for Human Rights; Omega Research Foundation): ""Executive Order 14148 reversed policies linked to Executive Order 14074 on advancing effective, accountable policing and criminal justice practices"""
26.230,Colombia,supported,Administration of justice & fair trial,"Police use of force, racial profiling and accountability",C,Not implemented / no relevant action taken,"Continue efforts to ensure the equitable treatment of all citizens against the use of force by law enforcement officials at the federal, state and local levels",No federal legislation on police use of force or accountability was enacted and the 2022 accountable-policing executive order was reversed.,A/HRC/WG.6/50/USA/2 para. 18; A/HRC/WG.6/50/USA/3 para. 21; A/HRC/WG.6/50/USA/3 para. 35,"UN Compilation (A/HRC/WG.6/50/USA/2), para. 18 — International Independent Expert Mechanism to Advance Racial Justice and Equality in Law Enforcement: ""the existing regulatory framework on the use of force was conducive to the early and unjustified use of force, including lethal force, by law enforcement officers""
Stakeholders' Summary (A/HRC/WG.6/50/USA/3), para. 21 — Amnesty International: ""regretted the lack of action by Congress to pass the George Floyd Justice in Policing Act""
Stakeholders' Summary (A/HRC/WG.6/50/USA/3), para. 35 — JS5 (Physicians for Human Rights; Omega Research Foundation): ""Executive Order 14148 reversed policies linked to Executive Order 14074 on advancing effective, accountable policing and criminal justice practices"""
26.231,Costa Rica,supported,Administration of justice & fair trial,"Police use of force, racial profiling and accountability",C,Not implemented / no relevant action taken,"Adopt the necessary measures to combat racism and police violence, including through the adoption of a comprehensive national plan to combat racial discrimination and to reform police surveillance at the federal, state and local levels, and ensure that police forces adhere to international standards on the use of force",No federal legislation on police use of force or accountability was enacted and the 2022 accountable-policing executive order was reversed.,A/HRC/WG.6/50/USA/2 para. 18; A/HRC/WG.6/50/USA/3 para. 21; A/HRC/WG.6/50/USA/3 para. 35,"UN Compilation (A/HRC/WG.6/50/USA/2), para. 18 — International Independent Expert Mechanism to Advance Racial Justice and Equality in Law Enforcement: ""the existing regulatory framework on the use of force was conducive to the early and unjustified use of force, including lethal force, by law enforcement officers""
Stakeholders' Summary (A/HRC/WG.6/50/USA/3), para. 21 — Amnesty International: ""regretted the lack of action by Congress to pass the George Floyd Justice in Policing Act""
Stakeholders' Summary (A/HRC/WG.6/50/USA/3), para. 35 — JS5 (Physicians for Human Rights; Omega Research Foundation): ""Executive Order 14148 reversed policies linked to Executive Order 14074 on advancing effective, accountable policing and criminal justice practices"""
26.232,Côte d’Ivoire,supported,Administration of justice & fair trial,"Police use of force, racial profiling and accountability",C,Not implemented / no relevant action taken,"Adopt appropriate measures to combat the excessive use of force by the police, as well as acts of discrimination, and ensure that perpetrators are punished",No federal legislation on police use of force or accountability was enacted and the 2022 accountable-policing executive order was reversed.,A/HRC/WG.6/50/USA/2 para. 18; A/HRC/WG.6/50/USA/3 para. 21; A/HRC/WG.6/50/USA/3 para. 35,"UN Compilation (A/HRC/WG.6/50/USA/2), para. 18 — International Independent Expert Mechanism to Advance Racial Justice and Equality in Law Enforcement: ""the existing regulatory framework on the use of force was conducive to the early and unjustified use of force, including lethal force, by law enforcement officers""
Stakeholders' Summary (A/HRC/WG.6/50/USA/3), para. 21 — Amnesty International: ""regretted the lack of action by Congress to pass the George Floyd Justice in Policing Act""
Stakeholders' Summary (A/HRC/WG.6/50/USA/3), para. 35 — JS5 (Physicians for Human Rights; Omega Research Foundation): ""Executive Order 14148 reversed policies linked to Executive Order 14074 on advancing effective, accountable policing and criminal justice practices"""
26.233,Cyprus,supported,Administration of justice & fair trial,"Police use of force, racial profiling and accountability",C,Not implemented / no relevant action taken,"Investigate, in a transparent manner, all cases of disproportionate violence by law enforcement and ensure fairness to all citizens, particularly African-Americans and members of other minority communities",No federal legislation on police use of force or accountability was enacted and the 2022 accountable-policing executive order was reversed.,A/HRC/WG.6/50/USA/2 para. 18; A/HRC/WG.6/50/USA/3 para. 21; A/HRC/WG.6/50/USA/3 para. 35,"UN Compilation (A/HRC/WG.6/50/USA/2), para. 18 — International Independent Expert Mechanism to Advance Racial Justice and Equality in Law Enforcement: ""the existing regulatory framework on the use of force was conducive to the early and unjustified use of force, including lethal force, by law enforcement officers""
Stakeholders' Summary (A/HRC/WG.6/50/USA/3), para. 21 — Amnesty International: ""regretted the lack of action by Congress to pass the George Floyd Justice in Policing Act""
Stakeholders' Summary (A/HRC/WG.6/50/USA/3), para. 35 — JS5 (Physicians for Human Rights; Omega Research Foundation): ""Executive Order 14148 reversed policies linked to Executive Order 14074 on advancing effective, accountable policing and criminal justice practices"""
26.234,Ecuador,supported,Administration of justice & fair trial,"Police use of force, racial profiling and accountability",C,Not implemented / no relevant action taken,"Redouble efforts to combat discrimination in all its forms, as well as to eliminate the excessive use of force in police work, punish abuses in accordance with law provisions and implement measures to prohibit racial profiling",No federal legislation on police use of force or accountability was enacted and the 2022 accountable-policing executive order was reversed.,A/HRC/WG.6/50/USA/2 para. 18; A/HRC/WG.6/50/USA/3 para. 21; A/HRC/WG.6/50/USA/3 para. 35,"UN Compilation (A/HRC/WG.6/50/USA/2), para. 18 — International Independent Expert Mechanism to Advance Racial Justice and Equality in Law Enforcement: ""the existing regulatory framework on the use of force was conducive to the early and unjustified use of force, including lethal force, by law enforcement officers""
Stakeholders' Summary (A/HRC/WG.6/50/USA/3), para. 21 — Amnesty International: ""regretted the lack of action by Congress to pass the George Floyd Justice in Policing Act""
Stakeholders' Summary (A/HRC/WG.6/50/USA/3), para. 35 — JS5 (Physicians for Human Rights; Omega Research Foundation): ""Executive Order 14148 reversed policies linked to Executive Order 14074 on advancing effective, accountable policing and criminal justice practices"""
26.235,Sri Lanka,supported,Administration of justice & fair trial,"Police use of force, racial profiling and accountability",C,Not implemented / no relevant action taken,"Further strengthen its efforts to effectively combat incidents of racial discrimination, including through the implementation of recent measures such as the “ Safe policing for safe communities ” Executive Order, prohibitions on racial profiling and monitoring of prisons",No federal legislation on police use of force or accountability was enacted and the 2022 accountable-policing executive order was reversed.,A/HRC/WG.6/50/USA/2 para. 18; A/HRC/WG.6/50/USA/3 para. 21; A/HRC/WG.6/50/USA/3 para. 35,"UN Compilation (A/HRC/WG.6/50/USA/2), para. 18 — International Independent Expert Mechanism to Advance Racial Justice and Equality in Law Enforcement: ""the existing regulatory framework on the use of force was conducive to the early and unjustified use of force, including lethal force, by law enforcement officers""
Stakeholders' Summary (A/HRC/WG.6/50/USA/3), para. 21 — Amnesty International: ""regretted the lack of action by Congress to pass the George Floyd Justice in Policing Act""
Stakeholders' Summary (A/HRC/WG.6/50/USA/3), para. 35 — JS5 (Physicians for Human Rights; Omega Research Foundation): ""Executive Order 14148 reversed policies linked to Executive Order 14074 on advancing effective, accountable policing and criminal justice practices"""
26.236,Germany,supported,Administration of justice & fair trial,"Police use of force, racial profiling and accountability",C,Not implemented / no relevant action taken,"Take further measures to prevent, investigate and punish the excessive use of force by law enforcement, including against minorities and migrants at the border",No federal legislation on police use of force or accountability was enacted and the 2022 accountable-policing executive order was reversed.,A/HRC/WG.6/50/USA/2 para. 18; A/HRC/WG.6/50/USA/3 para. 21; A/HRC/WG.6/50/USA/3 para. 35,"UN Compilation (A/HRC/WG.6/50/USA/2), para. 18 — International Independent Expert Mechanism to Advance Racial Justice and Equality in Law Enforcement: ""the existing regulatory framework on the use of force was conducive to the early and unjustified use of force, including lethal force, by law enforcement officers""
Stakeholders' Summary (A/HRC/WG.6/50/USA/3), para. 21 — Amnesty International: ""regretted the lack of action by Congress to pass the George Floyd Justice in Policing Act""
Stakeholders' Summary (A/HRC/WG.6/50/USA/3), para. 35 — JS5 (Physicians for Human Rights; Omega Research Foundation): ""Executive Order 14148 reversed policies linked to Executive Order 14074 on advancing effective, accountable policing and criminal justice practices"""
26.237,Indonesia,supported,Administration of justice & fair trial,"Police use of force, racial profiling and accountability",C,Not implemented / no relevant action taken,Strengthen efforts to prevent the excessive use of force by law enforcement officials,No federal legislation on police use of force or accountability was enacted and the 2022 accountable-policing executive order was reversed.,A/HRC/WG.6/50/USA/2 para. 18; A/HRC/WG.6/50/USA/3 para. 21; A/HRC/WG.6/50/USA/3 para. 35,"UN Compilation (A/HRC/WG.6/50/USA/2), para. 18 — International Independent Expert Mechanism to Advance Racial Justice and Equality in Law Enforcement: ""the existing regulatory framework on the use of force was conducive to the early and unjustified use of force, including lethal force, by law enforcement officers""
Stakeholders' Summary (A/HRC/WG.6/50/USA/3), para. 21 — Amnesty International: ""regretted the lack of action by Congress to pass the George Floyd Justice in Policing Act""
Stakeholders' Summary (A/HRC/WG.6/50/USA/3), para. 35 — JS5 (Physicians for Human Rights; Omega Research Foundation): ""Executive Order 14148 reversed policies linked to Executive Order 14074 on advancing effective, accountable policing and criminal justice practices"""
26.238,State of Palestine,supported,Administration of justice & fair trial,"Police use of force, racial profiling and accountability",C,Not implemented / no relevant action taken,"Put an end to structural racism and segregation, take measures to end police misconduct and documented human rights violations and pursue structural reforms to reduce the role of police in addressing societal problems",No federal legislation on police use of force or accountability was enacted and the 2022 accountable-policing executive order was reversed.,A/HRC/WG.6/50/USA/2 para. 18; A/HRC/WG.6/50/USA/3 para. 21; A/HRC/WG.6/50/USA/3 para. 35,"UN Compilation (A/HRC/WG.6/50/USA/2), para. 18 — International Independent Expert Mechanism to Advance Racial Justice and Equality in Law Enforcement: ""the existing regulatory framework on the use of force was conducive to the early and unjustified use of force, including lethal force, by law enforcement officers""
Stakeholders' Summary (A/HRC/WG.6/50/USA/3), para. 21 — Amnesty International: ""regretted the lack of action by Congress to pass the George Floyd Justice in Policing Act""
Stakeholders' Summary (A/HRC/WG.6/50/USA/3), para. 35 — JS5 (Physicians for Human Rights; Omega Research Foundation): ""Executive Order 14148 reversed policies linked to Executive Order 14074 on advancing effective, accountable policing and criminal justice practices"""
26.239,Sudan,supported,Administration of justice & fair trial,"Police use of force, racial profiling and accountability",C,Not implemented / no relevant action taken,Intensify efforts to combat human rights violations and police brutality against people of African descent,No federal legislation on police use of force or accountability was enacted and the 2022 accountable-policing executive order was reversed.,A/HRC/WG.6/50/USA/2 para. 18; A/HRC/WG.6/50/USA/3 para. 21; A/HRC/WG.6/50/USA/3 para. 35,"UN Compilation (A/HRC/WG.6/50/USA/2), para. 18 — International Independent Expert Mechanism to Advance Racial Justice and Equality in Law Enforcement: ""the existing regulatory framework on the use of force was conducive to the early and unjustified use of force, including lethal force, by law enforcement officers""
Stakeholders' Summary (A/HRC/WG.6/50/USA/3), para. 21 — Amnesty International: ""regretted the lack of action by Congress to pass the George Floyd Justice in Policing Act""
Stakeholders' Summary (A/HRC/WG.6/50/USA/3), para. 35 — JS5 (Physicians for Human Rights; Omega Research Foundation): ""Executive Order 14148 reversed policies linked to Executive Order 14074 on advancing effective, accountable policing and criminal justice practices"""
26.240,Israel,supported,Violence against women,Eliminate violence against women and girls,C,Not implemented / no relevant action taken,Address further the issue of sexual violence in the military,"Persistent violence against women is still recorded as a serious concern, with Indigenous women and girls disproportionately affected and no comprehensive data; 2025 brought funding cuts.",A/HRC/WG.6/50/USA/2 para. 53; A/HRC/WG.6/50/USA/3 para. 70,"UN Compilation (A/HRC/WG.6/50/USA/2), para. 53 — Human Rights Committee: ""expressed concern about the persistence of violence against women and about Indigenous women and girls being disproportionally affected by violence, homicide and disappearances""
Stakeholders' Summary (A/HRC/WG.6/50/USA/3), para. 70 — GFG (Global Freedom Group): ""reported funding cuts to the Violence Against Women Act and domestic violence programmes"""
26.241,Uganda,supported,Administration of justice & fair trial,"Police use of force, racial profiling and accountability",C,Not implemented / no relevant action taken,Ensure that appropriate measures are taken by the police to identify and protect persons suffering from mental illness during their operations,No federal legislation on police use of force or accountability was enacted and the 2022 accountable-policing executive order was reversed.,A/HRC/WG.6/50/USA/2 para. 18; A/HRC/WG.6/50/USA/3 para. 21; A/HRC/WG.6/50/USA/3 para. 35,"UN Compilation (A/HRC/WG.6/50/USA/2), para. 18 — International Independent Expert Mechanism to Advance Racial Justice and Equality in Law Enforcement: ""the existing regulatory framework on the use of force was conducive to the early and unjustified use of force, including lethal force, by law enforcement officers""
Stakeholders' Summary (A/HRC/WG.6/50/USA/3), para. 21 — Amnesty International: ""regretted the lack of action by Congress to pass the George Floyd Justice in Policing Act""
Stakeholders' Summary (A/HRC/WG.6/50/USA/3), para. 35 — JS5 (Physicians for Human Rights; Omega Research Foundation): ""Executive Order 14148 reversed policies linked to Executive Order 14074 on advancing effective, accountable policing and criminal justice practices"""
26.242,Portugal,supported,Administration of justice & fair trial,"Police use of force, racial profiling and accountability",C,Not implemented / no relevant action taken,"Take further action to prevent overcrowding of jails and prisons, especially during the current pandemic; eliminating or reducing mandatory minimum sentences would be crucial to this effect",No federal legislation on police use of force or accountability was enacted and the 2022 accountable-policing executive order was reversed.,A/HRC/WG.6/50/USA/2 para. 18; A/HRC/WG.6/50/USA/3 para. 21; A/HRC/WG.6/50/USA/3 para. 35,"UN Compilation (A/HRC/WG.6/50/USA/2), para. 18 — International Independent Expert Mechanism to Advance Racial Justice and Equality in Law Enforcement: ""the existing regulatory framework on the use of force was conducive to the early and unjustified use of force, including lethal force, by law enforcement officers""
Stakeholders' Summary (A/HRC/WG.6/50/USA/3), para. 21 — Amnesty International: ""regretted the lack of action by Congress to pass the George Floyd Justice in Policing Act""
Stakeholders' Summary (A/HRC/WG.6/50/USA/3), para. 35 — JS5 (Physicians for Human Rights; Omega Research Foundation): ""Executive Order 14148 reversed policies linked to Executive Order 14074 on advancing effective, accountable policing and criminal justice practices"""
26.243,Democratic People ’ s Republic of Korea,supported,Administration of justice & fair trial,"Police use of force, racial profiling and accountability",C,Not implemented / no relevant action taken,"Take legal and practical measures to end deep-rooted racism and racial discrimination, police brutality, killings by guns and torture in national detention facilities",No federal legislation on police use of force or accountability was enacted and the 2022 accountable-policing executive order was reversed.,A/HRC/WG.6/50/USA/2 para. 18; A/HRC/WG.6/50/USA/3 para. 21; A/HRC/WG.6/50/USA/3 para. 35,"UN Compilation (A/HRC/WG.6/50/USA/2), para. 18 — International Independent Expert Mechanism to Advance Racial Justice and Equality in Law Enforcement: ""the existing regulatory framework on the use of force was conducive to the early and unjustified use of force, including lethal force, by law enforcement officers""
Stakeholders' Summary (A/HRC/WG.6/50/USA/3), para. 21 — Amnesty International: ""regretted the lack of action by Congress to pass the George Floyd Justice in Policing Act""
Stakeholders' Summary (A/HRC/WG.6/50/USA/3), para. 35 — JS5 (Physicians for Human Rights; Omega Research Foundation): ""Executive Order 14148 reversed policies linked to Executive Order 14074 on advancing effective, accountable policing and criminal justice practices"""
26.244,Belgium,supported,Death penalty,Federal moratorium on / abolition of the death penalty,E,"Contrary measures taken, or recommendation rejected",Improve access to legal assistance for individuals who may face a death sentence,Directly contrary measures: the federal death penalty was reinstated and the 2021 moratorium reversed; executions resumed and expanded.,A/HRC/WG.6/50/USA/2 para. 20; A/HRC/WG.6/50/USA/3 para. 15,"UN Compilation (A/HRC/WG.6/50/USA/2), para. 20 — Human Rights Committee: ""recommended establishing a de jure moratorium on the death penalty at the federal level and taking steps towards its abolition""
Stakeholders' Summary (A/HRC/WG.6/50/USA/3), para. 15 — The Dui Hua Foundation: ""Executive Order 14164 reinstating capital punishment for federal crimes, for which a moratorium had been imposed in 2021, and instructing the Attorney-General to preserve it""
UN Compilation (A/HRC/WG.6/50/USA/2), para. 20 — United Nations High Commissioner for Human Rights: ""regretted the execution of a man in Alabama by suffocation using nitrogen gas, warning that it might amount to torture or cruel, inhuman and degrading treatment"""
26.245,South Sudan,supported,Administration of justice & fair trial,"Police use of force, racial profiling and accountability",C,Not implemented / no relevant action taken,"Continue to implement Project Safe Neighborhoods , bringing together law enforcement and the communities they serve to reduce violent crime and make neighbourhoods safer",No federal legislation on police use of force or accountability was enacted and the 2022 accountable-policing executive order was reversed.,A/HRC/WG.6/50/USA/2 para. 18; A/HRC/WG.6/50/USA/3 para. 21; A/HRC/WG.6/50/USA/3 para. 35,"UN Compilation (A/HRC/WG.6/50/USA/2), para. 18 — International Independent Expert Mechanism to Advance Racial Justice and Equality in Law Enforcement: ""the existing regulatory framework on the use of force was conducive to the early and unjustified use of force, including lethal force, by law enforcement officers""
Stakeholders' Summary (A/HRC/WG.6/50/USA/3), para. 21 — Amnesty International: ""regretted the lack of action by Congress to pass the George Floyd Justice in Policing Act""
Stakeholders' Summary (A/HRC/WG.6/50/USA/3), para. 35 — JS5 (Physicians for Human Rights; Omega Research Foundation): ""Executive Order 14148 reversed policies linked to Executive Order 14074 on advancing effective, accountable policing and criminal justice practices"""
26.246,Croatia,noted,Administration of justice & fair trial,"Police use of force, racial profiling and accountability",C,Not implemented / no relevant action taken,Adopt relevant national legislation that will ban issuing life without parole sentences for juveniles,No federal legislation on police use of force or accountability was enacted and the 2022 accountable-policing executive order was reversed.,A/HRC/WG.6/50/USA/2 para. 18; A/HRC/WG.6/50/USA/3 para. 21; A/HRC/WG.6/50/USA/3 para. 35,"UN Compilation (A/HRC/WG.6/50/USA/2), para. 18 — International Independent Expert Mechanism to Advance Racial Justice and Equality in Law Enforcement: ""the existing regulatory framework on the use of force was conducive to the early and unjustified use of force, including lethal force, by law enforcement officers""
Stakeholders' Summary (A/HRC/WG.6/50/USA/3), para. 21 — Amnesty International: ""regretted the lack of action by Congress to pass the George Floyd Justice in Policing Act""
Stakeholders' Summary (A/HRC/WG.6/50/USA/3), para. 35 — JS5 (Physicians for Human Rights; Omega Research Foundation): ""Executive Order 14148 reversed policies linked to Executive Order 14074 on advancing effective, accountable policing and criminal justice practices"""
26.247,Georgia,supported,Administration of justice & fair trial,"Police use of force, racial profiling and accountability",C,Not implemented / no relevant action taken,Continue taking active steps towards critical policing reform,No federal legislation on police use of force or accountability was enacted and the 2022 accountable-policing executive order was reversed.,A/HRC/WG.6/50/USA/2 para. 18; A/HRC/WG.6/50/USA/3 para. 21; A/HRC/WG.6/50/USA/3 para. 35,"UN Compilation (A/HRC/WG.6/50/USA/2), para. 18 — International Independent Expert Mechanism to Advance Racial Justice and Equality in Law Enforcement: ""the existing regulatory framework on the use of force was conducive to the early and unjustified use of force, including lethal force, by law enforcement officers""
Stakeholders' Summary (A/HRC/WG.6/50/USA/3), para. 21 — Amnesty International: ""regretted the lack of action by Congress to pass the George Floyd Justice in Policing Act""
Stakeholders' Summary (A/HRC/WG.6/50/USA/3), para. 35 — JS5 (Physicians for Human Rights; Omega Research Foundation): ""Executive Order 14148 reversed policies linked to Executive Order 14074 on advancing effective, accountable policing and criminal justice practices"""
26.248,Iraq,supported,"Human rights education, trainings & awareness raising",Human rights and anti-bias training and education,C,Not implemented / no relevant action taken,"Train the personnel of law enforcement agencies on human rights principles in arrest, detention, investigation and decent treatment",Recommended human-rights and anti-bias training was not institutionalised; book bans and curriculum restrictions cut the other way.,A/HRC/WG.6/50/USA/2 para. 46; A/HRC/WG.6/50/USA/3 para. 14,"UN Compilation (A/HRC/WG.6/50/USA/2), para. 46 — Special Rapporteur on racism: ""recommended ... training all teachers and school staff in racial equality, implicit bias and non-discrimination standards""
Stakeholders' Summary (A/HRC/WG.6/50/USA/3), para. 14 — Human Rights Watch: ""regretted the growing movement that prevented educating students about structural racism, including banning books or censoring classroom discussions of race, sexuality and gender"""
26.249,Qatar,supported,"Human rights education, trainings & awareness raising",Human rights and anti-bias training and education,C,Not implemented / no relevant action taken,"Provide appropriate training to law enforcement officers, enhance accountability and prevent impunity in order to eliminate racial profiling and excessive use of force by police officers",Recommended human-rights and anti-bias training was not institutionalised; book bans and curriculum restrictions cut the other way.,A/HRC/WG.6/50/USA/2 para. 46; A/HRC/WG.6/50/USA/3 para. 14,"UN Compilation (A/HRC/WG.6/50/USA/2), para. 46 — Special Rapporteur on racism: ""recommended ... training all teachers and school staff in racial equality, implicit bias and non-discrimination standards""
Stakeholders' Summary (A/HRC/WG.6/50/USA/3), para. 14 — Human Rights Watch: ""regretted the growing movement that prevented educating students about structural racism, including banning books or censoring classroom discussions of race, sexuality and gender"""
26.250,Japan,supported,"Human rights education, trainings & awareness raising",Human rights and anti-bias training and education,C,Not implemented / no relevant action taken,"Take further measures to realize its commitment to eliminating racial discrimination, including by providing human rights education to law enforcement officers",Recommended human-rights and anti-bias training was not institutionalised; book bans and curriculum restrictions cut the other way.,A/HRC/WG.6/50/USA/2 para. 46; A/HRC/WG.6/50/USA/3 para. 14,"UN Compilation (A/HRC/WG.6/50/USA/2), para. 46 — Special Rapporteur on racism: ""recommended ... training all teachers and school staff in racial equality, implicit bias and non-discrimination standards""
Stakeholders' Summary (A/HRC/WG.6/50/USA/3), para. 14 — Human Rights Watch: ""regretted the growing movement that prevented educating students about structural racism, including banning books or censoring classroom discussions of race, sexuality and gender"""
26.251,Kazakhstan,supported,Administration of justice & fair trial,"Police use of force, racial profiling and accountability",C,Not implemented / no relevant action taken,Undertake the necessary law enforcement reforms,No federal legislation on police use of force or accountability was enacted and the 2022 accountable-policing executive order was reversed.,A/HRC/WG.6/50/USA/2 para. 18; A/HRC/WG.6/50/USA/3 para. 21; A/HRC/WG.6/50/USA/3 para. 35,"UN Compilation (A/HRC/WG.6/50/USA/2), para. 18 — International Independent Expert Mechanism to Advance Racial Justice and Equality in Law Enforcement: ""the existing regulatory framework on the use of force was conducive to the early and unjustified use of force, including lethal force, by law enforcement officers""
Stakeholders' Summary (A/HRC/WG.6/50/USA/3), para. 21 — Amnesty International: ""regretted the lack of action by Congress to pass the George Floyd Justice in Policing Act""
Stakeholders' Summary (A/HRC/WG.6/50/USA/3), para. 35 — JS5 (Physicians for Human Rights; Omega Research Foundation): ""Executive Order 14148 reversed policies linked to Executive Order 14074 on advancing effective, accountable policing and criminal justice practices"""
26.252,Lesotho,supported,"Human rights education, trainings & awareness raising",Human rights and anti-bias training and education,C,Not implemented / no relevant action taken,Launch awareness-raising campaigns fostered at putting an end to all forms of police brutality,Recommended human-rights and anti-bias training was not institutionalised; book bans and curriculum restrictions cut the other way.,A/HRC/WG.6/50/USA/2 para. 46; A/HRC/WG.6/50/USA/3 para. 14,"UN Compilation (A/HRC/WG.6/50/USA/2), para. 46 — Special Rapporteur on racism: ""recommended ... training all teachers and school staff in racial equality, implicit bias and non-discrimination standards""
Stakeholders' Summary (A/HRC/WG.6/50/USA/3), para. 14 — Human Rights Watch: ""regretted the growing movement that prevented educating students about structural racism, including banning books or censoring classroom discussions of race, sexuality and gender"""
26.253,Luxembourg,supported,Administration of justice & fair trial,"Police use of force, racial profiling and accountability",C,Not implemented / no relevant action taken,Take adequate measures to put an end to police violence,No federal legislation on police use of force or accountability was enacted and the 2022 accountable-policing executive order was reversed.,A/HRC/WG.6/50/USA/2 para. 18; A/HRC/WG.6/50/USA/3 para. 21; A/HRC/WG.6/50/USA/3 para. 35,"UN Compilation (A/HRC/WG.6/50/USA/2), para. 18 — International Independent Expert Mechanism to Advance Racial Justice and Equality in Law Enforcement: ""the existing regulatory framework on the use of force was conducive to the early and unjustified use of force, including lethal force, by law enforcement officers""
Stakeholders' Summary (A/HRC/WG.6/50/USA/3), para. 21 — Amnesty International: ""regretted the lack of action by Congress to pass the George Floyd Justice in Policing Act""
Stakeholders' Summary (A/HRC/WG.6/50/USA/3), para. 35 — JS5 (Physicians for Human Rights; Omega Research Foundation): ""Executive Order 14148 reversed policies linked to Executive Order 14074 on advancing effective, accountable policing and criminal justice practices"""
26.254,Malaysia,supported,Administration of justice & fair trial,"Police use of force, racial profiling and accountability",C,Not implemented / no relevant action taken,Ensure systematic accountability and full and prompt redress for victims in cases of police misconduct and brutality,No federal legislation on police use of force or accountability was enacted and the 2022 accountable-policing executive order was reversed.,A/HRC/WG.6/50/USA/2 para. 18; A/HRC/WG.6/50/USA/3 para. 21; A/HRC/WG.6/50/USA/3 para. 35,"UN Compilation (A/HRC/WG.6/50/USA/2), para. 18 — International Independent Expert Mechanism to Advance Racial Justice and Equality in Law Enforcement: ""the existing regulatory framework on the use of force was conducive to the early and unjustified use of force, including lethal force, by law enforcement officers""
Stakeholders' Summary (A/HRC/WG.6/50/USA/3), para. 21 — Amnesty International: ""regretted the lack of action by Congress to pass the George Floyd Justice in Policing Act""
Stakeholders' Summary (A/HRC/WG.6/50/USA/3), para. 35 — JS5 (Physicians for Human Rights; Omega Research Foundation): ""Executive Order 14148 reversed policies linked to Executive Order 14074 on advancing effective, accountable policing and criminal justice practices"""
26.255,Malta,supported,Administration of justice & fair trial,"Police use of force, racial profiling and accountability",C,Not implemented / no relevant action taken,"Continue to reduce the role of policing as a response to societal problems largely related to poverty, while investing in direct solutions to those problems that do not involve criminalization",No federal legislation on police use of force or accountability was enacted and the 2022 accountable-policing executive order was reversed.,A/HRC/WG.6/50/USA/2 para. 18; A/HRC/WG.6/50/USA/3 para. 21; A/HRC/WG.6/50/USA/3 para. 35,"UN Compilation (A/HRC/WG.6/50/USA/2), para. 18 — International Independent Expert Mechanism to Advance Racial Justice and Equality in Law Enforcement: ""the existing regulatory framework on the use of force was conducive to the early and unjustified use of force, including lethal force, by law enforcement officers""
Stakeholders' Summary (A/HRC/WG.6/50/USA/3), para. 21 — Amnesty International: ""regretted the lack of action by Congress to pass the George Floyd Justice in Policing Act""
Stakeholders' Summary (A/HRC/WG.6/50/USA/3), para. 35 — JS5 (Physicians for Human Rights; Omega Research Foundation): ""Executive Order 14148 reversed policies linked to Executive Order 14074 on advancing effective, accountable policing and criminal justice practices"""
26.256,Romania,supported,Administration of justice & fair trial,"Police use of force, racial profiling and accountability",C,Not implemented / no relevant action taken,"Continue implementing reforms in order to address recurrent challenges to the promotion and protection of human rights, in particular in the field of racial discrimination and excessive use of force by the police",No federal legislation on police use of force or accountability was enacted and the 2022 accountable-policing executive order was reversed.,A/HRC/WG.6/50/USA/2 para. 18; A/HRC/WG.6/50/USA/3 para. 21; A/HRC/WG.6/50/USA/3 para. 35,"UN Compilation (A/HRC/WG.6/50/USA/2), para. 18 — International Independent Expert Mechanism to Advance Racial Justice and Equality in Law Enforcement: ""the existing regulatory framework on the use of force was conducive to the early and unjustified use of force, including lethal force, by law enforcement officers""
Stakeholders' Summary (A/HRC/WG.6/50/USA/3), para. 21 — Amnesty International: ""regretted the lack of action by Congress to pass the George Floyd Justice in Policing Act""
Stakeholders' Summary (A/HRC/WG.6/50/USA/3), para. 35 — JS5 (Physicians for Human Rights; Omega Research Foundation): ""Executive Order 14148 reversed policies linked to Executive Order 14074 on advancing effective, accountable policing and criminal justice practices"""
26.257,Russian Federation,supported,Legal & institutional reform,Legal and institutional reforms,C,Not implemented / no relevant action taken,"Take effective measures to prevent trafficking in persons and to address the issues of overcrowding in prisons, police violence and the increase in manifestations of racism, extremism and xenophobia",The composite reforms sought saw no relevant legislative action.,A/HRC/WG.6/50/USA/2 para. 30,"UN Compilation (A/HRC/WG.6/50/USA/2), para. 30 — International Independent Expert Mechanism to Advance Racial Justice and Equality in Law Enforcement: ""systemic racism had manifested in the disproportionate incarceration and harsher sentencing of Black individuals, perpetuating structural inequality and limiting access to justice"""
26.258,Saudi Arabia,supported,Administration of justice & fair trial,"Police use of force, racial profiling and accountability",C,Not implemented / no relevant action taken,"Pursue efforts to fight discrimination based on religion and creed in investigation, inspection and other interrogation processes in the context of law enforcement",No federal legislation on police use of force or accountability was enacted and the 2022 accountable-policing executive order was reversed.,A/HRC/WG.6/50/USA/2 para. 18; A/HRC/WG.6/50/USA/3 para. 21; A/HRC/WG.6/50/USA/3 para. 35,"UN Compilation (A/HRC/WG.6/50/USA/2), para. 18 — International Independent Expert Mechanism to Advance Racial Justice and Equality in Law Enforcement: ""the existing regulatory framework on the use of force was conducive to the early and unjustified use of force, including lethal force, by law enforcement officers""
Stakeholders' Summary (A/HRC/WG.6/50/USA/3), para. 21 — Amnesty International: ""regretted the lack of action by Congress to pass the George Floyd Justice in Policing Act""
Stakeholders' Summary (A/HRC/WG.6/50/USA/3), para. 35 — JS5 (Physicians for Human Rights; Omega Research Foundation): ""Executive Order 14148 reversed policies linked to Executive Order 14074 on advancing effective, accountable policing and criminal justice practices"""
26.259,Timor-Leste,supported,Administration of justice & fair trial,"Police use of force, racial profiling and accountability",C,Not implemented / no relevant action taken,Step up its efforts to address racial disparities in the criminal justice system,No federal legislation on police use of force or accountability was enacted and the 2022 accountable-policing executive order was reversed.,A/HRC/WG.6/50/USA/2 para. 18; A/HRC/WG.6/50/USA/3 para. 21; A/HRC/WG.6/50/USA/3 para. 35,"UN Compilation (A/HRC/WG.6/50/USA/2), para. 18 — International Independent Expert Mechanism to Advance Racial Justice and Equality in Law Enforcement: ""the existing regulatory framework on the use of force was conducive to the early and unjustified use of force, including lethal force, by law enforcement officers""
Stakeholders' Summary (A/HRC/WG.6/50/USA/3), para. 21 — Amnesty International: ""regretted the lack of action by Congress to pass the George Floyd Justice in Policing Act""
Stakeholders' Summary (A/HRC/WG.6/50/USA/3), para. 35 — JS5 (Physicians for Human Rights; Omega Research Foundation): ""Executive Order 14148 reversed policies linked to Executive Order 14074 on advancing effective, accountable policing and criminal justice practices"""
26.260,Turkey,supported,Administration of justice & fair trial,"Police use of force, racial profiling and accountability",C,Not implemented / no relevant action taken,"Take urgent measures to counter institutionalized racism, especially within law enforcement agencies, and improve the legal framework with a view to eradicating discrimination and intolerance against ethnic, racial and religious groups",No federal legislation on police use of force or accountability was enacted and the 2022 accountable-policing executive order was reversed.,A/HRC/WG.6/50/USA/2 para. 18; A/HRC/WG.6/50/USA/3 para. 21; A/HRC/WG.6/50/USA/3 para. 35,"UN Compilation (A/HRC/WG.6/50/USA/2), para. 18 — International Independent Expert Mechanism to Advance Racial Justice and Equality in Law Enforcement: ""the existing regulatory framework on the use of force was conducive to the early and unjustified use of force, including lethal force, by law enforcement officers""
Stakeholders' Summary (A/HRC/WG.6/50/USA/3), para. 21 — Amnesty International: ""regretted the lack of action by Congress to pass the George Floyd Justice in Policing Act""
Stakeholders' Summary (A/HRC/WG.6/50/USA/3), para. 35 — JS5 (Physicians for Human Rights; Omega Research Foundation): ""Executive Order 14148 reversed policies linked to Executive Order 14074 on advancing effective, accountable policing and criminal justice practices"""
26.261,Turkey,supported,"Human rights education, trainings & awareness raising",Human rights and anti-bias training and education,C,Not implemented / no relevant action taken,"Address the growing influence of extremist groups, such as white supremacists, within law enforcement agencies and start comprehensive training mechanisms focused on human rights and fundamental freedoms for law enforcement members",Recommended human-rights and anti-bias training was not institutionalised; book bans and curriculum restrictions cut the other way.,A/HRC/WG.6/50/USA/2 para. 46; A/HRC/WG.6/50/USA/3 para. 14,"UN Compilation (A/HRC/WG.6/50/USA/2), para. 46 — Special Rapporteur on racism: ""recommended ... training all teachers and school staff in racial equality, implicit bias and non-discrimination standards""
Stakeholders' Summary (A/HRC/WG.6/50/USA/3), para. 14 — Human Rights Watch: ""regretted the growing movement that prevented educating students about structural racism, including banning books or censoring classroom discussions of race, sexuality and gender"""
26.262,South Sudan,supported,Administration of justice & fair trial,"Police use of force, racial profiling and accountability",C,Not implemented / no relevant action taken,Redouble efforts in addressing issues of racial disparities in the criminal justice system,No federal legislation on police use of force or accountability was enacted and the 2022 accountable-policing executive order was reversed.,A/HRC/WG.6/50/USA/2 para. 18; A/HRC/WG.6/50/USA/3 para. 21; A/HRC/WG.6/50/USA/3 para. 35,"UN Compilation (A/HRC/WG.6/50/USA/2), para. 18 — International Independent Expert Mechanism to Advance Racial Justice and Equality in Law Enforcement: ""the existing regulatory framework on the use of force was conducive to the early and unjustified use of force, including lethal force, by law enforcement officers""
Stakeholders' Summary (A/HRC/WG.6/50/USA/3), para. 21 — Amnesty International: ""regretted the lack of action by Congress to pass the George Floyd Justice in Policing Act""
Stakeholders' Summary (A/HRC/WG.6/50/USA/3), para. 35 — JS5 (Physicians for Human Rights; Omega Research Foundation): ""Executive Order 14148 reversed policies linked to Executive Order 14074 on advancing effective, accountable policing and criminal justice practices"""
26.263,South Africa,supported,Administration of justice & fair trial,"Police use of force, racial profiling and accountability",C,Not implemented / no relevant action taken,"Take further steps to reform the criminal justice system in such a way as to reform sentencing laws such as the so-called “ three strikes rule ” that have wrongly and disproportionately harmed African-American communities, with life imprisonment for non-violent crimes",No federal legislation on police use of force or accountability was enacted and the 2022 accountable-policing executive order was reversed.,A/HRC/WG.6/50/USA/2 para. 18; A/HRC/WG.6/50/USA/3 para. 21; A/HRC/WG.6/50/USA/3 para. 35,"UN Compilation (A/HRC/WG.6/50/USA/2), para. 18 — International Independent Expert Mechanism to Advance Racial Justice and Equality in Law Enforcement: ""the existing regulatory framework on the use of force was conducive to the early and unjustified use of force, including lethal force, by law enforcement officers""
Stakeholders' Summary (A/HRC/WG.6/50/USA/3), para. 21 — Amnesty International: ""regretted the lack of action by Congress to pass the George Floyd Justice in Policing Act""
Stakeholders' Summary (A/HRC/WG.6/50/USA/3), para. 35 — JS5 (Physicians for Human Rights; Omega Research Foundation): ""Executive Order 14148 reversed policies linked to Executive Order 14074 on advancing effective, accountable policing and criminal justice practices"""
26.264,Namibia,supported,Administration of justice & fair trial,"Police use of force, racial profiling and accountability",C,Not implemented / no relevant action taken,Adopt legislation that aims to reduce incidents of profiling by law enforcement,No federal legislation on police use of force or accountability was enacted and the 2022 accountable-policing executive order was reversed.,A/HRC/WG.6/50/USA/2 para. 18; A/HRC/WG.6/50/USA/3 para. 21; A/HRC/WG.6/50/USA/3 para. 35,"UN Compilation (A/HRC/WG.6/50/USA/2), para. 18 — International Independent Expert Mechanism to Advance Racial Justice and Equality in Law Enforcement: ""the existing regulatory framework on the use of force was conducive to the early and unjustified use of force, including lethal force, by law enforcement officers""
Stakeholders' Summary (A/HRC/WG.6/50/USA/3), para. 21 — Amnesty International: ""regretted the lack of action by Congress to pass the George Floyd Justice in Policing Act""
Stakeholders' Summary (A/HRC/WG.6/50/USA/3), para. 35 — JS5 (Physicians for Human Rights; Omega Research Foundation): ""Executive Order 14148 reversed policies linked to Executive Order 14074 on advancing effective, accountable policing and criminal justice practices"""
26.265,Bulgaria,supported,"Freedom of thought, conscience & religion",Combat religious intolerance and Islamophobia,C,Not implemented / no relevant action taken,Maintain religious freedom as a high priority and continue to engage the international community in constructive initiatives,Religious intolerance and Islamophobia are reported to have risen; the recommended amendment of the Civil Rights Act was not made.,A/HRC/WG.6/50/USA/2 para. 59; A/HRC/WG.6/50/USA/3 para. 88,"UN Compilation (A/HRC/WG.6/50/USA/2), para. 59 — Special Rapporteur on minority issues: ""recommended amending the Civil Rights Act of 1964 to cover discrimination based on religion or belief""
Stakeholders' Summary (A/HRC/WG.6/50/USA/3), para. 88 — JS33 (Othering & Belonging Institute; Council on American-Islamic Relations): ""an increase in Islamophobia in the USA through prejudicial views, discriminatory language, violence, and policing, profiling, surveillance, torture, and detention along racial/ethnic religious lines"""
26.266,China,supported,"Freedom of thought, conscience & religion",Combat religious intolerance and Islamophobia,C,Not implemented / no relevant action taken,Combat the increasingly severe religious intolerance and xenophobic violence,Religious intolerance and Islamophobia are reported to have risen; the recommended amendment of the Civil Rights Act was not made.,A/HRC/WG.6/50/USA/2 para. 59; A/HRC/WG.6/50/USA/3 para. 88,"UN Compilation (A/HRC/WG.6/50/USA/2), para. 59 — Special Rapporteur on minority issues: ""recommended amending the Civil Rights Act of 1964 to cover discrimination based on religion or belief""
Stakeholders' Summary (A/HRC/WG.6/50/USA/3), para. 88 — JS33 (Othering & Belonging Institute; Council on American-Islamic Relations): ""an increase in Islamophobia in the USA through prejudicial views, discriminatory language, violence, and policing, profiling, surveillance, torture, and detention along racial/ethnic religious lines"""
26.267,Colombia,supported,"Freedom of thought, conscience & religion",Combat religious intolerance and Islamophobia,C,Not implemented / no relevant action taken,"Continue advancing in strengthening religious freedom, with the participation of all creeds or beliefs and civil society",Religious intolerance and Islamophobia are reported to have risen; the recommended amendment of the Civil Rights Act was not made.,A/HRC/WG.6/50/USA/2 para. 59; A/HRC/WG.6/50/USA/3 para. 88,"UN Compilation (A/HRC/WG.6/50/USA/2), para. 59 — Special Rapporteur on minority issues: ""recommended amending the Civil Rights Act of 1964 to cover discrimination based on religion or belief""
Stakeholders' Summary (A/HRC/WG.6/50/USA/3), para. 88 — JS33 (Othering & Belonging Institute; Council on American-Islamic Relations): ""an increase in Islamophobia in the USA through prejudicial views, discriminatory language, violence, and policing, profiling, surveillance, torture, and detention along racial/ethnic religious lines"""
26.268,Haiti,supported,Freedom of opinion and expression & access to information,"Protect freedom of expression, journalists and whistle-blowers",E,"Contrary measures taken, or recommendation rejected",Adopt new measures to guarantee freedom of expression on the Internet,"Stakeholders and special procedures report a decline in freedom of expression: visa revocations for speech, use of the Espionage Act, and pressure on journalists.",A/HRC/WG.6/50/USA/3 para. 36; A/HRC/WG.6/50/USA/2 para. 33,"Stakeholders' Summary (A/HRC/WG.6/50/USA/3), para. 36 — Several submissions (OHCHR summary): ""a decline in freedom of opinion and expression, including unjustified restrictions on media content, narrowing digital spaces, and threats against journalists and whistleblowers""
UN Compilation (A/HRC/WG.6/50/USA/2), para. 33 — Special Rapporteur on the right to education: ""warned that those attacks signalled an erosion of intellectual freedom and democratic principles in educational settings"""
26.269,Russian Federation,supported,Freedom of opinion and expression & access to information,"Protect freedom of expression, journalists and whistle-blowers",E,"Contrary measures taken, or recommendation rejected","Guarantee freedom of expression and freedom of the media, and create safe working conditions for journalists","Stakeholders and special procedures report a decline in freedom of expression: visa revocations for speech, use of the Espionage Act, and pressure on journalists.",A/HRC/WG.6/50/USA/3 para. 36; A/HRC/WG.6/50/USA/2 para. 33,"Stakeholders' Summary (A/HRC/WG.6/50/USA/3), para. 36 — Several submissions (OHCHR summary): ""a decline in freedom of opinion and expression, including unjustified restrictions on media content, narrowing digital spaces, and threats against journalists and whistleblowers""
UN Compilation (A/HRC/WG.6/50/USA/2), para. 33 — Special Rapporteur on the right to education: ""warned that those attacks signalled an erosion of intellectual freedom and democratic principles in educational settings"""
26.270,Belarus,supported,Right to peaceful assembly,Protect the right to peaceful assembly,E,"Contrary measures taken, or recommendation rejected",Ensure that the right to peaceful assembly is respected and refrain from the use of force and lethal weapons when dealing with protests,"Contrary measures: disproportionate policing of protests, new laws criminalising protest, and deportation/visa action against student protesters.",A/HRC/WG.6/50/USA/2 para. 33; A/HRC/WG.6/50/USA/3 para. 37,"UN Compilation (A/HRC/WG.6/50/USA/2), para. 33 — Special Rapporteur on the rights to freedom of peaceful assembly and of association: ""authorities and law enforcement entities had responded disproportionately to peaceful student-led protests, with vilification, criminalization, sanctions, arrests, detentions and the use of excessive force""
Stakeholders' Summary (A/HRC/WG.6/50/USA/3), para. 37 — Amnesty International: ""the introduction of bills restricting the right to protest, criminalising specific forms of protest, and the use of vague and broad laws to suppress protest movements"""
26.271,Egypt,supported,Right to peaceful assembly,Protect the right to peaceful assembly,E,"Contrary measures taken, or recommendation rejected",Investigate any allegations of the excessive use of force by law enforcement officials against protesters and investigate any allegations of torture and reduce restrictions on the right to peaceful assembly,"Contrary measures: disproportionate policing of protests, new laws criminalising protest, and deportation/visa action against student protesters.",A/HRC/WG.6/50/USA/2 para. 33; A/HRC/WG.6/50/USA/3 para. 37,"UN Compilation (A/HRC/WG.6/50/USA/2), para. 33 — Special Rapporteur on the rights to freedom of peaceful assembly and of association: ""authorities and law enforcement entities had responded disproportionately to peaceful student-led protests, with vilification, criminalization, sanctions, arrests, detentions and the use of excessive force""
Stakeholders' Summary (A/HRC/WG.6/50/USA/3), para. 37 — Amnesty International: ""the introduction of bills restricting the right to protest, criminalising specific forms of protest, and the use of vague and broad laws to suppress protest movements"""
26.272,Brazil,supported,Right to peaceful assembly,Protect the right to peaceful assembly,E,"Contrary measures taken, or recommendation rejected",Take steps to ensure that competent authorities at the state level refrain from enacting new laws which unduly restrict the right to freedom of peaceful assembly,"Contrary measures: disproportionate policing of protests, new laws criminalising protest, and deportation/visa action against student protesters.",A/HRC/WG.6/50/USA/2 para. 33; A/HRC/WG.6/50/USA/3 para. 37,"UN Compilation (A/HRC/WG.6/50/USA/2), para. 33 — Special Rapporteur on the rights to freedom of peaceful assembly and of association: ""authorities and law enforcement entities had responded disproportionately to peaceful student-led protests, with vilification, criminalization, sanctions, arrests, detentions and the use of excessive force""
Stakeholders' Summary (A/HRC/WG.6/50/USA/3), para. 37 — Amnesty International: ""the introduction of bills restricting the right to protest, criminalising specific forms of protest, and the use of vague and broad laws to suppress protest movements"""
26.273,Peru,supported,Human rights defenders,Protect human rights defenders,C,Not implemented / no relevant action taken,Develop measures to allow migrants ’ rights defenders to carry out their work freely,No policy framework to protect human rights defenders was adopted.,A/HRC/WG.6/50/USA/3 para. 69,"Stakeholders' Summary (A/HRC/WG.6/50/USA/3), para. 69 — JS65: ""requested the USA to ... develop policies to protect human rights defenders"""
26.274,South Sudan,supported,Human rights defenders,Protect access to asylum and non-refoulement; limit immigration detention,E,"Contrary measures taken, or recommendation rejected","Ensure an environment in which immigrant human rights defenders can do their work freely, without threat of immigration detention and deportation","Access to asylum was severely curtailed, detention without due process expanded and family separation resumed - directly contrary measures.",A/HRC/WG.6/50/USA/2 para. 69; A/HRC/WG.6/50/USA/3 para. 90,"UN Compilation (A/HRC/WG.6/50/USA/2), para. 69 — Human Rights Committee: ""measures adopted to address migration challenges excessively restricted protection of the right to seek asylum and increased the risk of breaches of the principle of refoulement""
Stakeholders' Summary (A/HRC/WG.6/50/USA/3), para. 90 — JS47: ""at the US-Mexico border, asylum had been all but eliminated"""
26.275,Germany,supported,Right to participate in public affairs & right to vote,Protect voting rights and restore Voting Rights Act protections,C,Not implemented / no relevant action taken,"Ensure the exercise of the right to vote, including by demanding that states refrain from using voter identification requirements that can have a discriminatory impact on voters",Federal voting-rights legislation did not pass; state-level restrictions increased with a disproportionate impact on racially marginalised voters.,A/HRC/WG.6/50/USA/2 para. 35; A/HRC/WG.6/50/USA/2 para. 36,"UN Compilation (A/HRC/WG.6/50/USA/2), para. 35 — Human Rights Committee: ""expressed concern at the increasing number of legislative initiatives and practices at the state level limiting the right to vote, including partisan gerrymandering, restrictions on voting by mail and burdensome voter identification""
UN Compilation (A/HRC/WG.6/50/USA/2), para. 36 — Special Rapporteur on minority issues; Special Rapporteur on racism: ""recommended adopting the Freedom to Vote and the John R. Lewis Voting Rights Advancement Act"""
26.276,Greece,supported,Right to participate in public affairs & right to vote,Protect voting rights and restore Voting Rights Act protections,C,Not implemented / no relevant action taken,Ensure the right to vote without discrimination by increasing access to every method of voting allowed in each state or jurisdiction,Federal voting-rights legislation did not pass; state-level restrictions increased with a disproportionate impact on racially marginalised voters.,A/HRC/WG.6/50/USA/2 para. 35; A/HRC/WG.6/50/USA/2 para. 36,"UN Compilation (A/HRC/WG.6/50/USA/2), para. 35 — Human Rights Committee: ""expressed concern at the increasing number of legislative initiatives and practices at the state level limiting the right to vote, including partisan gerrymandering, restrictions on voting by mail and burdensome voter identification""
UN Compilation (A/HRC/WG.6/50/USA/2), para. 36 — Special Rapporteur on minority issues; Special Rapporteur on racism: ""recommended adopting the Freedom to Vote and the John R. Lewis Voting Rights Advancement Act"""
26.277,Russian Federation,supported,Right to participate in public affairs & right to vote,Protect voting rights and restore Voting Rights Act protections,C,Not implemented / no relevant action taken,Ensure that United States citizens fully exercise their voting rights,Federal voting-rights legislation did not pass; state-level restrictions increased with a disproportionate impact on racially marginalised voters.,A/HRC/WG.6/50/USA/2 para. 35; A/HRC/WG.6/50/USA/2 para. 36,"UN Compilation (A/HRC/WG.6/50/USA/2), para. 35 — Human Rights Committee: ""expressed concern at the increasing number of legislative initiatives and practices at the state level limiting the right to vote, including partisan gerrymandering, restrictions on voting by mail and burdensome voter identification""
UN Compilation (A/HRC/WG.6/50/USA/2), para. 36 — Special Rapporteur on minority issues; Special Rapporteur on racism: ""recommended adopting the Freedom to Vote and the John R. Lewis Voting Rights Advancement Act"""
26.278,Belarus,noted,Right to participate in public affairs & right to vote,Protect voting rights and restore Voting Rights Act protections,C,Not implemented / no relevant action taken,Amend legislation to ensure that elections are held in accordance with international standards and in the presence of observers of the Organization for Security and Cooperation in Europe,Federal voting-rights legislation did not pass; state-level restrictions increased with a disproportionate impact on racially marginalised voters.,A/HRC/WG.6/50/USA/2 para. 35; A/HRC/WG.6/50/USA/2 para. 36,"UN Compilation (A/HRC/WG.6/50/USA/2), para. 35 — Human Rights Committee: ""expressed concern at the increasing number of legislative initiatives and practices at the state level limiting the right to vote, including partisan gerrymandering, restrictions on voting by mail and burdensome voter identification""
UN Compilation (A/HRC/WG.6/50/USA/2), para. 36 — Special Rapporteur on minority issues; Special Rapporteur on racism: ""recommended adopting the Freedom to Vote and the John R. Lewis Voting Rights Advancement Act"""
26.279,Republic of Moldova,supported,Human trafficking & contemporary forms of slavery,Combat trafficking in persons,C,Not implemented / no relevant action taken,Continue to improve efforts to reduce and eliminate adult and child trafficking,The Human Rights Committee still recommends redoubling efforts and stakeholders report continuing failures in victim identification.,A/HRC/WG.6/50/USA/2 para. 38; A/HRC/WG.6/50/USA/3 para. 49,"UN Compilation (A/HRC/WG.6/50/USA/2), para. 38 — Human Rights Committee: ""recommended that the United States redouble its efforts to combat trafficking in persons by improving victim identification, strengthening its preventive measures""
Stakeholders' Summary (A/HRC/WG.6/50/USA/3), para. 49 — JS22: ""reported failures in identifying and supporting victims and securing criminal convictions"""
26.280,Indonesia,supported,Human trafficking & contemporary forms of slavery,Combat trafficking in persons,C,Not implemented / no relevant action taken,Strengthen its bilateral collaboration to abolish human trafficking and slavery in the fisheries industries,The Human Rights Committee still recommends redoubling efforts and stakeholders report continuing failures in victim identification.,A/HRC/WG.6/50/USA/2 para. 38; A/HRC/WG.6/50/USA/3 para. 49,"UN Compilation (A/HRC/WG.6/50/USA/2), para. 38 — Human Rights Committee: ""recommended that the United States redouble its efforts to combat trafficking in persons by improving victim identification, strengthening its preventive measures""
Stakeholders' Summary (A/HRC/WG.6/50/USA/3), para. 49 — JS22: ""reported failures in identifying and supporting victims and securing criminal convictions"""
26.281,Nigeria,supported,Human trafficking & contemporary forms of slavery,Combat trafficking in persons,C,Not implemented / no relevant action taken,"Continue efforts in combating human trafficking and ensure the protection of the rights of victims of trafficking, as well as the rights of migrants",The Human Rights Committee still recommends redoubling efforts and stakeholders report continuing failures in victim identification.,A/HRC/WG.6/50/USA/2 para. 38; A/HRC/WG.6/50/USA/3 para. 49,"UN Compilation (A/HRC/WG.6/50/USA/2), para. 38 — Human Rights Committee: ""recommended that the United States redouble its efforts to combat trafficking in persons by improving victim identification, strengthening its preventive measures""
Stakeholders' Summary (A/HRC/WG.6/50/USA/3), para. 49 — JS22: ""reported failures in identifying and supporting victims and securing criminal convictions"""
26.282,Myanmar,supported,Labour rights and right to work,"Working conditions, minimum wage and forced prison labour",C,Not implemented / no relevant action taken,Strengthen sanctions against employers who engage in unfair labour practices and ensure that workers ’ rights are not violated,"Forced prison labour continues and the right to work is reported to have worsened, with mass terminations of federal employees in 2025.",A/HRC/WG.6/50/USA/2 para. 30; A/HRC/WG.6/50/USA/3 para. 50,"UN Compilation (A/HRC/WG.6/50/USA/2), para. 30 — Special Rapporteur on racism: ""referred to reports of poorly paid or unpaid forced labour by prisoners, who were disproportionately from racially marginalized groups""
Stakeholders' Summary (A/HRC/WG.6/50/USA/3), para. 50 — Elizka Relief Foundation: ""observed a worsening of the right to work, including reduction and terminations of federal employees and precarious employment of migrants"""
26.283,China,supported,Human rights & poverty,"Address poverty, inequality and its criminalisation",C,Not implemented / no relevant action taken,Take holistic measures to eliminate rich-poor polarization and social inequality,Around 40 million people live in poverty; stakeholders report no measures on the structural drivers and expanding criminalisation of poverty.,A/HRC/WG.6/50/USA/2 para. 39,"UN Compilation (A/HRC/WG.6/50/USA/2), para. 39 — Independent Expert on the enjoyment of human rights by persons with albinism: ""income inequalities remained high in the United States, with some 40 million people reportedly living in poverty""
UN Compilation (A/HRC/WG.6/50/USA/2), para. 39 — Special Rapporteur on racism: ""referred to reports of the criminalization of poverty, which trapped people in the criminal justice system"""
26.284,Cuba,supported,Human rights & poverty,"Address poverty, inequality and its criminalisation",C,Not implemented / no relevant action taken,"End the criminalization of poverty, which disproportionately affects African-Americans",Around 40 million people live in poverty; stakeholders report no measures on the structural drivers and expanding criminalisation of poverty.,A/HRC/WG.6/50/USA/2 para. 39,"UN Compilation (A/HRC/WG.6/50/USA/2), para. 39 — Independent Expert on the enjoyment of human rights by persons with albinism: ""income inequalities remained high in the United States, with some 40 million people reportedly living in poverty""
UN Compilation (A/HRC/WG.6/50/USA/2), para. 39 — Special Rapporteur on racism: ""referred to reports of the criminalization of poverty, which trapped people in the criminal justice system"""
26.285,Cuba,supported,Human rights & poverty,"Address poverty, inequality and its criminalisation",C,Not implemented / no relevant action taken,"Introduce reforms to reverse the high rates of poverty and inequality and recognize economic, social and cultural rights internally",Around 40 million people live in poverty; stakeholders report no measures on the structural drivers and expanding criminalisation of poverty.,A/HRC/WG.6/50/USA/2 para. 39,"UN Compilation (A/HRC/WG.6/50/USA/2), para. 39 — Independent Expert on the enjoyment of human rights by persons with albinism: ""income inequalities remained high in the United States, with some 40 million people reportedly living in poverty""
UN Compilation (A/HRC/WG.6/50/USA/2), para. 39 — Special Rapporteur on racism: ""referred to reports of the criminalization of poverty, which trapped people in the criminal justice system"""
26.286,Ethiopia,supported,Right to adequate housing,Realise the right to housing and decriminalise homelessness,C,Not implemented / no relevant action taken,Further enhance activities that will lead to reducing homelessness among vulnerable groups across the country,Governments at all levels are reported to have failed to meet the right to housing; laws banning sleeping in public spaces spread.,A/HRC/WG.6/50/USA/2 para. 42; A/HRC/WG.6/50/USA/3 para. 53,"UN Compilation (A/HRC/WG.6/50/USA/2), para. 42 — Committee on the Elimination of Racial Discrimination; Human Rights Committee: ""expressed concern about the high number of persons belonging to racial and ethnic minorities affected by homelessness and recommended abolishing laws and policies that criminalized homelessness""
Stakeholders' Summary (A/HRC/WG.6/50/USA/3), para. 53 — Human Rights Watch: ""governments at all levels had failed to meet the right to housing"""
26.287,Azerbaijan,supported,Right to an adequate standard of living,"Honour Indigenous treaties and guarantee free, prior and informed consent",E,"Contrary measures taken, or recommendation rejected",Develop strategies for addressing the housing and sanitary problems of marginalized communities such as indigenous and migrant communities,Executive Order 14112 on Tribal self-determination and funding was revoked in March 2025; FPIC is still not guaranteed in law or practice.,A/HRC/WG.6/50/USA/2 para. 58; A/HRC/WG.6/50/USA/3 para. 83,"UN Compilation (A/HRC/WG.6/50/USA/2), para. 58 — Committee on the Elimination of Racial Discrimination; Human Rights Committee: ""recommended that the United States honour the treaties entered into with Indigenous Peoples, guarantee, in law and in practice, the principle of free, prior and informed consent""
Stakeholders' Summary (A/HRC/WG.6/50/USA/3), para. 83 — Several submissions (OHCHR summary): ""Executive Order 14112, which had expanded access of Tribal Nations to federal funding and self-determination ... was revoked in March 2025"""
26.288,Poland,supported,Right to health,"Equitable, affordable access to health care",C,Not implemented / no relevant action taken,Protect expanded and equitable access to health care,No move toward universal healthcare or nationwide Medicaid expansion; health inequities persist and 2025 brought cancellation of health grants.,A/HRC/WG.6/50/USA/3 para. 60; A/HRC/WG.6/50/USA/3 para. 59,"Stakeholders' Summary (A/HRC/WG.6/50/USA/3), para. 60 — Human Rights Watch: ""systemic racism and the cost barriers of the predominantly for-profit health care system played a huge part in health inequities""
Stakeholders' Summary (A/HRC/WG.6/50/USA/3), para. 59 — JS9; Human Rights Watch: ""reported cancellation of grants for substance use and mental health programmes"""
26.289,Portugal,supported,Right to health,"Equitable, affordable access to health care",C,Not implemented / no relevant action taken,Take concrete steps to ensure the enjoyment of the human right to health by all its people without discrimination,No move toward universal healthcare or nationwide Medicaid expansion; health inequities persist and 2025 brought cancellation of health grants.,A/HRC/WG.6/50/USA/3 para. 60; A/HRC/WG.6/50/USA/3 para. 59,"Stakeholders' Summary (A/HRC/WG.6/50/USA/3), para. 60 — Human Rights Watch: ""systemic racism and the cost barriers of the predominantly for-profit health care system played a huge part in health inequities""
Stakeholders' Summary (A/HRC/WG.6/50/USA/3), para. 59 — JS9; Human Rights Watch: ""reported cancellation of grants for substance use and mental health programmes"""
26.290,Angola,supported,Right to health,"Equitable, affordable access to health care",C,Not implemented / no relevant action taken,Take further measures to make health-care services accessible to vulnerable people not supported by the current health system,No move toward universal healthcare or nationwide Medicaid expansion; health inequities persist and 2025 brought cancellation of health grants.,A/HRC/WG.6/50/USA/3 para. 60; A/HRC/WG.6/50/USA/3 para. 59,"Stakeholders' Summary (A/HRC/WG.6/50/USA/3), para. 60 — Human Rights Watch: ""systemic racism and the cost barriers of the predominantly for-profit health care system played a huge part in health inequities""
Stakeholders' Summary (A/HRC/WG.6/50/USA/3), para. 59 — JS9; Human Rights Watch: ""reported cancellation of grants for substance use and mental health programmes"""
26.291,Azerbaijan,supported,Right to health,"Equitable, affordable access to health care",C,Not implemented / no relevant action taken,"Take measures for providing health-care services to all without prejudice to race, economic situation and citizenship status of persons under its jurisdiction",No move toward universal healthcare or nationwide Medicaid expansion; health inequities persist and 2025 brought cancellation of health grants.,A/HRC/WG.6/50/USA/3 para. 60; A/HRC/WG.6/50/USA/3 para. 59,"Stakeholders' Summary (A/HRC/WG.6/50/USA/3), para. 60 — Human Rights Watch: ""systemic racism and the cost barriers of the predominantly for-profit health care system played a huge part in health inequities""
Stakeholders' Summary (A/HRC/WG.6/50/USA/3), para. 59 — JS9; Human Rights Watch: ""reported cancellation of grants for substance use and mental health programmes"""
26.292,Ethiopia,supported,Right to health,"Equitable, affordable access to health care",C,Not implemented / no relevant action taken,"Step up its efforts, both at home and abroad, to improve the health, dignity and well-being of women, children and their families",No move toward universal healthcare or nationwide Medicaid expansion; health inequities persist and 2025 brought cancellation of health grants.,A/HRC/WG.6/50/USA/3 para. 60; A/HRC/WG.6/50/USA/3 para. 59,"Stakeholders' Summary (A/HRC/WG.6/50/USA/3), para. 60 — Human Rights Watch: ""systemic racism and the cost barriers of the predominantly for-profit health care system played a huge part in health inequities""
Stakeholders' Summary (A/HRC/WG.6/50/USA/3), para. 59 — JS9; Human Rights Watch: ""reported cancellation of grants for substance use and mental health programmes"""
26.293,Iraq,supported,Right to health,"Equitable, affordable access to health care",C,Not implemented / no relevant action taken,"Ensure access to health care, drugs and treatment to all segments of society",No move toward universal healthcare or nationwide Medicaid expansion; health inequities persist and 2025 brought cancellation of health grants.,A/HRC/WG.6/50/USA/3 para. 60; A/HRC/WG.6/50/USA/3 para. 59,"Stakeholders' Summary (A/HRC/WG.6/50/USA/3), para. 60 — Human Rights Watch: ""systemic racism and the cost barriers of the predominantly for-profit health care system played a huge part in health inequities""
Stakeholders' Summary (A/HRC/WG.6/50/USA/3), para. 59 — JS9; Human Rights Watch: ""reported cancellation of grants for substance use and mental health programmes"""
26.294,Singapore,supported,Right to health,"Equitable, affordable access to health care",C,Not implemented / no relevant action taken,"Continue its ongoing efforts to build a more inclusive society and reduce inequalities, including by updating its strategic plans to address the disproportionate impact of the COVID-19 pandemic on vulnerable populations",No move toward universal healthcare or nationwide Medicaid expansion; health inequities persist and 2025 brought cancellation of health grants.,A/HRC/WG.6/50/USA/3 para. 60; A/HRC/WG.6/50/USA/3 para. 59,"Stakeholders' Summary (A/HRC/WG.6/50/USA/3), para. 60 — Human Rights Watch: ""systemic racism and the cost barriers of the predominantly for-profit health care system played a huge part in health inequities""
Stakeholders' Summary (A/HRC/WG.6/50/USA/3), para. 59 — JS9; Human Rights Watch: ""reported cancellation of grants for substance use and mental health programmes"""
26.295,Turkey,supported,Right to health,"Equitable, affordable access to health care",C,Not implemented / no relevant action taken,"Ensure equal, full and rapid access for all segments of United States society to free health care in the face of the COVID-19 pandemic",No move toward universal healthcare or nationwide Medicaid expansion; health inequities persist and 2025 brought cancellation of health grants.,A/HRC/WG.6/50/USA/3 para. 60; A/HRC/WG.6/50/USA/3 para. 59,"Stakeholders' Summary (A/HRC/WG.6/50/USA/3), para. 60 — Human Rights Watch: ""systemic racism and the cost barriers of the predominantly for-profit health care system played a huge part in health inequities""
Stakeholders' Summary (A/HRC/WG.6/50/USA/3), para. 59 — JS9; Human Rights Watch: ""reported cancellation of grants for substance use and mental health programmes"""
26.296,Bolivarian Republic of Venezuela,supported,Right to health,"Equitable, affordable access to health care",C,Not implemented / no relevant action taken,"Establish a public system that guarantees the right to health of its people, which has been decimated by the pandemic",No move toward universal healthcare or nationwide Medicaid expansion; health inequities persist and 2025 brought cancellation of health grants.,A/HRC/WG.6/50/USA/3 para. 60; A/HRC/WG.6/50/USA/3 para. 59,"Stakeholders' Summary (A/HRC/WG.6/50/USA/3), para. 60 — Human Rights Watch: ""systemic racism and the cost barriers of the predominantly for-profit health care system played a huge part in health inequities""
Stakeholders' Summary (A/HRC/WG.6/50/USA/3), para. 59 — JS9; Human Rights Watch: ""reported cancellation of grants for substance use and mental health programmes"""
26.297,China,noted,Right to health,"Equitable, affordable access to health care",C,Not implemented / no relevant action taken,"Urge politicians to respect people ’ s right to life and right to health, and stop politicizing and stigmatizing the COVID-19 pandemic",No move toward universal healthcare or nationwide Medicaid expansion; health inequities persist and 2025 brought cancellation of health grants.,A/HRC/WG.6/50/USA/3 para. 60; A/HRC/WG.6/50/USA/3 para. 59,"Stakeholders' Summary (A/HRC/WG.6/50/USA/3), para. 60 — Human Rights Watch: ""systemic racism and the cost barriers of the predominantly for-profit health care system played a huge part in health inequities""
Stakeholders' Summary (A/HRC/WG.6/50/USA/3), para. 59 — JS9; Human Rights Watch: ""reported cancellation of grants for substance use and mental health programmes"""
26.298,Cuba,supported,Right to health,"Equitable, affordable access to health care",C,Not implemented / no relevant action taken,"Guarantee the right to health, even in the context of COVID-19",No move toward universal healthcare or nationwide Medicaid expansion; health inequities persist and 2025 brought cancellation of health grants.,A/HRC/WG.6/50/USA/3 para. 60; A/HRC/WG.6/50/USA/3 para. 59,"Stakeholders' Summary (A/HRC/WG.6/50/USA/3), para. 60 — Human Rights Watch: ""systemic racism and the cost barriers of the predominantly for-profit health care system played a huge part in health inequities""
Stakeholders' Summary (A/HRC/WG.6/50/USA/3), para. 59 — JS9; Human Rights Watch: ""reported cancellation of grants for substance use and mental health programmes"""
26.299,Norway,supported,Sexual & reproductive health and rights,Access to abortion and maternal health care,E,"Contrary measures taken, or recommendation rejected",Lift funding restrictions on United States foreign assistance to promote women ’ s full access to sexual and reproductive health and rights,The 2022 Dobbs decision removed the federal constitutional right to abortion; the Women's Health Protection Act did not pass and stakeholders report none of the supported SRHR recommendations were implemented.,A/HRC/WG.6/50/USA/2 para. 43; A/HRC/WG.6/50/USA/3 para. 57,"UN Compilation (A/HRC/WG.6/50/USA/2), para. 43 — Several special procedure mandate holders: ""the United States Supreme Court decision to strike down Roe v. Wade represented a setback for the rule of law and for gender equality""
Stakeholders' Summary (A/HRC/WG.6/50/USA/3), para. 57 — JS3: ""none of the supported recommendations on sexual health and reproductive rights had been implemented""
UN Compilation (A/HRC/WG.6/50/USA/2), para. 43 — Human Rights Committee: ""recommended adopting the Women's Health Protection Act"""
26.300,United Kingdom of Great Britain and Northern Ireland,supported,Sexual & reproductive health and rights,Access to abortion and maternal health care,E,"Contrary measures taken, or recommendation rejected",Clarify its approach to ensuring access to comprehensive sexual and reproductive health services,The 2022 Dobbs decision removed the federal constitutional right to abortion; the Women's Health Protection Act did not pass and stakeholders report none of the supported SRHR recommendations were implemented.,A/HRC/WG.6/50/USA/2 para. 43; A/HRC/WG.6/50/USA/3 para. 57,"UN Compilation (A/HRC/WG.6/50/USA/2), para. 43 — Several special procedure mandate holders: ""the United States Supreme Court decision to strike down Roe v. Wade represented a setback for the rule of law and for gender equality""
Stakeholders' Summary (A/HRC/WG.6/50/USA/3), para. 57 — JS3: ""none of the supported recommendations on sexual health and reproductive rights had been implemented""
UN Compilation (A/HRC/WG.6/50/USA/2), para. 43 — Human Rights Committee: ""recommended adopting the Women's Health Protection Act"""
26.301,Australia,supported,Sexual & reproductive health and rights,Access to abortion and maternal health care,E,"Contrary measures taken, or recommendation rejected",Ensure that laws permitting the refusal of care based on religious and moral beliefs do not restrict women ’ s sexual and reproductive health and rights and that measures are put in place to monitor and prevent violations of these rights,The 2022 Dobbs decision removed the federal constitutional right to abortion; the Women's Health Protection Act did not pass and stakeholders report none of the supported SRHR recommendations were implemented.,A/HRC/WG.6/50/USA/2 para. 43; A/HRC/WG.6/50/USA/3 para. 57,"UN Compilation (A/HRC/WG.6/50/USA/2), para. 43 — Several special procedure mandate holders: ""the United States Supreme Court decision to strike down Roe v. Wade represented a setback for the rule of law and for gender equality""
Stakeholders' Summary (A/HRC/WG.6/50/USA/3), para. 57 — JS3: ""none of the supported recommendations on sexual health and reproductive rights had been implemented""
UN Compilation (A/HRC/WG.6/50/USA/2), para. 43 — Human Rights Committee: ""recommended adopting the Women's Health Protection Act"""
26.302,Austria,supported,Sexual & reproductive health and rights,Access to abortion and maternal health care,E,"Contrary measures taken, or recommendation rejected","Reverse policies inhibiting comprehensive and universal access to voluntary sexual and reproductive health services, especially in emergency situations, and end related restrictions on foreign assistance",The 2022 Dobbs decision removed the federal constitutional right to abortion; the Women's Health Protection Act did not pass and stakeholders report none of the supported SRHR recommendations were implemented.,A/HRC/WG.6/50/USA/2 para. 43; A/HRC/WG.6/50/USA/3 para. 57,"UN Compilation (A/HRC/WG.6/50/USA/2), para. 43 — Several special procedure mandate holders: ""the United States Supreme Court decision to strike down Roe v. Wade represented a setback for the rule of law and for gender equality""
Stakeholders' Summary (A/HRC/WG.6/50/USA/3), para. 57 — JS3: ""none of the supported recommendations on sexual health and reproductive rights had been implemented""
UN Compilation (A/HRC/WG.6/50/USA/2), para. 43 — Human Rights Committee: ""recommended adopting the Women's Health Protection Act"""
26.303,Canada,supported,Sexual & reproductive health and rights,Access to abortion and maternal health care,E,"Contrary measures taken, or recommendation rejected","Take action to support equitable access to sexual and reproductive health and rights services, and review policies that effectively limit foreign assistance for sexual and reproductive health and rights services abroad",The 2022 Dobbs decision removed the federal constitutional right to abortion; the Women's Health Protection Act did not pass and stakeholders report none of the supported SRHR recommendations were implemented.,A/HRC/WG.6/50/USA/2 para. 43; A/HRC/WG.6/50/USA/3 para. 57,"UN Compilation (A/HRC/WG.6/50/USA/2), para. 43 — Several special procedure mandate holders: ""the United States Supreme Court decision to strike down Roe v. Wade represented a setback for the rule of law and for gender equality""
Stakeholders' Summary (A/HRC/WG.6/50/USA/3), para. 57 — JS3: ""none of the supported recommendations on sexual health and reproductive rights had been implemented""
UN Compilation (A/HRC/WG.6/50/USA/2), para. 43 — Human Rights Committee: ""recommended adopting the Women's Health Protection Act"""
26.304,Denmark,supported,Sexual & reproductive health and rights,Access to abortion and maternal health care,E,"Contrary measures taken, or recommendation rejected",Rescind the Title X restrictions to ensure access to comprehensive family planning services for all,The 2022 Dobbs decision removed the federal constitutional right to abortion; the Women's Health Protection Act did not pass and stakeholders report none of the supported SRHR recommendations were implemented.,A/HRC/WG.6/50/USA/2 para. 43; A/HRC/WG.6/50/USA/3 para. 57,"UN Compilation (A/HRC/WG.6/50/USA/2), para. 43 — Several special procedure mandate holders: ""the United States Supreme Court decision to strike down Roe v. Wade represented a setback for the rule of law and for gender equality""
Stakeholders' Summary (A/HRC/WG.6/50/USA/3), para. 57 — JS3: ""none of the supported recommendations on sexual health and reproductive rights had been implemented""
UN Compilation (A/HRC/WG.6/50/USA/2), para. 43 — Human Rights Committee: ""recommended adopting the Women's Health Protection Act"""
26.305,Finland,supported,Right to health,"Equitable, affordable access to health care",C,Not implemented / no relevant action taken,"Make essential health services accessible to all women and girls, paying special attention to those who face multiple and intersecting forms of discrimination",No move toward universal healthcare or nationwide Medicaid expansion; health inequities persist and 2025 brought cancellation of health grants.,A/HRC/WG.6/50/USA/3 para. 60; A/HRC/WG.6/50/USA/3 para. 59,"Stakeholders' Summary (A/HRC/WG.6/50/USA/3), para. 60 — Human Rights Watch: ""systemic racism and the cost barriers of the predominantly for-profit health care system played a huge part in health inequities""
Stakeholders' Summary (A/HRC/WG.6/50/USA/3), para. 59 — JS9; Human Rights Watch: ""reported cancellation of grants for substance use and mental health programmes"""
26.306,France,supported,Sexual & reproductive health and rights,Access to abortion and maternal health care,E,"Contrary measures taken, or recommendation rejected",Ensure access by women and girls to sexual and reproductive rights and health,The 2022 Dobbs decision removed the federal constitutional right to abortion; the Women's Health Protection Act did not pass and stakeholders report none of the supported SRHR recommendations were implemented.,A/HRC/WG.6/50/USA/2 para. 43; A/HRC/WG.6/50/USA/3 para. 57,"UN Compilation (A/HRC/WG.6/50/USA/2), para. 43 — Several special procedure mandate holders: ""the United States Supreme Court decision to strike down Roe v. Wade represented a setback for the rule of law and for gender equality""
Stakeholders' Summary (A/HRC/WG.6/50/USA/3), para. 57 — JS3: ""none of the supported recommendations on sexual health and reproductive rights had been implemented""
UN Compilation (A/HRC/WG.6/50/USA/2), para. 43 — Human Rights Committee: ""recommended adopting the Women's Health Protection Act"""
26.307,Iceland,supported,Sexual & reproductive health and rights,Access to abortion and maternal health care,E,"Contrary measures taken, or recommendation rejected","Protect the sexual and reproductive health and rights of women and girls by ensuring their access to sexual and reproductive health information, commodities and services",The 2022 Dobbs decision removed the federal constitutional right to abortion; the Women's Health Protection Act did not pass and stakeholders report none of the supported SRHR recommendations were implemented.,A/HRC/WG.6/50/USA/2 para. 43; A/HRC/WG.6/50/USA/3 para. 57,"UN Compilation (A/HRC/WG.6/50/USA/2), para. 43 — Several special procedure mandate holders: ""the United States Supreme Court decision to strike down Roe v. Wade represented a setback for the rule of law and for gender equality""
Stakeholders' Summary (A/HRC/WG.6/50/USA/3), para. 57 — JS3: ""none of the supported recommendations on sexual health and reproductive rights had been implemented""
UN Compilation (A/HRC/WG.6/50/USA/2), para. 43 — Human Rights Committee: ""recommended adopting the Women's Health Protection Act"""
26.308,Luxembourg,supported,Sexual & reproductive health and rights,Access to abortion and maternal health care,E,"Contrary measures taken, or recommendation rejected","Guarantee essential health services for all, including sexual and reproductive health services",The 2022 Dobbs decision removed the federal constitutional right to abortion; the Women's Health Protection Act did not pass and stakeholders report none of the supported SRHR recommendations were implemented.,A/HRC/WG.6/50/USA/2 para. 43; A/HRC/WG.6/50/USA/3 para. 57,"UN Compilation (A/HRC/WG.6/50/USA/2), para. 43 — Several special procedure mandate holders: ""the United States Supreme Court decision to strike down Roe v. Wade represented a setback for the rule of law and for gender equality""
Stakeholders' Summary (A/HRC/WG.6/50/USA/3), para. 57 — JS3: ""none of the supported recommendations on sexual health and reproductive rights had been implemented""
UN Compilation (A/HRC/WG.6/50/USA/2), para. 43 — Human Rights Committee: ""recommended adopting the Women's Health Protection Act"""
26.309,Malaysia,supported,Sexual & reproductive health and rights,Access to abortion and maternal health care,E,"Contrary measures taken, or recommendation rejected","Ensure universal access to sexual and reproductive health information, education and services for all",The 2022 Dobbs decision removed the federal constitutional right to abortion; the Women's Health Protection Act did not pass and stakeholders report none of the supported SRHR recommendations were implemented.,A/HRC/WG.6/50/USA/2 para. 43; A/HRC/WG.6/50/USA/3 para. 57,"UN Compilation (A/HRC/WG.6/50/USA/2), para. 43 — Several special procedure mandate holders: ""the United States Supreme Court decision to strike down Roe v. Wade represented a setback for the rule of law and for gender equality""
Stakeholders' Summary (A/HRC/WG.6/50/USA/3), para. 57 — JS3: ""none of the supported recommendations on sexual health and reproductive rights had been implemented""
UN Compilation (A/HRC/WG.6/50/USA/2), para. 43 — Human Rights Committee: ""recommended adopting the Women's Health Protection Act"""
26.310,Mexico,supported,Sexual & reproductive health and rights,Access to abortion and maternal health care,E,"Contrary measures taken, or recommendation rejected",Ensure access by all women to sexual and reproductive health information and services,The 2022 Dobbs decision removed the federal constitutional right to abortion; the Women's Health Protection Act did not pass and stakeholders report none of the supported SRHR recommendations were implemented.,A/HRC/WG.6/50/USA/2 para. 43; A/HRC/WG.6/50/USA/3 para. 57,"UN Compilation (A/HRC/WG.6/50/USA/2), para. 43 — Several special procedure mandate holders: ""the United States Supreme Court decision to strike down Roe v. Wade represented a setback for the rule of law and for gender equality""
Stakeholders' Summary (A/HRC/WG.6/50/USA/3), para. 57 — JS3: ""none of the supported recommendations on sexual health and reproductive rights had been implemented""
UN Compilation (A/HRC/WG.6/50/USA/2), para. 43 — Human Rights Committee: ""recommended adopting the Women's Health Protection Act"""
26.311,Netherlands,supported,Sexual & reproductive health and rights,Access to abortion and maternal health care,E,"Contrary measures taken, or recommendation rejected","Repeal the Helms Amendment and the Protecting Life in Global Health Assistance Policy and, in the interim, allow United States foreign assistance to be used, at a minimum, for safe abortion in cases of rape, incest and life endangerment",The 2022 Dobbs decision removed the federal constitutional right to abortion; the Women's Health Protection Act did not pass and stakeholders report none of the supported SRHR recommendations were implemented.,A/HRC/WG.6/50/USA/2 para. 43; A/HRC/WG.6/50/USA/3 para. 57,"UN Compilation (A/HRC/WG.6/50/USA/2), para. 43 — Several special procedure mandate holders: ""the United States Supreme Court decision to strike down Roe v. Wade represented a setback for the rule of law and for gender equality""
Stakeholders' Summary (A/HRC/WG.6/50/USA/3), para. 57 — JS3: ""none of the supported recommendations on sexual health and reproductive rights had been implemented""
UN Compilation (A/HRC/WG.6/50/USA/2), para. 43 — Human Rights Committee: ""recommended adopting the Women's Health Protection Act"""
26.312,New Zealand,supported,Sexual & reproductive health and rights,Access to abortion and maternal health care,E,"Contrary measures taken, or recommendation rejected",Ensure that its international aid allows access to sexual and reproductive health services,The 2022 Dobbs decision removed the federal constitutional right to abortion; the Women's Health Protection Act did not pass and stakeholders report none of the supported SRHR recommendations were implemented.,A/HRC/WG.6/50/USA/2 para. 43; A/HRC/WG.6/50/USA/3 para. 57,"UN Compilation (A/HRC/WG.6/50/USA/2), para. 43 — Several special procedure mandate holders: ""the United States Supreme Court decision to strike down Roe v. Wade represented a setback for the rule of law and for gender equality""
Stakeholders' Summary (A/HRC/WG.6/50/USA/3), para. 57 — JS3: ""none of the supported recommendations on sexual health and reproductive rights had been implemented""
UN Compilation (A/HRC/WG.6/50/USA/2), para. 43 — Human Rights Committee: ""recommended adopting the Women's Health Protection Act"""
26.313,Botswana,supported,Right to education,"Equitable, quality public education",C,Not implemented / no relevant action taken,Take further robust and comprehensive measures to promote wider and equitable access to quality education at all levels,"Systemic funding inequities persist, book bans expanded, and the Department of Education is reported to be being dismantled.",A/HRC/WG.6/50/USA/2 para. 45; A/HRC/WG.6/50/USA/3 para. 62,"UN Compilation (A/HRC/WG.6/50/USA/2), para. 45 — Special Rapporteur on the right to education: ""identified systemic inequalities in the education system, including inequitable funding, overreliance on standardized testing, discriminatory disciplinary practices and the diversion of public funds to private and charter schools""
Stakeholders' Summary (A/HRC/WG.6/50/USA/3), para. 62 — JS6: ""expressed concern at the dismantling of the Education Department"""
26.314,Republic of Moldova,supported,Discrimination against women,"Combat discrimination against women in work, pay and public life",C,Not implemented / no relevant action taken,Strengthen legislation in order to eliminate all forms of gender discrimination in employment,"Persistent discrimination in wages, employment and education is reported; no federal equal-pay legislation was enacted and DEI policies were revoked in 2025.",A/HRC/WG.6/50/USA/3 para. 75; A/HRC/WG.6/50/USA/3 para. 51,"Stakeholders' Summary (A/HRC/WG.6/50/USA/3), para. 75 — Elizka Relief Foundation: ""persistent discrimination against women across various sectors such as wages, employment, and education""
Stakeholders' Summary (A/HRC/WG.6/50/USA/3), para. 51 — Abshar; IESW: ""recommended enacting federal legislation enforcing equal pay for equal work"""
26.315,Romania,supported,Discrimination against women,"Combat discrimination against women in work, pay and public life",C,Not implemented / no relevant action taken,Explore the option of introducing a by-law on mandatory paid minimum maternity leave,"Persistent discrimination in wages, employment and education is reported; no federal equal-pay legislation was enacted and DEI policies were revoked in 2025.",A/HRC/WG.6/50/USA/3 para. 75; A/HRC/WG.6/50/USA/3 para. 51,"Stakeholders' Summary (A/HRC/WG.6/50/USA/3), para. 75 — Elizka Relief Foundation: ""persistent discrimination against women across various sectors such as wages, employment, and education""
Stakeholders' Summary (A/HRC/WG.6/50/USA/3), para. 51 — Abshar; IESW: ""recommended enacting federal legislation enforcing equal pay for equal work"""
26.316,Sri Lanka,supported,Discrimination against women,"Combat discrimination against women in work, pay and public life",C,Not implemented / no relevant action taken,Strengthen further equality in the workplace by moving towards universal paid maternity leave and advancing universal maternal health care,"Persistent discrimination in wages, employment and education is reported; no federal equal-pay legislation was enacted and DEI policies were revoked in 2025.",A/HRC/WG.6/50/USA/3 para. 75; A/HRC/WG.6/50/USA/3 para. 51,"Stakeholders' Summary (A/HRC/WG.6/50/USA/3), para. 75 — Elizka Relief Foundation: ""persistent discrimination against women across various sectors such as wages, employment, and education""
Stakeholders' Summary (A/HRC/WG.6/50/USA/3), para. 51 — Abshar; IESW: ""recommended enacting federal legislation enforcing equal pay for equal work"""
26.317,India,supported,Discrimination against women,"Combat discrimination against women in work, pay and public life",C,Not implemented / no relevant action taken,Continue reinforcing legislation to eliminate all forms of gender discrimination in employment and ensure equal pay for work of equal value in the workplace,"Persistent discrimination in wages, employment and education is reported; no federal equal-pay legislation was enacted and DEI policies were revoked in 2025.",A/HRC/WG.6/50/USA/3 para. 75; A/HRC/WG.6/50/USA/3 para. 51,"Stakeholders' Summary (A/HRC/WG.6/50/USA/3), para. 75 — Elizka Relief Foundation: ""persistent discrimination against women across various sectors such as wages, employment, and education""
Stakeholders' Summary (A/HRC/WG.6/50/USA/3), para. 51 — Abshar; IESW: ""recommended enacting federal legislation enforcing equal pay for equal work"""
26.318,Israel,supported,Discrimination against women,"Combat discrimination against women in work, pay and public life",C,Not implemented / no relevant action taken,Encourage further private employers to strengthen equality and to offer paid maternity leave,"Persistent discrimination in wages, employment and education is reported; no federal equal-pay legislation was enacted and DEI policies were revoked in 2025.",A/HRC/WG.6/50/USA/3 para. 75; A/HRC/WG.6/50/USA/3 para. 51,"Stakeholders' Summary (A/HRC/WG.6/50/USA/3), para. 75 — Elizka Relief Foundation: ""persistent discrimination against women across various sectors such as wages, employment, and education""
Stakeholders' Summary (A/HRC/WG.6/50/USA/3), para. 51 — Abshar; IESW: ""recommended enacting federal legislation enforcing equal pay for equal work"""
26.319,Luxembourg,supported,Discrimination against women,"Combat discrimination against women in work, pay and public life",C,Not implemented / no relevant action taken,"Implement fully the commitments in the women and peace and security agenda at the national and international levels, notably in the framework of its role as a member of the Security Council, and ensure – politically and financially – the participation of women in peace processes","Persistent discrimination in wages, employment and education is reported; no federal equal-pay legislation was enacted and DEI policies were revoked in 2025.",A/HRC/WG.6/50/USA/3 para. 75; A/HRC/WG.6/50/USA/3 para. 51,"Stakeholders' Summary (A/HRC/WG.6/50/USA/3), para. 75 — Elizka Relief Foundation: ""persistent discrimination against women across various sectors such as wages, employment, and education""
Stakeholders' Summary (A/HRC/WG.6/50/USA/3), para. 51 — Abshar; IESW: ""recommended enacting federal legislation enforcing equal pay for equal work"""
26.320,Montenegro,supported,Discrimination against women,"Combat discrimination against women in work, pay and public life",C,Not implemented / no relevant action taken,"Strengthen further the existing non-discriminatory, inclusive and integrated approach to work to ensure women ’ s equality and the promotion and protection of these rights","Persistent discrimination in wages, employment and education is reported; no federal equal-pay legislation was enacted and DEI policies were revoked in 2025.",A/HRC/WG.6/50/USA/3 para. 75; A/HRC/WG.6/50/USA/3 para. 51,"Stakeholders' Summary (A/HRC/WG.6/50/USA/3), para. 75 — Elizka Relief Foundation: ""persistent discrimination against women across various sectors such as wages, employment, and education""
Stakeholders' Summary (A/HRC/WG.6/50/USA/3), para. 51 — Abshar; IESW: ""recommended enacting federal legislation enforcing equal pay for equal work"""
26.321,Bolivarian Republic of Venezuela,supported,Discrimination against women,Eliminate violence against women and girls,B,"Partially implemented / steps taken, further action needed",Eliminate the wage gap and gender-based violence and guarantee access to justice and reparation for victims,The Violence Against Women Act was reauthorised in 2022 with expanded tribal-jurisdiction provisions - a concrete step - but implementation gaps persist and 2025 brought funding cuts.,A/HRC/WG.6/50/USA/2 para. 53; A/HRC/WG.6/50/USA/3 para. 70,"UN Compilation (A/HRC/WG.6/50/USA/2), para. 53 — Human Rights Committee: ""recommended intensifying efforts to prevent, combat and eradicate all forms of violence against women and girls, paying special attention to women from minority and marginalized groups""
Stakeholders' Summary (A/HRC/WG.6/50/USA/3), para. 70 — GFG (Global Freedom Group): ""reported funding cuts to the Violence Against Women Act and domestic violence programmes"""
26.322,Greece,supported,Violence against women,Eliminate violence against women and girls,B,"Partially implemented / steps taken, further action needed","Prioritize services for preventing and responding to gender-based violence, including in institutional settings such as the penitentiary system",The Violence Against Women Act was reauthorised in 2022 with expanded tribal-jurisdiction provisions - a concrete step - but implementation gaps persist and 2025 brought funding cuts.,A/HRC/WG.6/50/USA/2 para. 53; A/HRC/WG.6/50/USA/3 para. 70,"UN Compilation (A/HRC/WG.6/50/USA/2), para. 53 — Human Rights Committee: ""recommended intensifying efforts to prevent, combat and eradicate all forms of violence against women and girls, paying special attention to women from minority and marginalized groups""
Stakeholders' Summary (A/HRC/WG.6/50/USA/3), para. 70 — GFG (Global Freedom Group): ""reported funding cuts to the Violence Against Women Act and domestic violence programmes"""
26.323,Georgia,supported,Violence against women,Eliminate violence against women and girls,B,"Partially implemented / steps taken, further action needed",Vigorously continue measures directed at the elimination of violence against women and girls,The Violence Against Women Act was reauthorised in 2022 with expanded tribal-jurisdiction provisions - a concrete step - but implementation gaps persist and 2025 brought funding cuts.,A/HRC/WG.6/50/USA/2 para. 53; A/HRC/WG.6/50/USA/3 para. 70,"UN Compilation (A/HRC/WG.6/50/USA/2), para. 53 — Human Rights Committee: ""recommended intensifying efforts to prevent, combat and eradicate all forms of violence against women and girls, paying special attention to women from minority and marginalized groups""
Stakeholders' Summary (A/HRC/WG.6/50/USA/3), para. 70 — GFG (Global Freedom Group): ""reported funding cuts to the Violence Against Women Act and domestic violence programmes"""
26.324,Bahrain,supported,Advancement of women,Women's participation in work and leadership,C,Not implemented / no relevant action taken,Continue efforts made and measures taken to ensure the protection of women ’ s and children ’ s rights,"Persistent gender inequality in the workforce and leadership is reported, aggravated by the 2025 DEI revocation.",A/HRC/WG.6/50/USA/3 para. 76,"Stakeholders' Summary (A/HRC/WG.6/50/USA/3), para. 76 — IPWR (Institute for Protection of Women's Rights): ""the persistent gender inequality in the workforce ... Women, particularly women of colour, were significantly underrepresented in leadership roles and high-paying occupations"""
26.325,Haiti,supported,Children: definition,Racial equity in child welfare and parental due process,C,Not implemented / no relevant action taken,Create a federal mechanism to provide the necessary support to boys and young men in order to avoid any delay in their psychosocial development,Racial disparities in the child-welfare system persist; recommended due-process protections for parents were not adopted.,A/HRC/WG.6/50/USA/2 para. 54,"UN Compilation (A/HRC/WG.6/50/USA/2), para. 54 — Committee on the Elimination of Racial Discrimination: ""expressed concern about the disproportionate number of children from racial and ethnic minorities removed from their families and placed in foster care""
UN Compilation (A/HRC/WG.6/50/USA/2), para. 54 — Human Rights Committee: ""recommended increasing due process protections for parents and reviewing the factors triggering child welfare interventions, in particular poverty and lack of financial resources"""
26.326,Paraguay,supported,Indigenous peoples,"Honour Indigenous treaties and guarantee free, prior and informed consent",E,"Contrary measures taken, or recommendation rejected","Develop norms that ensure free, prior and informed consultations with indigenous communities in relation to projects with a potential impact on their territories and traditional ways of life, in accordance with Sustainable Development Goals 10 and 16",Executive Order 14112 on Tribal self-determination and funding was revoked in March 2025; FPIC is still not guaranteed in law or practice.,A/HRC/WG.6/50/USA/2 para. 58; A/HRC/WG.6/50/USA/3 para. 83,"UN Compilation (A/HRC/WG.6/50/USA/2), para. 58 — Committee on the Elimination of Racial Discrimination; Human Rights Committee: ""recommended that the United States honour the treaties entered into with Indigenous Peoples, guarantee, in law and in practice, the principle of free, prior and informed consent""
Stakeholders' Summary (A/HRC/WG.6/50/USA/3), para. 83 — Several submissions (OHCHR summary): ""Executive Order 14112, which had expanded access of Tribal Nations to federal funding and self-determination ... was revoked in March 2025"""
26.327,El Salvador,supported,Migrants,Protect access to asylum and non-refoulement; limit immigration detention,E,"Contrary measures taken, or recommendation rejected","Make efforts in favour of the human rights of migrants, asylum seekers and refugees","Access to asylum was severely curtailed, detention without due process expanded and family separation resumed - directly contrary measures.",A/HRC/WG.6/50/USA/2 para. 69; A/HRC/WG.6/50/USA/3 para. 90,"UN Compilation (A/HRC/WG.6/50/USA/2), para. 69 — Human Rights Committee: ""measures adopted to address migration challenges excessively restricted protection of the right to seek asylum and increased the risk of breaches of the principle of refoulement""
Stakeholders' Summary (A/HRC/WG.6/50/USA/3), para. 90 — JS47: ""at the US-Mexico border, asylum had been all but eliminated"""
26.328,Myanmar,supported,Migrants,"Asylum access, immigration detention and deportations",E,"Contrary measures taken, or recommendation rejected",Step up measures to protect and ensure the rights of migrants,"Measures run directly counter to these recommendations: asylum access was severely curtailed, detention without due process expanded and family separation resumed.",A/HRC/WG.6/50/USA/2 para. 69; A/HRC/WG.6/50/USA/2 para. 64; A/HRC/WG.6/50/USA/3 para. 90,"UN Compilation (A/HRC/WG.6/50/USA/2), para. 69 — Human Rights Committee: ""measures adopted to address migration challenges excessively restricted protection of the right to seek asylum and increased the risk of breaches of the principle of refoulement""
UN Compilation (A/HRC/WG.6/50/USA/2), para. 64 — Several special procedure mandate holders: ""the misuse of the Alien Enemies Act by the Government of the United States to deny due process and enable arbitrary deportations, involving enforced disappearances""
Stakeholders' Summary (A/HRC/WG.6/50/USA/3), para. 90 — JS47: ""at the US-Mexico border, asylum had been all but eliminated; migration enforcement escalated focusing on mass deportations"""
26.329,Egypt,supported,Migrants,"Asylum access, immigration detention and deportations",E,"Contrary measures taken, or recommendation rejected",Strengthen the rights of migrant workers and their family members,"Measures run directly counter to these recommendations: asylum access was severely curtailed, detention without due process expanded and family separation resumed.",A/HRC/WG.6/50/USA/2 para. 69; A/HRC/WG.6/50/USA/2 para. 64; A/HRC/WG.6/50/USA/3 para. 90,"UN Compilation (A/HRC/WG.6/50/USA/2), para. 69 — Human Rights Committee: ""measures adopted to address migration challenges excessively restricted protection of the right to seek asylum and increased the risk of breaches of the principle of refoulement""
UN Compilation (A/HRC/WG.6/50/USA/2), para. 64 — Several special procedure mandate holders: ""the misuse of the Alien Enemies Act by the Government of the United States to deny due process and enable arbitrary deportations, involving enforced disappearances""
Stakeholders' Summary (A/HRC/WG.6/50/USA/3), para. 90 — JS47: ""at the US-Mexico border, asylum had been all but eliminated; migration enforcement escalated focusing on mass deportations"""
26.330,Turkey,supported,Migrants,"Asylum access, immigration detention and deportations",E,"Contrary measures taken, or recommendation rejected",Institute adequate mechanisms and means to deal with migratory flows in full respect with human dignity and international standards,"Measures run directly counter to these recommendations: asylum access was severely curtailed, detention without due process expanded and family separation resumed.",A/HRC/WG.6/50/USA/2 para. 69; A/HRC/WG.6/50/USA/2 para. 64; A/HRC/WG.6/50/USA/3 para. 90,"UN Compilation (A/HRC/WG.6/50/USA/2), para. 69 — Human Rights Committee: ""measures adopted to address migration challenges excessively restricted protection of the right to seek asylum and increased the risk of breaches of the principle of refoulement""
UN Compilation (A/HRC/WG.6/50/USA/2), para. 64 — Several special procedure mandate holders: ""the misuse of the Alien Enemies Act by the Government of the United States to deny due process and enable arbitrary deportations, involving enforced disappearances""
Stakeholders' Summary (A/HRC/WG.6/50/USA/3), para. 90 — JS47: ""at the US-Mexico border, asylum had been all but eliminated; migration enforcement escalated focusing on mass deportations"""
26.331,Bolivarian Republic of Venezuela,supported,Migrants,"Asylum access, immigration detention and deportations",E,"Contrary measures taken, or recommendation rejected",End the zero-tolerance policy and protect the rights of migrants,"Measures run directly counter to these recommendations: asylum access was severely curtailed, detention without due process expanded and family separation resumed.",A/HRC/WG.6/50/USA/2 para. 69; A/HRC/WG.6/50/USA/2 para. 64; A/HRC/WG.6/50/USA/3 para. 90,"UN Compilation (A/HRC/WG.6/50/USA/2), para. 69 — Human Rights Committee: ""measures adopted to address migration challenges excessively restricted protection of the right to seek asylum and increased the risk of breaches of the principle of refoulement""
UN Compilation (A/HRC/WG.6/50/USA/2), para. 64 — Several special procedure mandate holders: ""the misuse of the Alien Enemies Act by the Government of the United States to deny due process and enable arbitrary deportations, involving enforced disappearances""
Stakeholders' Summary (A/HRC/WG.6/50/USA/3), para. 90 — JS47: ""at the US-Mexico border, asylum had been all but eliminated; migration enforcement escalated focusing on mass deportations"""
26.332,Argentina,supported,Migrants,"Asylum access, immigration detention and deportations",E,"Contrary measures taken, or recommendation rejected",Review administrative measures that criminally penalize migrants who enter the country without authorization,"Measures run directly counter to these recommendations: asylum access was severely curtailed, detention without due process expanded and family separation resumed.",A/HRC/WG.6/50/USA/2 para. 69; A/HRC/WG.6/50/USA/2 para. 64; A/HRC/WG.6/50/USA/3 para. 90,"UN Compilation (A/HRC/WG.6/50/USA/2), para. 69 — Human Rights Committee: ""measures adopted to address migration challenges excessively restricted protection of the right to seek asylum and increased the risk of breaches of the principle of refoulement""
UN Compilation (A/HRC/WG.6/50/USA/2), para. 64 — Several special procedure mandate holders: ""the misuse of the Alien Enemies Act by the Government of the United States to deny due process and enable arbitrary deportations, involving enforced disappearances""
Stakeholders' Summary (A/HRC/WG.6/50/USA/3), para. 90 — JS47: ""at the US-Mexico border, asylum had been all but eliminated; migration enforcement escalated focusing on mass deportations"""
26.333,Norway,supported,Migrants,"Asylum access, immigration detention and deportations",E,"Contrary measures taken, or recommendation rejected","Ensure that detention conditions for immigrants, particularly for minors, comply with international human rights law","Measures run directly counter to these recommendations: asylum access was severely curtailed, detention without due process expanded and family separation resumed.",A/HRC/WG.6/50/USA/2 para. 69; A/HRC/WG.6/50/USA/2 para. 64; A/HRC/WG.6/50/USA/3 para. 90,"UN Compilation (A/HRC/WG.6/50/USA/2), para. 69 — Human Rights Committee: ""measures adopted to address migration challenges excessively restricted protection of the right to seek asylum and increased the risk of breaches of the principle of refoulement""
UN Compilation (A/HRC/WG.6/50/USA/2), para. 64 — Several special procedure mandate holders: ""the misuse of the Alien Enemies Act by the Government of the United States to deny due process and enable arbitrary deportations, involving enforced disappearances""
Stakeholders' Summary (A/HRC/WG.6/50/USA/3), para. 90 — JS47: ""at the US-Mexico border, asylum had been all but eliminated; migration enforcement escalated focusing on mass deportations"""
26.334,Peru,supported,Migrants,Protect access to asylum and non-refoulement; limit immigration detention,E,"Contrary measures taken, or recommendation rejected",Ensure that the detention and separation of migrant families and asylum seekers are not used as punitive measures to deter irregular entry into the country,"Access to asylum was severely curtailed, detention without due process expanded and family separation resumed - directly contrary measures.",A/HRC/WG.6/50/USA/2 para. 69; A/HRC/WG.6/50/USA/3 para. 90,"UN Compilation (A/HRC/WG.6/50/USA/2), para. 69 — Human Rights Committee: ""measures adopted to address migration challenges excessively restricted protection of the right to seek asylum and increased the risk of breaches of the principle of refoulement""
Stakeholders' Summary (A/HRC/WG.6/50/USA/3), para. 90 — JS47: ""at the US-Mexico border, asylum had been all but eliminated"""
26.335,Thailand,supported,Migrants,"Asylum access, immigration detention and deportations",E,"Contrary measures taken, or recommendation rejected","Increase its efforts to protect migrants, especially those in vulnerable groups, including by seeking alternatives to detention for migrant children and ensuring access to basic services","Measures run directly counter to these recommendations: asylum access was severely curtailed, detention without due process expanded and family separation resumed.",A/HRC/WG.6/50/USA/2 para. 69; A/HRC/WG.6/50/USA/2 para. 64; A/HRC/WG.6/50/USA/3 para. 90,"UN Compilation (A/HRC/WG.6/50/USA/2), para. 69 — Human Rights Committee: ""measures adopted to address migration challenges excessively restricted protection of the right to seek asylum and increased the risk of breaches of the principle of refoulement""
UN Compilation (A/HRC/WG.6/50/USA/2), para. 64 — Several special procedure mandate holders: ""the misuse of the Alien Enemies Act by the Government of the United States to deny due process and enable arbitrary deportations, involving enforced disappearances""
Stakeholders' Summary (A/HRC/WG.6/50/USA/3), para. 90 — JS47: ""at the US-Mexico border, asylum had been all but eliminated; migration enforcement escalated focusing on mass deportations"""
26.336,Slovenia,supported,Migrants,"Asylum access, immigration detention and deportations",E,"Contrary measures taken, or recommendation rejected",That the United States Department of Homeland Security and the United States Immigration and Customs Enforcement agency should acknowledge the human right of families to remain united and/or be reunited,"Measures run directly counter to these recommendations: asylum access was severely curtailed, detention without due process expanded and family separation resumed.",A/HRC/WG.6/50/USA/2 para. 69; A/HRC/WG.6/50/USA/2 para. 64; A/HRC/WG.6/50/USA/3 para. 90,"UN Compilation (A/HRC/WG.6/50/USA/2), para. 69 — Human Rights Committee: ""measures adopted to address migration challenges excessively restricted protection of the right to seek asylum and increased the risk of breaches of the principle of refoulement""
UN Compilation (A/HRC/WG.6/50/USA/2), para. 64 — Several special procedure mandate holders: ""the misuse of the Alien Enemies Act by the Government of the United States to deny due process and enable arbitrary deportations, involving enforced disappearances""
Stakeholders' Summary (A/HRC/WG.6/50/USA/3), para. 90 — JS47: ""at the US-Mexico border, asylum had been all but eliminated; migration enforcement escalated focusing on mass deportations"""
26.337,Zambia,supported,Migrants,Protect access to asylum and non-refoulement; limit immigration detention,E,"Contrary measures taken, or recommendation rejected",Seek alternatives to the present immigration detention system and improve conditions of confinement to meet basic human rights standards,"Access to asylum was severely curtailed, detention without due process expanded and family separation resumed - directly contrary measures.",A/HRC/WG.6/50/USA/2 para. 69; A/HRC/WG.6/50/USA/3 para. 90,"UN Compilation (A/HRC/WG.6/50/USA/2), para. 69 — Human Rights Committee: ""measures adopted to address migration challenges excessively restricted protection of the right to seek asylum and increased the risk of breaches of the principle of refoulement""
Stakeholders' Summary (A/HRC/WG.6/50/USA/3), para. 90 — JS47: ""at the US-Mexico border, asylum had been all but eliminated"""
26.338,China,supported,Migrants,"Asylum access, immigration detention and deportations",E,"Contrary measures taken, or recommendation rejected","Stop incarcerating migrants, including migrant children, and guarantee the rights of migrants","Measures run directly counter to these recommendations: asylum access was severely curtailed, detention without due process expanded and family separation resumed.",A/HRC/WG.6/50/USA/2 para. 69; A/HRC/WG.6/50/USA/2 para. 64; A/HRC/WG.6/50/USA/3 para. 90,"UN Compilation (A/HRC/WG.6/50/USA/2), para. 69 — Human Rights Committee: ""measures adopted to address migration challenges excessively restricted protection of the right to seek asylum and increased the risk of breaches of the principle of refoulement""
UN Compilation (A/HRC/WG.6/50/USA/2), para. 64 — Several special procedure mandate holders: ""the misuse of the Alien Enemies Act by the Government of the United States to deny due process and enable arbitrary deportations, involving enforced disappearances""
Stakeholders' Summary (A/HRC/WG.6/50/USA/3), para. 90 — JS47: ""at the US-Mexico border, asylum had been all but eliminated; migration enforcement escalated focusing on mass deportations"""
26.339,Cuba,supported,Migrants,Protect access to asylum and non-refoulement; limit immigration detention,E,"Contrary measures taken, or recommendation rejected","Stop the cruel, inhuman and degrading treatment of migrants and asylum seekers and the separation of hundreds of minors from their families","Access to asylum was severely curtailed, detention without due process expanded and family separation resumed - directly contrary measures.",A/HRC/WG.6/50/USA/2 para. 69; A/HRC/WG.6/50/USA/3 para. 90,"UN Compilation (A/HRC/WG.6/50/USA/2), para. 69 — Human Rights Committee: ""measures adopted to address migration challenges excessively restricted protection of the right to seek asylum and increased the risk of breaches of the principle of refoulement""
Stakeholders' Summary (A/HRC/WG.6/50/USA/3), para. 90 — JS47: ""at the US-Mexico border, asylum had been all but eliminated"""
26.340,Ecuador,supported,Migrants,"Asylum access, immigration detention and deportations",E,"Contrary measures taken, or recommendation rejected","Protect the rights of children who arrive in the United States and seek alternatives to the current detention system for migrant children, both unaccompanied and part of family groups, and allow them to remain under the protection of their parents","Measures run directly counter to these recommendations: asylum access was severely curtailed, detention without due process expanded and family separation resumed.",A/HRC/WG.6/50/USA/2 para. 69; A/HRC/WG.6/50/USA/2 para. 64; A/HRC/WG.6/50/USA/3 para. 90,"UN Compilation (A/HRC/WG.6/50/USA/2), para. 69 — Human Rights Committee: ""measures adopted to address migration challenges excessively restricted protection of the right to seek asylum and increased the risk of breaches of the principle of refoulement""
UN Compilation (A/HRC/WG.6/50/USA/2), para. 64 — Several special procedure mandate holders: ""the misuse of the Alien Enemies Act by the Government of the United States to deny due process and enable arbitrary deportations, involving enforced disappearances""
Stakeholders' Summary (A/HRC/WG.6/50/USA/3), para. 90 — JS47: ""at the US-Mexico border, asylum had been all but eliminated; migration enforcement escalated focusing on mass deportations"""
26.341,Colombia,supported,Migrants,"Asylum access, immigration detention and deportations",E,"Contrary measures taken, or recommendation rejected",Fully guarantee the human rights and fundamental freedoms of migrant children and adolescents regardless of their immigration status,"Measures run directly counter to these recommendations: asylum access was severely curtailed, detention without due process expanded and family separation resumed.",A/HRC/WG.6/50/USA/2 para. 69; A/HRC/WG.6/50/USA/2 para. 64; A/HRC/WG.6/50/USA/3 para. 90,"UN Compilation (A/HRC/WG.6/50/USA/2), para. 69 — Human Rights Committee: ""measures adopted to address migration challenges excessively restricted protection of the right to seek asylum and increased the risk of breaches of the principle of refoulement""
UN Compilation (A/HRC/WG.6/50/USA/2), para. 64 — Several special procedure mandate holders: ""the misuse of the Alien Enemies Act by the Government of the United States to deny due process and enable arbitrary deportations, involving enforced disappearances""
Stakeholders' Summary (A/HRC/WG.6/50/USA/3), para. 90 — JS47: ""at the US-Mexico border, asylum had been all but eliminated; migration enforcement escalated focusing on mass deportations"""
26.342,Fiji,supported,Migrants,"Asylum access, immigration detention and deportations",E,"Contrary measures taken, or recommendation rejected",Ensure that detention centres for migrants and refugees and the treatment they receive meet the basic conditions called for under international human rights law and standards,"Measures run directly counter to these recommendations: asylum access was severely curtailed, detention without due process expanded and family separation resumed.",A/HRC/WG.6/50/USA/2 para. 69; A/HRC/WG.6/50/USA/2 para. 64; A/HRC/WG.6/50/USA/3 para. 90,"UN Compilation (A/HRC/WG.6/50/USA/2), para. 69 — Human Rights Committee: ""measures adopted to address migration challenges excessively restricted protection of the right to seek asylum and increased the risk of breaches of the principle of refoulement""
UN Compilation (A/HRC/WG.6/50/USA/2), para. 64 — Several special procedure mandate holders: ""the misuse of the Alien Enemies Act by the Government of the United States to deny due process and enable arbitrary deportations, involving enforced disappearances""
Stakeholders' Summary (A/HRC/WG.6/50/USA/3), para. 90 — JS47: ""at the US-Mexico border, asylum had been all but eliminated; migration enforcement escalated focusing on mass deportations"""
26.343,Ghana,supported,Migrants,"Asylum access, immigration detention and deportations",E,"Contrary measures taken, or recommendation rejected",Improve conditions of confinement pertaining to immigrants to meet human rights standards and international treaties,"Measures run directly counter to these recommendations: asylum access was severely curtailed, detention without due process expanded and family separation resumed.",A/HRC/WG.6/50/USA/2 para. 69; A/HRC/WG.6/50/USA/2 para. 64; A/HRC/WG.6/50/USA/3 para. 90,"UN Compilation (A/HRC/WG.6/50/USA/2), para. 69 — Human Rights Committee: ""measures adopted to address migration challenges excessively restricted protection of the right to seek asylum and increased the risk of breaches of the principle of refoulement""
UN Compilation (A/HRC/WG.6/50/USA/2), para. 64 — Several special procedure mandate holders: ""the misuse of the Alien Enemies Act by the Government of the United States to deny due process and enable arbitrary deportations, involving enforced disappearances""
Stakeholders' Summary (A/HRC/WG.6/50/USA/3), para. 90 — JS47: ""at the US-Mexico border, asylum had been all but eliminated; migration enforcement escalated focusing on mass deportations"""
26.344,Islamic Republic of Iran,supported,Migrants,"Asylum access, immigration detention and deportations",E,"Contrary measures taken, or recommendation rejected",Stop separating young children from their migrant parents and putting them in cages,"Measures run directly counter to these recommendations: asylum access was severely curtailed, detention without due process expanded and family separation resumed.",A/HRC/WG.6/50/USA/2 para. 69; A/HRC/WG.6/50/USA/2 para. 64; A/HRC/WG.6/50/USA/3 para. 90,"UN Compilation (A/HRC/WG.6/50/USA/2), para. 69 — Human Rights Committee: ""measures adopted to address migration challenges excessively restricted protection of the right to seek asylum and increased the risk of breaches of the principle of refoulement""
UN Compilation (A/HRC/WG.6/50/USA/2), para. 64 — Several special procedure mandate holders: ""the misuse of the Alien Enemies Act by the Government of the United States to deny due process and enable arbitrary deportations, involving enforced disappearances""
Stakeholders' Summary (A/HRC/WG.6/50/USA/3), para. 90 — JS47: ""at the US-Mexico border, asylum had been all but eliminated; migration enforcement escalated focusing on mass deportations"""
26.345,Luxembourg,supported,Migrants,"Asylum access, immigration detention and deportations",E,"Contrary measures taken, or recommendation rejected",Include in legislation the ban on the separation of families in the context of migration,"Measures run directly counter to these recommendations: asylum access was severely curtailed, detention without due process expanded and family separation resumed.",A/HRC/WG.6/50/USA/2 para. 69; A/HRC/WG.6/50/USA/2 para. 64; A/HRC/WG.6/50/USA/3 para. 90,"UN Compilation (A/HRC/WG.6/50/USA/2), para. 69 — Human Rights Committee: ""measures adopted to address migration challenges excessively restricted protection of the right to seek asylum and increased the risk of breaches of the principle of refoulement""
UN Compilation (A/HRC/WG.6/50/USA/2), para. 64 — Several special procedure mandate holders: ""the misuse of the Alien Enemies Act by the Government of the United States to deny due process and enable arbitrary deportations, involving enforced disappearances""
Stakeholders' Summary (A/HRC/WG.6/50/USA/3), para. 90 — JS47: ""at the US-Mexico border, asylum had been all but eliminated; migration enforcement escalated focusing on mass deportations"""
26.346,Mexico,supported,Migrants,"Asylum access, immigration detention and deportations",E,"Contrary measures taken, or recommendation rejected","Guarantee respect for the life, dignity, security and human rights of migrants and refugees, ensure adequate conditions in detention centres, prioritize the family unit and safeguard the best interests of the child","Measures run directly counter to these recommendations: asylum access was severely curtailed, detention without due process expanded and family separation resumed.",A/HRC/WG.6/50/USA/2 para. 69; A/HRC/WG.6/50/USA/2 para. 64; A/HRC/WG.6/50/USA/3 para. 90,"UN Compilation (A/HRC/WG.6/50/USA/2), para. 69 — Human Rights Committee: ""measures adopted to address migration challenges excessively restricted protection of the right to seek asylum and increased the risk of breaches of the principle of refoulement""
UN Compilation (A/HRC/WG.6/50/USA/2), para. 64 — Several special procedure mandate holders: ""the misuse of the Alien Enemies Act by the Government of the United States to deny due process and enable arbitrary deportations, involving enforced disappearances""
Stakeholders' Summary (A/HRC/WG.6/50/USA/3), para. 90 — JS47: ""at the US-Mexico border, asylum had been all but eliminated; migration enforcement escalated focusing on mass deportations"""
26.347,,supported,Migrants,"Asylum access, immigration detention and deportations",E,"Contrary measures taken, or recommendation rejected","Ensure the enjoyment of human rights by minorities and vulnerable groups in the country, especially those in detention centres for migrants along the southern border of the United States (Nicaragua).","Measures run directly counter to these recommendations: asylum access was severely curtailed, detention without due process expanded and family separation resumed.",A/HRC/WG.6/50/USA/2 para. 69; A/HRC/WG.6/50/USA/2 para. 64; A/HRC/WG.6/50/USA/3 para. 90,"UN Compilation (A/HRC/WG.6/50/USA/2), para. 69 — Human Rights Committee: ""measures adopted to address migration challenges excessively restricted protection of the right to seek asylum and increased the risk of breaches of the principle of refoulement""
UN Compilation (A/HRC/WG.6/50/USA/2), para. 64 — Several special procedure mandate holders: ""the misuse of the Alien Enemies Act by the Government of the United States to deny due process and enable arbitrary deportations, involving enforced disappearances""
Stakeholders' Summary (A/HRC/WG.6/50/USA/3), para. 90 — JS47: ""at the US-Mexico border, asylum had been all but eliminated; migration enforcement escalated focusing on mass deportations"""
