paragraph,recommending_state,position,primary_theme,action_summary,grade,grade_label,text,rationale,sources,evidence_quotes
118.1,Bahamas; Costa Rica; France; Mongolia,supported,Ratification of & accession to international instruments,Ratify the Optional Protocol to the ICESCR,C,Not implemented / no relevant action taken,"Ratify the Optional Protocol to the International Covenant on Economic, Social and Cultural Rights",Paraguay has not ratified OP-ICESCR; the National Report says it remains under 'internal analysis'.,A/HRC/WG.6/52/PRY/2 para. 2; A/HRC/WG.6/52/PRY/1 para. 8,"UN Compilation (A/HRC/WG.6/52/PRY/2), para. 2 — Special Rapporteur on minority issues; United Nations country team; UNESCO: ""recommended that Paraguay ratify the Optional Protocol to the International Covenant on Economic, Social and Cultural Rights""
National Report (A/HRC/WG.6/52/PRY/1), para. 8 — Paraguay: ""the possible ratification of the Optional Protocol to the International Covenant on Economic, Social and Cultural Rights continues to be the subject of internal analysis"""
118.2,Niger,supported,Ratification of & accession to international instruments,Ratify the Optional Protocol to the ICESCR,C,Not implemented / no relevant action taken,"Consider the ratification of the Optional Protocol to the International Covenant on Economic, Social and Cultural Rights (Morocco); Consider ratifying the Optional Protocol to the International Covenant on Economic, Social and Cultural Rights",Paraguay has not ratified OP-ICESCR; the National Report says it remains under 'internal analysis'.,A/HRC/WG.6/52/PRY/2 para. 2; A/HRC/WG.6/52/PRY/1 para. 8,"UN Compilation (A/HRC/WG.6/52/PRY/2), para. 2 — Special Rapporteur on minority issues; United Nations country team; UNESCO: ""recommended that Paraguay ratify the Optional Protocol to the International Covenant on Economic, Social and Cultural Rights""
National Report (A/HRC/WG.6/52/PRY/1), para. 8 — Paraguay: ""the possible ratification of the Optional Protocol to the International Covenant on Economic, Social and Cultural Rights continues to be the subject of internal analysis"""
118.3,Escazú Agreement; Slovenia,noted,Ratification of & accession to international instruments,Ratify the Escazu Agreement,C,Not implemented / no relevant action taken,"Ratify the Regional Agreement on Access to Information, Public Participation and Justice in Environmental Matters in Latin America and the Caribbean",Paraguay has not ratified the Escazu Agreement; the Government says it will 'move forward with a process of analysis and dialogue'.,A/HRC/WG.6/52/PRY/3 para. 13,"Stakeholders' Summary (A/HRC/WG.6/52/PRY/3), para. 13 — Amnesty International; Joint Submission 3: ""the failure to ratify the Regional Agreement on Access to Information, Public Participation and Justice in Environmental Matters in Latin America and the Caribbean (Escazu Agreement)"""
118.4,Escazú Agreement; Uruguay,noted,Ratification of & accession to international instruments,Ratify the Escazu Agreement,C,Not implemented / no relevant action taken,"Give priority to the internal process oriented to the ratification of the Regional Agreement on Access to Information, Public Participation and Justice in Environmental Matters in Latin America and the Caribbean",Paraguay has not ratified the Escazu Agreement; the Government says it will 'move forward with a process of analysis and dialogue'.,A/HRC/WG.6/52/PRY/3 para. 13,"Stakeholders' Summary (A/HRC/WG.6/52/PRY/3), para. 13 — Amnesty International; Joint Submission 3: ""the failure to ratify the Regional Agreement on Access to Information, Public Participation and Justice in Environmental Matters in Latin America and the Caribbean (Escazu Agreement)"""
118.5,Canada,noted,Ratification of & accession to international instruments,Adopt a protection mechanism for journalists and human rights defenders,C,Not implemented / no relevant action taken,"Ratify the Escazú Agreement and ensure appropriate resources are in place to enforce it domestically in order to better protect environmental defenders, including indigenous peoples, rural leaders and journalists","A bill to protect journalists and human rights defenders, required by an Inter-American Court ruling, has been pending in Congress since 2021; attacks and criminalisation of defenders continue and most murders of journalists remain unpunished.",A/HRC/WG.6/52/PRY/2 para. 23; A/HRC/WG.6/52/PRY/3 para. 29,"UN Compilation (A/HRC/WG.6/52/PRY/2), para. 23 — United Nations country team: ""although the Inter-American Court of Human Rights had issued a ruling ordering the establishment of a mechanism for protecting journalists and defenders, the bill presented for this purpose had not made any progress through the parliament since 2021""
Stakeholders' Summary (A/HRC/WG.6/52/PRY/3), para. 29 — Amnesty International: ""regretted the lack of progress made towards adopting the bill to protect journalists and human rights defenders"""
118.6,Mauritius; Rwanda,supported,Ratification of & accession to international instruments,Ratify outstanding international instruments,B,"Partially implemented / steps taken, further action needed",Ratify the Convention against Discrimination in Education 1960,"Paraguay ratified the Convention against Discrimination in Education (2025) and approved accession to the Inter-American Convention on Older Persons (December 2025), but has not ratified the Optional Protocol to the ICESCR (still under 'internal analysis'), the Escazu Agreement, the Ljubljana-The Hague Convention or the Inter-American Conventions against racism and discrimination.",A/HRC/WG.6/52/PRY/1 para. 6; A/HRC/WG.6/52/PRY/2 para. 2; A/HRC/WG.6/52/PRY/3 para. 13,"National Report (A/HRC/WG.6/52/PRY/1), para. 6 — Paraguay: ""Paraguay ratified the Convention against Discrimination in Education in 2025. In December 2025, it approved accession to the Inter-American Convention on Protecting the Human Rights of Older Persons""
UN Compilation (A/HRC/WG.6/52/PRY/2), para. 2 — Special Rapporteur on minority issues; United Nations country team; UNESCO: ""recommended that Paraguay ratify the Optional Protocol to the International Covenant on Economic, Social and Cultural Rights""
Stakeholders' Summary (A/HRC/WG.6/52/PRY/3), para. 13 — Amnesty International; Joint Submission 3: ""the failure to ratify the Regional Agreement on Access to Information, Public Participation and Justice in Environmental Matters in Latin America and the Caribbean (Escazu Agreement)"""
118.7,Poland,supported,Ratification of & accession to international instruments,Ratify outstanding international instruments,B,"Partially implemented / steps taken, further action needed",Accede to the Convention against Discrimination in Education,"Paraguay ratified the Convention against Discrimination in Education (2025) and approved accession to the Inter-American Convention on Older Persons (December 2025), but has not ratified the Optional Protocol to the ICESCR (still under 'internal analysis'), the Escazu Agreement, the Ljubljana-The Hague Convention or the Inter-American Conventions against racism and discrimination.",A/HRC/WG.6/52/PRY/1 para. 6; A/HRC/WG.6/52/PRY/2 para. 2; A/HRC/WG.6/52/PRY/3 para. 13,"National Report (A/HRC/WG.6/52/PRY/1), para. 6 — Paraguay: ""Paraguay ratified the Convention against Discrimination in Education in 2025. In December 2025, it approved accession to the Inter-American Convention on Protecting the Human Rights of Older Persons""
UN Compilation (A/HRC/WG.6/52/PRY/2), para. 2 — Special Rapporteur on minority issues; United Nations country team; UNESCO: ""recommended that Paraguay ratify the Optional Protocol to the International Covenant on Economic, Social and Cultural Rights""
Stakeholders' Summary (A/HRC/WG.6/52/PRY/3), para. 13 — Amnesty International; Joint Submission 3: ""the failure to ratify the Regional Agreement on Access to Information, Public Participation and Justice in Environmental Matters in Latin America and the Caribbean (Escazu Agreement)"""
118.8,Romania,supported,Ratification of & accession to international instruments,Ratify outstanding international instruments,B,"Partially implemented / steps taken, further action needed","Take additional measures, already under way in Congress, aimed at ratifying the Convention against Discrimination in Education","Paraguay ratified the Convention against Discrimination in Education (2025) and approved accession to the Inter-American Convention on Older Persons (December 2025), but has not ratified the Optional Protocol to the ICESCR (still under 'internal analysis'), the Escazu Agreement, the Ljubljana-The Hague Convention or the Inter-American Conventions against racism and discrimination.",A/HRC/WG.6/52/PRY/1 para. 6; A/HRC/WG.6/52/PRY/2 para. 2; A/HRC/WG.6/52/PRY/3 para. 13,"National Report (A/HRC/WG.6/52/PRY/1), para. 6 — Paraguay: ""Paraguay ratified the Convention against Discrimination in Education in 2025. In December 2025, it approved accession to the Inter-American Convention on Protecting the Human Rights of Older Persons""
UN Compilation (A/HRC/WG.6/52/PRY/2), para. 2 — Special Rapporteur on minority issues; United Nations country team; UNESCO: ""recommended that Paraguay ratify the Optional Protocol to the International Covenant on Economic, Social and Cultural Rights""
Stakeholders' Summary (A/HRC/WG.6/52/PRY/3), para. 13 — Amnesty International; Joint Submission 3: ""the failure to ratify the Regional Agreement on Access to Information, Public Participation and Justice in Environmental Matters in Latin America and the Caribbean (Escazu Agreement)"""
118.9,Senegal,supported,Ratification of & accession to international instruments,Ratify outstanding international instruments,B,"Partially implemented / steps taken, further action needed",Step up the ratification process of the Convention against Discrimination in Education,"Paraguay ratified the Convention against Discrimination in Education (2025) and approved accession to the Inter-American Convention on Older Persons (December 2025), but has not ratified the Optional Protocol to the ICESCR (still under 'internal analysis'), the Escazu Agreement, the Ljubljana-The Hague Convention or the Inter-American Conventions against racism and discrimination.",A/HRC/WG.6/52/PRY/1 para. 6; A/HRC/WG.6/52/PRY/2 para. 2; A/HRC/WG.6/52/PRY/3 para. 13,"National Report (A/HRC/WG.6/52/PRY/1), para. 6 — Paraguay: ""Paraguay ratified the Convention against Discrimination in Education in 2025. In December 2025, it approved accession to the Inter-American Convention on Protecting the Human Rights of Older Persons""
UN Compilation (A/HRC/WG.6/52/PRY/2), para. 2 — Special Rapporteur on minority issues; United Nations country team; UNESCO: ""recommended that Paraguay ratify the Optional Protocol to the International Covenant on Economic, Social and Cultural Rights""
Stakeholders' Summary (A/HRC/WG.6/52/PRY/3), para. 13 — Amnesty International; Joint Submission 3: ""the failure to ratify the Regional Agreement on Access to Information, Public Participation and Justice in Environmental Matters in Latin America and the Caribbean (Escazu Agreement)"""
118.10,Argentina,supported,Ratification of & accession to international instruments,Ratify outstanding international instruments,B,"Partially implemented / steps taken, further action needed",Consider signing and ratifying the Inter-American Convention on Protecting the Human Rights of Older Persons,"Paraguay ratified the Convention against Discrimination in Education (2025) and approved accession to the Inter-American Convention on Older Persons (December 2025), but has not ratified the Optional Protocol to the ICESCR (still under 'internal analysis'), the Escazu Agreement, the Ljubljana-The Hague Convention or the Inter-American Conventions against racism and discrimination.",A/HRC/WG.6/52/PRY/1 para. 6; A/HRC/WG.6/52/PRY/2 para. 2; A/HRC/WG.6/52/PRY/3 para. 13,"National Report (A/HRC/WG.6/52/PRY/1), para. 6 — Paraguay: ""Paraguay ratified the Convention against Discrimination in Education in 2025. In December 2025, it approved accession to the Inter-American Convention on Protecting the Human Rights of Older Persons""
UN Compilation (A/HRC/WG.6/52/PRY/2), para. 2 — Special Rapporteur on minority issues; United Nations country team; UNESCO: ""recommended that Paraguay ratify the Optional Protocol to the International Covenant on Economic, Social and Cultural Rights""
Stakeholders' Summary (A/HRC/WG.6/52/PRY/3), para. 13 — Amnesty International; Joint Submission 3: ""the failure to ratify the Regional Agreement on Access to Information, Public Participation and Justice in Environmental Matters in Latin America and the Caribbean (Escazu Agreement)"""
118.11,Côte d’Ivoire,supported,Ratification of & accession to international instruments,Ratify outstanding international instruments,B,"Partially implemented / steps taken, further action needed","Ratify the Inter-American Convention against Racism, Racial Discrimination and Related Forms of Intolerance","Paraguay ratified the Convention against Discrimination in Education (2025) and approved accession to the Inter-American Convention on Older Persons (December 2025), but has not ratified the Optional Protocol to the ICESCR (still under 'internal analysis'), the Escazu Agreement, the Ljubljana-The Hague Convention or the Inter-American Conventions against racism and discrimination.",A/HRC/WG.6/52/PRY/1 para. 6; A/HRC/WG.6/52/PRY/2 para. 2; A/HRC/WG.6/52/PRY/3 para. 13,"National Report (A/HRC/WG.6/52/PRY/1), para. 6 — Paraguay: ""Paraguay ratified the Convention against Discrimination in Education in 2025. In December 2025, it approved accession to the Inter-American Convention on Protecting the Human Rights of Older Persons""
UN Compilation (A/HRC/WG.6/52/PRY/2), para. 2 — Special Rapporteur on minority issues; United Nations country team; UNESCO: ""recommended that Paraguay ratify the Optional Protocol to the International Covenant on Economic, Social and Cultural Rights""
Stakeholders' Summary (A/HRC/WG.6/52/PRY/3), para. 13 — Amnesty International; Joint Submission 3: ""the failure to ratify the Regional Agreement on Access to Information, Public Participation and Justice in Environmental Matters in Latin America and the Caribbean (Escazu Agreement)"""
118.12,Azerbaijan,supported,Cooperation with human rights mechanisms & requests for technical assistance,Cooperate with human rights mechanisms,B,"Partially implemented / steps taken, further action needed",Strengthen its cooperation with various United Nations human rights mechanisms,"Paraguay is up to date with treaty-body reporting, submitted its UPR mid-term report and runs the SIMORE Plus implementation and follow-up system developed with OHCHR; several Human Rights Committee reparation orders remain unimplemented.",A/HRC/WG.6/52/PRY/1 para. 11; A/HRC/WG.6/52/PRY/2 para. 4,"National Report (A/HRC/WG.6/52/PRY/1), para. 11 — Paraguay: ""Paraguay is up to date with its reporting obligations to the treaty bodies""
UN Compilation (A/HRC/WG.6/52/PRY/2), para. 4 — Committee on Migrant Workers; Committee on the Rights of Persons with Disabilities: ""acknowledged the SIMORE recommendations monitoring mechanism, as an outcome of a cooperation project between Paraguay and OHCHR"""
118.13,Chile,supported,National Human Rights Action Plans (or specific areas) / implementation plans,Implement the National Human Rights Plan,B,"Partially implemented / steps taken, further action needed","Continue efforts to ensure the effective implementation and monitoring of the National Human Rights Plan, ensuring the active participation of civil society",Paraguay approved the fourth Action Plan of the Human Rights Network (2024-2028) and coordinates implementation through the Ministry of Justice and the SIMORE Plus system; civil society reports the action plans were prepared without broad participation and there is no comprehensive new national plan.,A/HRC/WG.6/52/PRY/1 para. 9; A/HRC/WG.6/52/PRY/3 para. 17,"National Report (A/HRC/WG.6/52/PRY/1), para. 9 — Paraguay: ""the fourth Action Plan of the Human Rights Network (2024-2028) was approved in 2024 with the strategic aim of promoting inter-agency and intersectoral coordination to implement the National Human Rights Plan""
Stakeholders' Summary (A/HRC/WG.6/52/PRY/3), para. 17 — Joint Submission 5: ""authorities had prepared the III Action Plan 2021-2023 without broad citizen participation and so far, there was no evidence of a comprehensive new national plan"""
118.14,Indonesia,supported,National Human Rights Action Plans (or specific areas) / implementation plans,Implement the National Human Rights Plan,B,"Partially implemented / steps taken, further action needed","Take further steps in strengthening the implementation of Paraguay ’ s human rights national action plan, especially those related to protecting the rights of women and children",Paraguay approved the fourth Action Plan of the Human Rights Network (2024-2028) and coordinates implementation through the Ministry of Justice and the SIMORE Plus system; civil society reports the action plans were prepared without broad participation and there is no comprehensive new national plan.,A/HRC/WG.6/52/PRY/1 para. 9; A/HRC/WG.6/52/PRY/3 para. 17,"National Report (A/HRC/WG.6/52/PRY/1), para. 9 — Paraguay: ""the fourth Action Plan of the Human Rights Network (2024-2028) was approved in 2024 with the strategic aim of promoting inter-agency and intersectoral coordination to implement the National Human Rights Plan""
Stakeholders' Summary (A/HRC/WG.6/52/PRY/3), para. 17 — Joint Submission 5: ""authorities had prepared the III Action Plan 2021-2023 without broad citizen participation and so far, there was no evidence of a comprehensive new national plan"""
118.15,Sudan,supported,National Human Rights Action Plans (or specific areas) / implementation plans,Strengthen the Ombudsman (national human rights institution),B,"Partially implemented / steps taken, further action needed","Continue efforts to implement the National Human Rights Plan, and provide the national human rights institution with the necessary human and financial resources in order to fulfil its mandate","The Ombudsman's Office regained GANHRI category A status in 2025 and its budget rose, but it remains among the lowest-funded agencies and its selection process is not regulated or merit-based.",A/HRC/WG.6/52/PRY/1 para. 17; A/HRC/WG.6/52/PRY/2 para. 7,"National Report (A/HRC/WG.6/52/PRY/1), para. 17 — Paraguay: ""The Office of the Ombudsman was re-accredited with category A status ... officially granted in 2025 and certifies that the Office is in full compliance with the Paris Principles""
UN Compilation (A/HRC/WG.6/52/PRY/2), para. 7 — United Nations country team: ""The budget allocated to the institution had been increased, but it continued to have one of the lowest budgets of any agency"""
118.16,Chile,supported,National Human Rights Institution (NHRI),Strengthen the Ombudsman (national human rights institution),B,"Partially implemented / steps taken, further action needed","Ensure that the national human rights institution functions fully in line with the Paris Principles, through the provision of the necessary human, technical and financial resources, to ensure that it implements its mandate","The Ombudsman's Office regained GANHRI category A status in 2025 and its budget rose, but it remains among the lowest-funded agencies and its selection process is not regulated or merit-based.",A/HRC/WG.6/52/PRY/1 para. 17; A/HRC/WG.6/52/PRY/2 para. 7,"National Report (A/HRC/WG.6/52/PRY/1), para. 17 — Paraguay: ""The Office of the Ombudsman was re-accredited with category A status ... officially granted in 2025 and certifies that the Office is in full compliance with the Paris Principles""
UN Compilation (A/HRC/WG.6/52/PRY/2), para. 7 — United Nations country team: ""The budget allocated to the institution had been increased, but it continued to have one of the lowest budgets of any agency"""
118.17,Costa Rica,supported,National Human Rights Institution (NHRI),Strengthen the Ombudsman (national human rights institution),B,"Partially implemented / steps taken, further action needed","Continue with measures to strengthen human rights institutions, especially the ombudsperson and the deputy ombudsperson, in line with the Paris Principles","The Ombudsman's Office regained GANHRI category A status in 2025 and its budget rose, but it remains among the lowest-funded agencies and its selection process is not regulated or merit-based.",A/HRC/WG.6/52/PRY/1 para. 17; A/HRC/WG.6/52/PRY/2 para. 7,"National Report (A/HRC/WG.6/52/PRY/1), para. 17 — Paraguay: ""The Office of the Ombudsman was re-accredited with category A status ... officially granted in 2025 and certifies that the Office is in full compliance with the Paris Principles""
UN Compilation (A/HRC/WG.6/52/PRY/2), para. 7 — United Nations country team: ""The budget allocated to the institution had been increased, but it continued to have one of the lowest budgets of any agency"""
118.18,Finland,supported,National Human Rights Institution (NHRI),Strengthen the Ombudsman (national human rights institution),B,"Partially implemented / steps taken, further action needed","Establish a transparent and participatory procedure for the election of the Ombudsman that guarantees pluralism, independence and selection based on a track record in the defence of human rights","The Ombudsman's Office regained GANHRI category A status in 2025 and its budget rose, but it remains among the lowest-funded agencies and its selection process is not regulated or merit-based.",A/HRC/WG.6/52/PRY/1 para. 17; A/HRC/WG.6/52/PRY/2 para. 7,"National Report (A/HRC/WG.6/52/PRY/1), para. 17 — Paraguay: ""The Office of the Ombudsman was re-accredited with category A status ... officially granted in 2025 and certifies that the Office is in full compliance with the Paris Principles""
UN Compilation (A/HRC/WG.6/52/PRY/2), para. 7 — United Nations country team: ""The budget allocated to the institution had been increased, but it continued to have one of the lowest budgets of any agency"""
118.19,India,supported,National Human Rights Institution (NHRI),Strengthen the Ombudsman (national human rights institution),B,"Partially implemented / steps taken, further action needed","Further strengthen the national human rights institution, the Office of the Ombudsman, in accordance with the Paris Principles","The Ombudsman's Office regained GANHRI category A status in 2025 and its budget rose, but it remains among the lowest-funded agencies and its selection process is not regulated or merit-based.",A/HRC/WG.6/52/PRY/1 para. 17; A/HRC/WG.6/52/PRY/2 para. 7,"National Report (A/HRC/WG.6/52/PRY/1), para. 17 — Paraguay: ""The Office of the Ombudsman was re-accredited with category A status ... officially granted in 2025 and certifies that the Office is in full compliance with the Paris Principles""
UN Compilation (A/HRC/WG.6/52/PRY/2), para. 7 — United Nations country team: ""The budget allocated to the institution had been increased, but it continued to have one of the lowest budgets of any agency"""
118.20,Indonesia,supported,National Human Rights Institution (NHRI),Strengthen the Ombudsman (national human rights institution),B,"Partially implemented / steps taken, further action needed",Continue efforts in aligning its national human rights institution with the Paris Principles,"The Ombudsman's Office regained GANHRI category A status in 2025 and its budget rose, but it remains among the lowest-funded agencies and its selection process is not regulated or merit-based.",A/HRC/WG.6/52/PRY/1 para. 17; A/HRC/WG.6/52/PRY/2 para. 7,"National Report (A/HRC/WG.6/52/PRY/1), para. 17 — Paraguay: ""The Office of the Ombudsman was re-accredited with category A status ... officially granted in 2025 and certifies that the Office is in full compliance with the Paris Principles""
UN Compilation (A/HRC/WG.6/52/PRY/2), para. 7 — United Nations country team: ""The budget allocated to the institution had been increased, but it continued to have one of the lowest budgets of any agency"""
118.21,Ireland,supported,National Human Rights Institution (NHRI),Strengthen the Ombudsman (national human rights institution),B,"Partially implemented / steps taken, further action needed","Establish a selection procedure for the position of Ombudsman in compliance with the Paris Principles that is transparent, participatory and guarantees independence, with selection based on a recognized track record in the defence of human rights","The Ombudsman's Office regained GANHRI category A status in 2025 and its budget rose, but it remains among the lowest-funded agencies and its selection process is not regulated or merit-based.",A/HRC/WG.6/52/PRY/1 para. 17; A/HRC/WG.6/52/PRY/2 para. 7,"National Report (A/HRC/WG.6/52/PRY/1), para. 17 — Paraguay: ""The Office of the Ombudsman was re-accredited with category A status ... officially granted in 2025 and certifies that the Office is in full compliance with the Paris Principles""
UN Compilation (A/HRC/WG.6/52/PRY/2), para. 7 — United Nations country team: ""The budget allocated to the institution had been increased, but it continued to have one of the lowest budgets of any agency"""
118.22,Malaysia,supported,National Human Rights Institution (NHRI),Strengthen the Ombudsman (national human rights institution),B,"Partially implemented / steps taken, further action needed","Ensure that the Office of the Ombudsman is in full compliance with the Paris Principles and adequate human, technical, financial resources are provided to ensure it fulfils its mandate","The Ombudsman's Office regained GANHRI category A status in 2025 and its budget rose, but it remains among the lowest-funded agencies and its selection process is not regulated or merit-based.",A/HRC/WG.6/52/PRY/1 para. 17; A/HRC/WG.6/52/PRY/2 para. 7,"National Report (A/HRC/WG.6/52/PRY/1), para. 17 — Paraguay: ""The Office of the Ombudsman was re-accredited with category A status ... officially granted in 2025 and certifies that the Office is in full compliance with the Paris Principles""
UN Compilation (A/HRC/WG.6/52/PRY/2), para. 7 — United Nations country team: ""The budget allocated to the institution had been increased, but it continued to have one of the lowest budgets of any agency"""
118.23,Mexico,supported,National Human Rights Institution (NHRI),Strengthen the Ombudsman (national human rights institution),B,"Partially implemented / steps taken, further action needed","Strengthen the Office of the Ombudsman with greater human and budgetary resources in accordance with the Paris Principles, and ensure that the selection process for its head is transparent, participatory and based on merit","The Ombudsman's Office regained GANHRI category A status in 2025 and its budget rose, but it remains among the lowest-funded agencies and its selection process is not regulated or merit-based.",A/HRC/WG.6/52/PRY/1 para. 17; A/HRC/WG.6/52/PRY/2 para. 7,"National Report (A/HRC/WG.6/52/PRY/1), para. 17 — Paraguay: ""The Office of the Ombudsman was re-accredited with category A status ... officially granted in 2025 and certifies that the Office is in full compliance with the Paris Principles""
UN Compilation (A/HRC/WG.6/52/PRY/2), para. 7 — United Nations country team: ""The budget allocated to the institution had been increased, but it continued to have one of the lowest budgets of any agency"""
118.24,Namibia,supported,National Human Rights Institution (NHRI),Strengthen the Ombudsman (national human rights institution),B,"Partially implemented / steps taken, further action needed",Take all necessary measures to ensure that the Office of the Ombudsman operates in accordance with the Paris Principles,"The Ombudsman's Office regained GANHRI category A status in 2025 and its budget rose, but it remains among the lowest-funded agencies and its selection process is not regulated or merit-based.",A/HRC/WG.6/52/PRY/1 para. 17; A/HRC/WG.6/52/PRY/2 para. 7,"National Report (A/HRC/WG.6/52/PRY/1), para. 17 — Paraguay: ""The Office of the Ombudsman was re-accredited with category A status ... officially granted in 2025 and certifies that the Office is in full compliance with the Paris Principles""
UN Compilation (A/HRC/WG.6/52/PRY/2), para. 7 — United Nations country team: ""The budget allocated to the institution had been increased, but it continued to have one of the lowest budgets of any agency"""
118.25,Nepal,supported,National Human Rights Institution (NHRI),Strengthen the Ombudsman (national human rights institution),B,"Partially implemented / steps taken, further action needed",Continue measures to strengthen the Office of the Ombudsman in line with the Paris Principles,"The Ombudsman's Office regained GANHRI category A status in 2025 and its budget rose, but it remains among the lowest-funded agencies and its selection process is not regulated or merit-based.",A/HRC/WG.6/52/PRY/1 para. 17; A/HRC/WG.6/52/PRY/2 para. 7,"National Report (A/HRC/WG.6/52/PRY/1), para. 17 — Paraguay: ""The Office of the Ombudsman was re-accredited with category A status ... officially granted in 2025 and certifies that the Office is in full compliance with the Paris Principles""
UN Compilation (A/HRC/WG.6/52/PRY/2), para. 7 — United Nations country team: ""The budget allocated to the institution had been increased, but it continued to have one of the lowest budgets of any agency"""
118.26,Pakistan,supported,National Human Rights Institution (NHRI),Strengthen the Ombudsman (national human rights institution),B,"Partially implemented / steps taken, further action needed","Take additional measures to strengthen the Ombudsman ’ s Office, including ensuring transparency in its appointment process and the provision of requisite resources","The Ombudsman's Office regained GANHRI category A status in 2025 and its budget rose, but it remains among the lowest-funded agencies and its selection process is not regulated or merit-based.",A/HRC/WG.6/52/PRY/1 para. 17; A/HRC/WG.6/52/PRY/2 para. 7,"National Report (A/HRC/WG.6/52/PRY/1), para. 17 — Paraguay: ""The Office of the Ombudsman was re-accredited with category A status ... officially granted in 2025 and certifies that the Office is in full compliance with the Paris Principles""
UN Compilation (A/HRC/WG.6/52/PRY/2), para. 7 — United Nations country team: ""The budget allocated to the institution had been increased, but it continued to have one of the lowest budgets of any agency"""
118.27,the Paris Principles; Romania,supported,National Human Rights Institution (NHRI),Strengthen the Ombudsman (national human rights institution),B,"Partially implemented / steps taken, further action needed",Adopt measures aimed at ensuring that the Ombudsman institution complies with the principles relating to the status of national institutions for the promotion and protection of human rights,"The Ombudsman's Office regained GANHRI category A status in 2025 and its budget rose, but it remains among the lowest-funded agencies and its selection process is not regulated or merit-based.",A/HRC/WG.6/52/PRY/1 para. 17; A/HRC/WG.6/52/PRY/2 para. 7,"National Report (A/HRC/WG.6/52/PRY/1), para. 17 — Paraguay: ""The Office of the Ombudsman was re-accredited with category A status ... officially granted in 2025 and certifies that the Office is in full compliance with the Paris Principles""
UN Compilation (A/HRC/WG.6/52/PRY/2), para. 7 — United Nations country team: ""The budget allocated to the institution had been increased, but it continued to have one of the lowest budgets of any agency"""
118.28,Ukraine,supported,National Human Rights Institution (NHRI),Strengthen the Ombudsman (national human rights institution),B,"Partially implemented / steps taken, further action needed","Take necessary steps, including at the constitutional level, to ensure that the Office of the Ombudsman is fully compliant with the Paris Principles","The Ombudsman's Office regained GANHRI category A status in 2025 and its budget rose, but it remains among the lowest-funded agencies and its selection process is not regulated or merit-based.",A/HRC/WG.6/52/PRY/1 para. 17; A/HRC/WG.6/52/PRY/2 para. 7,"National Report (A/HRC/WG.6/52/PRY/1), para. 17 — Paraguay: ""The Office of the Ombudsman was re-accredited with category A status ... officially granted in 2025 and certifies that the Office is in full compliance with the Paris Principles""
UN Compilation (A/HRC/WG.6/52/PRY/2), para. 7 — United Nations country team: ""The budget allocated to the institution had been increased, but it continued to have one of the lowest budgets of any agency"""
118.29,United States of America,supported,National Human Rights Institution (NHRI),Strengthen the Ombudsman (national human rights institution),B,"Partially implemented / steps taken, further action needed",Implement a transparent and participatory method of selecting the human rights Ombudsman to advocate for transparency and independence in judicial processes and to ensure effective investigation into human rights violations and the prosecution of perpetrators,"The Ombudsman's Office regained GANHRI category A status in 2025 and its budget rose, but it remains among the lowest-funded agencies and its selection process is not regulated or merit-based.",A/HRC/WG.6/52/PRY/1 para. 17; A/HRC/WG.6/52/PRY/2 para. 7,"National Report (A/HRC/WG.6/52/PRY/1), para. 17 — Paraguay: ""The Office of the Ombudsman was re-accredited with category A status ... officially granted in 2025 and certifies that the Office is in full compliance with the Paris Principles""
UN Compilation (A/HRC/WG.6/52/PRY/2), para. 7 — United Nations country team: ""The budget allocated to the institution had been increased, but it continued to have one of the lowest budgets of any agency"""
118.30,Iceland,supported,Equality & non-discrimination,Protect LGBTIQ+ persons from discrimination,C,Not implemented / no relevant action taken,"Adopt comprehensive anti-discrimination legislation that addresses direct and indirect discrimination and encompasses all the prohibited grounds of discrimination, including sexual orientation and gender identity","There is no anti-discrimination legislation protecting LGBTIQ+ people, no legal recognition of same-sex civil unions or of self-perceived gender identity, and stakeholders and Amnesty International report rising hate speech and violence with impunity.",A/HRC/WG.6/52/PRY/2 para. 21; A/HRC/WG.6/52/PRY/3 para. 61,"UN Compilation (A/HRC/WG.6/52/PRY/2), para. 21 — Amnesty International: ""impunity for hate speech and the promotion of discrimination against lesbian, gay, bisexual, transgender and intersex persons""
Stakeholders' Summary (A/HRC/WG.6/52/PRY/3), para. 61 — REPAR+: ""the situation of the LGBTQ+ population in Paraguay remained marked by the absence of legislation, by institutional and social discrimination, and the rise of hate speech"""
118.31,Israel,supported,Equality & non-discrimination,Protect LGBTIQ+ persons from discrimination,C,Not implemented / no relevant action taken,"Take measures to eliminate violence against lesbian, gay, bisexual, transgender and intersex people","There is no anti-discrimination legislation protecting LGBTIQ+ people, no legal recognition of same-sex civil unions or of self-perceived gender identity, and stakeholders and Amnesty International report rising hate speech and violence with impunity.",A/HRC/WG.6/52/PRY/2 para. 21; A/HRC/WG.6/52/PRY/3 para. 61,"UN Compilation (A/HRC/WG.6/52/PRY/2), para. 21 — Amnesty International: ""impunity for hate speech and the promotion of discrimination against lesbian, gay, bisexual, transgender and intersex persons""
Stakeholders' Summary (A/HRC/WG.6/52/PRY/3), para. 61 — REPAR+: ""the situation of the LGBTQ+ population in Paraguay remained marked by the absence of legislation, by institutional and social discrimination, and the rise of hate speech"""
118.32,Nicaragua,supported,Equality & non-discrimination,Adopt a comprehensive anti-discrimination law,C,Not implemented / no relevant action taken,Seek legislative measures that strengthen non-discrimination against minority groups,"Paraguay still has not adopted a comprehensive law against all forms of discrimination despite recommendations across successive cycles; the Special Rapporteur on minority issues, three treaty bodies and the UN country team all call for it, and the Constitution's equality clause is not backed by implementing legislation.",A/HRC/WG.6/52/PRY/2 para. 12; A/HRC/WG.6/52/PRY/2 para. 13; A/HRC/WG.6/52/PRY/1 para. 100,"UN Compilation (A/HRC/WG.6/52/PRY/2), para. 12 — Special Rapporteur on minority issues; Committee on Migrant Workers: ""Paraguay still had not adopted a law against all forms of discrimination, despite the numerous international recommendations""
UN Compilation (A/HRC/WG.6/52/PRY/2), para. 13 — Special Rapporteur on minority issues; treaty bodies; United Nations country team: ""recommended that Paraguay promptly adopt a law against all forms of discrimination""
National Report (A/HRC/WG.6/52/PRY/1), para. 100 — Paraguay: ""the absence of a regulatory law cannot be invoked to restrict rights or guarantees"""
118.33,Pakistan,supported,Equality & non-discrimination,Adopt a comprehensive anti-discrimination law,C,Not implemented / no relevant action taken,Expedite the adoption of the law prohibiting all forms of discrimination in compliance with international law,"Paraguay still has not adopted a comprehensive law against all forms of discrimination despite recommendations across successive cycles; the Special Rapporteur on minority issues, three treaty bodies and the UN country team all call for it, and the Constitution's equality clause is not backed by implementing legislation.",A/HRC/WG.6/52/PRY/2 para. 12; A/HRC/WG.6/52/PRY/2 para. 13; A/HRC/WG.6/52/PRY/1 para. 100,"UN Compilation (A/HRC/WG.6/52/PRY/2), para. 12 — Special Rapporteur on minority issues; Committee on Migrant Workers: ""Paraguay still had not adopted a law against all forms of discrimination, despite the numerous international recommendations""
UN Compilation (A/HRC/WG.6/52/PRY/2), para. 13 — Special Rapporteur on minority issues; treaty bodies; United Nations country team: ""recommended that Paraguay promptly adopt a law against all forms of discrimination""
National Report (A/HRC/WG.6/52/PRY/1), para. 100 — Paraguay: ""the absence of a regulatory law cannot be invoked to restrict rights or guarantees"""
118.34,Peru,supported,Equality & non-discrimination,Adopt a comprehensive anti-discrimination law,C,Not implemented / no relevant action taken,Redouble efforts to combat all forms of discrimination and assess the need to develop a comprehensive legislative framework in this field,"Paraguay still has not adopted a comprehensive law against all forms of discrimination despite recommendations across successive cycles; the Special Rapporteur on minority issues, three treaty bodies and the UN country team all call for it, and the Constitution's equality clause is not backed by implementing legislation.",A/HRC/WG.6/52/PRY/2 para. 12; A/HRC/WG.6/52/PRY/2 para. 13; A/HRC/WG.6/52/PRY/1 para. 100,"UN Compilation (A/HRC/WG.6/52/PRY/2), para. 12 — Special Rapporteur on minority issues; Committee on Migrant Workers: ""Paraguay still had not adopted a law against all forms of discrimination, despite the numerous international recommendations""
UN Compilation (A/HRC/WG.6/52/PRY/2), para. 13 — Special Rapporteur on minority issues; treaty bodies; United Nations country team: ""recommended that Paraguay promptly adopt a law against all forms of discrimination""
National Report (A/HRC/WG.6/52/PRY/1), para. 100 — Paraguay: ""the absence of a regulatory law cannot be invoked to restrict rights or guarantees"""
118.35,Poland,supported,Equality & non-discrimination,Adopt a comprehensive anti-discrimination law,C,Not implemented / no relevant action taken,"Introduce a comprehensive anti-discrimination legal framework and tackle persistent discrimination against women, indigenous peoples and persons with disabilities","Paraguay still has not adopted a comprehensive law against all forms of discrimination despite recommendations across successive cycles; the Special Rapporteur on minority issues, three treaty bodies and the UN country team all call for it, and the Constitution's equality clause is not backed by implementing legislation.",A/HRC/WG.6/52/PRY/2 para. 12; A/HRC/WG.6/52/PRY/2 para. 13; A/HRC/WG.6/52/PRY/1 para. 100,"UN Compilation (A/HRC/WG.6/52/PRY/2), para. 12 — Special Rapporteur on minority issues; Committee on Migrant Workers: ""Paraguay still had not adopted a law against all forms of discrimination, despite the numerous international recommendations""
UN Compilation (A/HRC/WG.6/52/PRY/2), para. 13 — Special Rapporteur on minority issues; treaty bodies; United Nations country team: ""recommended that Paraguay promptly adopt a law against all forms of discrimination""
National Report (A/HRC/WG.6/52/PRY/1), para. 100 — Paraguay: ""the absence of a regulatory law cannot be invoked to restrict rights or guarantees"""
118.36,Portugal,supported,Equality & non-discrimination,Protect LGBTIQ+ persons from discrimination,C,Not implemented / no relevant action taken,"Provide training on human rights and on combating discrimination and violence, including based on sexual orientation and gender identity, to health personnel, members of the judiciary, police forces and prison officers","There is no anti-discrimination legislation protecting LGBTIQ+ people, no legal recognition of same-sex civil unions or of self-perceived gender identity, and stakeholders and Amnesty International report rising hate speech and violence with impunity.",A/HRC/WG.6/52/PRY/2 para. 21; A/HRC/WG.6/52/PRY/3 para. 61,"UN Compilation (A/HRC/WG.6/52/PRY/2), para. 21 — Amnesty International: ""impunity for hate speech and the promotion of discrimination against lesbian, gay, bisexual, transgender and intersex persons""
Stakeholders' Summary (A/HRC/WG.6/52/PRY/3), para. 61 — REPAR+: ""the situation of the LGBTQ+ population in Paraguay remained marked by the absence of legislation, by institutional and social discrimination, and the rise of hate speech"""
118.37,State of Palestine,supported,Equality & non-discrimination,Adopt a comprehensive anti-discrimination law,C,Not implemented / no relevant action taken,"Continue its efforts to remove obstacles and address causes of discrimination, adopt comprehensive legislation prohibiting discrimination and guarantee protection against discrimination for women, persons of African descent and indigenous peoples",Paraguay still has not adopted a comprehensive law against all forms of discrimination despite recommendations across cycles.,A/HRC/WG.6/52/PRY/2 para. 12; A/HRC/WG.6/52/PRY/3 para. 20,"UN Compilation (A/HRC/WG.6/52/PRY/2), para. 12 — Special Rapporteur on minority issues; Committee on Migrant Workers: ""Paraguay still had not adopted a law against all forms of discrimination, despite the numerous international recommendations""
Stakeholders' Summary (A/HRC/WG.6/52/PRY/3), para. 20 — Joint Submission 12: ""adopting legislation prohibiting all forms of discrimination, including on the grounds of gender, sexual orientation, gender identity and expression, race, ethnicity, disability and age"""
118.38,Ecuador,supported,Equality & non-discrimination,Protect LGBTIQ+ persons from discrimination,C,Not implemented / no relevant action taken,"Adopt the necessary legal standards to prevent and condemn all forms of discrimination, including based on sexual orientation and gender identity","There is no anti-discrimination legislation protecting LGBTIQ+ people, no legal recognition of same-sex civil unions or of self-perceived gender identity, and stakeholders and Amnesty International report rising hate speech and violence with impunity.",A/HRC/WG.6/52/PRY/2 para. 21; A/HRC/WG.6/52/PRY/3 para. 61,"UN Compilation (A/HRC/WG.6/52/PRY/2), para. 21 — Amnesty International: ""impunity for hate speech and the promotion of discrimination against lesbian, gay, bisexual, transgender and intersex persons""
Stakeholders' Summary (A/HRC/WG.6/52/PRY/3), para. 61 — REPAR+: ""the situation of the LGBTQ+ population in Paraguay remained marked by the absence of legislation, by institutional and social discrimination, and the rise of hate speech"""
118.39,France,supported,Equality & non-discrimination,Protect LGBTIQ+ persons from discrimination,C,Not implemented / no relevant action taken,Strengthen the fight against violence and discrimination based on sexual orientation and gender identity,"There is no anti-discrimination legislation protecting LGBTIQ+ people, no legal recognition of same-sex civil unions or of self-perceived gender identity, and stakeholders and Amnesty International report rising hate speech and violence with impunity.",A/HRC/WG.6/52/PRY/2 para. 21; A/HRC/WG.6/52/PRY/3 para. 61,"UN Compilation (A/HRC/WG.6/52/PRY/2), para. 21 — Amnesty International: ""impunity for hate speech and the promotion of discrimination against lesbian, gay, bisexual, transgender and intersex persons""
Stakeholders' Summary (A/HRC/WG.6/52/PRY/3), para. 61 — REPAR+: ""the situation of the LGBTQ+ population in Paraguay remained marked by the absence of legislation, by institutional and social discrimination, and the rise of hate speech"""
118.40,Germany,supported,Equality & non-discrimination,Protect LGBTIQ+ persons from discrimination,C,Not implemented / no relevant action taken,"Beyond constitutional efforts to address discrimination, adopt a law against all forms of discrimination, including discrimination based on sexual orientation and gender identity","There is no anti-discrimination legislation protecting LGBTIQ+ people, no legal recognition of same-sex civil unions or of self-perceived gender identity, and stakeholders and Amnesty International report rising hate speech and violence with impunity.",A/HRC/WG.6/52/PRY/2 para. 21; A/HRC/WG.6/52/PRY/3 para. 61,"UN Compilation (A/HRC/WG.6/52/PRY/2), para. 21 — Amnesty International: ""impunity for hate speech and the promotion of discrimination against lesbian, gay, bisexual, transgender and intersex persons""
Stakeholders' Summary (A/HRC/WG.6/52/PRY/3), para. 61 — REPAR+: ""the situation of the LGBTQ+ population in Paraguay remained marked by the absence of legislation, by institutional and social discrimination, and the rise of hate speech"""
118.41,Belgium,supported,Equality & non-discrimination,Protect LGBTIQ+ persons from discrimination,C,Not implemented / no relevant action taken,"Adopt comprehensive legislation prohibiting discrimination, including discrimination based on sexual orientation and gender identity","There is no anti-discrimination legislation protecting LGBTIQ+ people, no legal recognition of same-sex civil unions or of self-perceived gender identity, and stakeholders and Amnesty International report rising hate speech and violence with impunity.",A/HRC/WG.6/52/PRY/2 para. 21; A/HRC/WG.6/52/PRY/3 para. 61,"UN Compilation (A/HRC/WG.6/52/PRY/2), para. 21 — Amnesty International: ""impunity for hate speech and the promotion of discrimination against lesbian, gay, bisexual, transgender and intersex persons""
Stakeholders' Summary (A/HRC/WG.6/52/PRY/3), para. 61 — REPAR+: ""the situation of the LGBTQ+ population in Paraguay remained marked by the absence of legislation, by institutional and social discrimination, and the rise of hate speech"""
118.42,Mexico,supported,Equality & non-discrimination,Protect LGBTIQ+ persons from discrimination,C,Not implemented / no relevant action taken,"Adopt a law against all forms of discrimination and violence, including based on sexual orientation and gender identity","There is no anti-discrimination legislation protecting LGBTIQ+ people, no legal recognition of same-sex civil unions or of self-perceived gender identity, and stakeholders and Amnesty International report rising hate speech and violence with impunity.",A/HRC/WG.6/52/PRY/2 para. 21; A/HRC/WG.6/52/PRY/3 para. 61,"UN Compilation (A/HRC/WG.6/52/PRY/2), para. 21 — Amnesty International: ""impunity for hate speech and the promotion of discrimination against lesbian, gay, bisexual, transgender and intersex persons""
Stakeholders' Summary (A/HRC/WG.6/52/PRY/3), para. 61 — REPAR+: ""the situation of the LGBTQ+ population in Paraguay remained marked by the absence of legislation, by institutional and social discrimination, and the rise of hate speech"""
118.43,Netherlands,supported,Equality & non-discrimination,Protect LGBTIQ+ persons from discrimination,C,Not implemented / no relevant action taken,"Adopt legislation against all forms of discrimination, including discrimination based on sexual orientation and gender identity","There is no anti-discrimination legislation protecting LGBTIQ+ people, no legal recognition of same-sex civil unions or of self-perceived gender identity, and stakeholders and Amnesty International report rising hate speech and violence with impunity.",A/HRC/WG.6/52/PRY/2 para. 21; A/HRC/WG.6/52/PRY/3 para. 61,"UN Compilation (A/HRC/WG.6/52/PRY/2), para. 21 — Amnesty International: ""impunity for hate speech and the promotion of discrimination against lesbian, gay, bisexual, transgender and intersex persons""
Stakeholders' Summary (A/HRC/WG.6/52/PRY/3), para. 61 — REPAR+: ""the situation of the LGBTQ+ population in Paraguay remained marked by the absence of legislation, by institutional and social discrimination, and the rise of hate speech"""
118.44,United Kingdom of Great Britain and Northern Ireland,supported,Equality & non-discrimination,Protect LGBTIQ+ persons from discrimination,C,Not implemented / no relevant action taken,"Pass legislation prohibiting discrimination, including comprehensive prohibitions against discrimination on the grounds of sexual orientation and gender identity","There is no anti-discrimination legislation protecting LGBTIQ+ people, no legal recognition of same-sex civil unions or of self-perceived gender identity, and stakeholders and Amnesty International report rising hate speech and violence with impunity.",A/HRC/WG.6/52/PRY/2 para. 21; A/HRC/WG.6/52/PRY/3 para. 61,"UN Compilation (A/HRC/WG.6/52/PRY/2), para. 21 — Amnesty International: ""impunity for hate speech and the promotion of discrimination against lesbian, gay, bisexual, transgender and intersex persons""
Stakeholders' Summary (A/HRC/WG.6/52/PRY/3), para. 61 — REPAR+: ""the situation of the LGBTQ+ population in Paraguay remained marked by the absence of legislation, by institutional and social discrimination, and the rise of hate speech"""
118.45,Uruguay,supported,Equality & non-discrimination,Protect LGBTIQ+ persons from discrimination,C,Not implemented / no relevant action taken,"Encourage the adoption of a law that guarantees the prohibition of all forms of discrimination, including those based on sexual orientation and gender identity","There is no anti-discrimination legislation protecting LGBTIQ+ people, no legal recognition of same-sex civil unions or of self-perceived gender identity, and stakeholders and Amnesty International report rising hate speech and violence with impunity.",A/HRC/WG.6/52/PRY/2 para. 21; A/HRC/WG.6/52/PRY/3 para. 61,"UN Compilation (A/HRC/WG.6/52/PRY/2), para. 21 — Amnesty International: ""impunity for hate speech and the promotion of discrimination against lesbian, gay, bisexual, transgender and intersex persons""
Stakeholders' Summary (A/HRC/WG.6/52/PRY/3), para. 61 — REPAR+: ""the situation of the LGBTQ+ population in Paraguay remained marked by the absence of legislation, by institutional and social discrimination, and the rise of hate speech"""
118.46,Argentina,supported,Equality & non-discrimination,Protect LGBTIQ+ persons from discrimination,C,Not implemented / no relevant action taken,"Approve an anti-discrimination law to prevent and sanction discrimination in all its forms, including discrimination on the grounds of sexual orientation and gender identity, as previously recommended in April 2016","There is no anti-discrimination legislation protecting LGBTIQ+ people, no legal recognition of same-sex civil unions or of self-perceived gender identity, and stakeholders and Amnesty International report rising hate speech and violence with impunity.",A/HRC/WG.6/52/PRY/2 para. 21; A/HRC/WG.6/52/PRY/3 para. 61,"UN Compilation (A/HRC/WG.6/52/PRY/2), para. 21 — Amnesty International: ""impunity for hate speech and the promotion of discrimination against lesbian, gay, bisexual, transgender and intersex persons""
Stakeholders' Summary (A/HRC/WG.6/52/PRY/3), para. 61 — REPAR+: ""the situation of the LGBTQ+ population in Paraguay remained marked by the absence of legislation, by institutional and social discrimination, and the rise of hate speech"""
118.47,Canada,supported,Equality & non-discrimination,Protect LGBTIQ+ persons from discrimination,C,Not implemented / no relevant action taken,"Enact legislation to prohibit discrimination, including based on sexual orientation and gender identity","There is no anti-discrimination legislation protecting LGBTIQ+ people, no legal recognition of same-sex civil unions or of self-perceived gender identity, and stakeholders and Amnesty International report rising hate speech and violence with impunity.",A/HRC/WG.6/52/PRY/2 para. 21; A/HRC/WG.6/52/PRY/3 para. 61,"UN Compilation (A/HRC/WG.6/52/PRY/2), para. 21 — Amnesty International: ""impunity for hate speech and the promotion of discrimination against lesbian, gay, bisexual, transgender and intersex persons""
Stakeholders' Summary (A/HRC/WG.6/52/PRY/3), para. 61 — REPAR+: ""the situation of the LGBTQ+ population in Paraguay remained marked by the absence of legislation, by institutional and social discrimination, and the rise of hate speech"""
118.48,Fiji,supported,Human rights & climate change,Climate change adaptation,B,"Partially implemented / steps taken, further action needed","Ensure that women, children, persons with disabilities, minority groups, and local communities are meaningfully engaged in the development and implementation of climate change and disaster risk reduction frameworks",Paraguay operates a National Commission on Climate Change and is implementing its 2022 National Climate Change Adaptation Plan and updating its nationally determined contribution; civil society reports insufficient action on deforestation from agricultural expansion.,A/HRC/WG.6/52/PRY/1 para. 95; A/HRC/WG.6/52/PRY/3 para. 44,"National Report (A/HRC/WG.6/52/PRY/1), para. 95 — Paraguay: ""the National Climate Change Adaptation Plan, approved in 2022, is being implemented ... incorporates climate adaptation measures into national and local planning instruments""
Stakeholders' Summary (A/HRC/WG.6/52/PRY/3), para. 44 — Joint Submission 3: ""Paraguay had taken insufficient action to tackle the challenges of climate change, particularly with regard to halting deforestation caused by the expansion of monoculture farming"""
118.49,Marshall Islands,supported,Human rights & the environment,Protect against toxics; environmental justice,C,Not implemented / no relevant action taken,"Curb deforestation and implement a forest restoration plan, and strengthen environmental legislation and its implementation, keeping in mind the rising global temperature and the role forests play in binding carbon dioxide","Paraguay reports steps in hazardous-waste management and a 2022 Climate Change Adaptation Plan, but the Special Rapporteur on hazardous substances reports rural communities and Indigenous Peoples face an alarming level of exposure to hazardous pesticides, most environmental laws are not observed, and Paraguay has not complied with Human Rights Committee Views in the Campo Agua'e and Colonia Yeruti cases.",A/HRC/WG.6/52/PRY/2 para. 49; A/HRC/WG.6/52/PRY/2 para. 3,"UN Compilation (A/HRC/WG.6/52/PRY/2), para. 49 — Special Rapporteur on hazardous substances and wastes: ""Rural communities and Indigenous Peoples faced an alarming level of exposure to toxic substances, particularly hazardous pesticides and most of the country's environmental laws were not observed""
UN Compilation (A/HRC/WG.6/52/PRY/2), para. 3 — Special Rapporteur on hazardous substances and wastes; United Nations country team: ""recommended that Paraguay fully comply with the Views of the Human Rights Committee in the cases relating to Campo Agua' and Colonia Yeruti"""
118.50,Marshall Islands,supported,Human rights & climate change,Climate change adaptation,B,"Partially implemented / steps taken, further action needed","Adopt a comprehensive national adaptation and mitigation plan for climate change, taking into account the views of all affected communities",Paraguay operates a National Commission on Climate Change and is implementing its 2022 National Climate Change Adaptation Plan and updating its nationally determined contribution; civil society reports insufficient action on deforestation from agricultural expansion.,A/HRC/WG.6/52/PRY/1 para. 95; A/HRC/WG.6/52/PRY/3 para. 44,"National Report (A/HRC/WG.6/52/PRY/1), para. 95 — Paraguay: ""the National Climate Change Adaptation Plan, approved in 2022, is being implemented ... incorporates climate adaptation measures into national and local planning instruments""
Stakeholders' Summary (A/HRC/WG.6/52/PRY/3), para. 44 — Joint Submission 3: ""Paraguay had taken insufficient action to tackle the challenges of climate change, particularly with regard to halting deforestation caused by the expansion of monoculture farming"""
118.51,Panama,supported,Human rights & climate change,Climate change adaptation,B,"Partially implemented / steps taken, further action needed",Adopt measures consistent with human rights to strengthen adaptation policies and programmes to address the issues of climate change and disaster risk management,Paraguay operates a National Commission on Climate Change and is implementing its 2022 National Climate Change Adaptation Plan and updating its nationally determined contribution; civil society reports insufficient action on deforestation from agricultural expansion.,A/HRC/WG.6/52/PRY/1 para. 95; A/HRC/WG.6/52/PRY/3 para. 44,"National Report (A/HRC/WG.6/52/PRY/1), para. 95 — Paraguay: ""the National Climate Change Adaptation Plan, approved in 2022, is being implemented ... incorporates climate adaptation measures into national and local planning instruments""
Stakeholders' Summary (A/HRC/WG.6/52/PRY/3), para. 44 — Joint Submission 3: ""Paraguay had taken insufficient action to tackle the challenges of climate change, particularly with regard to halting deforestation caused by the expansion of monoculture farming"""
118.52,United States of America,supported,Human rights & the environment,Protect against toxics; environmental justice,C,Not implemented / no relevant action taken,Defend environmental commitments by titling communal lands and strengthening implementation of environmental laws such as the Zero Deforestation Law,"Paraguay reports steps in hazardous-waste management and a 2022 Climate Change Adaptation Plan, but the Special Rapporteur on hazardous substances reports rural communities and Indigenous Peoples face an alarming level of exposure to hazardous pesticides, most environmental laws are not observed, and Paraguay has not complied with Human Rights Committee Views in the Campo Agua'e and Colonia Yeruti cases.",A/HRC/WG.6/52/PRY/2 para. 49; A/HRC/WG.6/52/PRY/2 para. 3,"UN Compilation (A/HRC/WG.6/52/PRY/2), para. 49 — Special Rapporteur on hazardous substances and wastes: ""Rural communities and Indigenous Peoples faced an alarming level of exposure to toxic substances, particularly hazardous pesticides and most of the country's environmental laws were not observed""
UN Compilation (A/HRC/WG.6/52/PRY/2), para. 3 — Special Rapporteur on hazardous substances and wastes; United Nations country team: ""recommended that Paraguay fully comply with the Views of the Human Rights Committee in the cases relating to Campo Agua' and Colonia Yeruti"""
118.53,the Nelson Mandela Rules; Côte d’Ivoire,supported,Conditions of detention,Prison overcrowding; pre-trial detention; torture prevention,B,"Partially implemented / steps taken, further action needed","Step up efforts to improve conditions of detention, reduce overcrowding in prisons and ensure that conditions of detention in all places of deprivation of liberty are in line with the United Nations Standard Minimum Rules for the Treatment of Prisoners","Paraguay closed the Casa del Buen Pastor prison, opened a 1,200-place women's prison in Emboscada and approved a 2024 protocol on alternatives to pre-trial detention, but the UN country team and the National Mechanism for the Prevention of Torture report a structural crisis: 70 per cent of prisoners in pre-trial detention, 435 per cent overcrowding nationwide (over 1,100 per cent in some units), and maximum-security regimes amounting to torture.",A/HRC/WG.6/52/PRY/2 para. 17; A/HRC/WG.6/52/PRY/1 para. 64; A/HRC/WG.6/52/PRY/3 para. 25,"UN Compilation (A/HRC/WG.6/52/PRY/2), para. 17 — United Nations country team: ""A total of 70% of the prison population was in pretrial detention, and overcrowding had reached 435% nationwide, with some facilities operating at more than 1,100% of their capacity""
National Report (A/HRC/WG.6/52/PRY/1), para. 64 — Paraguay: ""A historic milestone was achieved with the definitive closure of the Casa del Buen Pastor Prison and the opening of a women's prison complex in Emboscada with capacity for more than 1,200 women""
Stakeholders' Summary (A/HRC/WG.6/52/PRY/3), para. 25 — National Mechanism for the Prevention of Torture of Paraguay: ""the persistent abuse of pretrial detention; overcrowding; maximum security regimes that constitute torture; corruption and control of prisons by criminal groups"""
118.54,Fiji,supported,National Preventive Mechanism (NPM),Strengthen the National Preventive Mechanism against torture,C,Not implemented / no relevant action taken,"Continue efforts to build and strengthen the national mechanism for the prevention of torture, ensuring that it is adequately resourced and empowered to fulfil its functions",The National Mechanism for the Prevention of Torture reports that its budget has not been changed and that it lacks the resources to fulfil its mandate across the prison system.,A/HRC/WG.6/52/PRY/3 para. 25,"Stakeholders' Summary (A/HRC/WG.6/52/PRY/3), para. 25 — National Mechanism for the Prevention of Torture of Paraguay: ""the failure to change the budget assigned to the National Mechanism for the Prevention of Torture; and the failure to professionalize prison staff"""
118.55,Indonesia,supported,Conditions of detention,Prison overcrowding; pre-trial detention; torture prevention,B,"Partially implemented / steps taken, further action needed","Take necessary measures to address prison overcrowding, especially during this time of pandemic","Paraguay closed the Casa del Buen Pastor prison, opened a 1,200-place women's prison in Emboscada and approved a 2024 protocol on alternatives to pre-trial detention, but the UN country team and the National Mechanism for the Prevention of Torture report a structural crisis: 70 per cent of prisoners in pre-trial detention, 435 per cent overcrowding nationwide (over 1,100 per cent in some units), and maximum-security regimes amounting to torture.",A/HRC/WG.6/52/PRY/2 para. 17; A/HRC/WG.6/52/PRY/1 para. 64; A/HRC/WG.6/52/PRY/3 para. 25,"UN Compilation (A/HRC/WG.6/52/PRY/2), para. 17 — United Nations country team: ""A total of 70% of the prison population was in pretrial detention, and overcrowding had reached 435% nationwide, with some facilities operating at more than 1,100% of their capacity""
National Report (A/HRC/WG.6/52/PRY/1), para. 64 — Paraguay: ""A historic milestone was achieved with the definitive closure of the Casa del Buen Pastor Prison and the opening of a women's prison complex in Emboscada with capacity for more than 1,200 women""
Stakeholders' Summary (A/HRC/WG.6/52/PRY/3), para. 25 — National Mechanism for the Prevention of Torture of Paraguay: ""the persistent abuse of pretrial detention; overcrowding; maximum security regimes that constitute torture; corruption and control of prisons by criminal groups"""
118.56,Iraq,supported,Conditions of detention,Prison overcrowding; pre-trial detention; torture prevention,B,"Partially implemented / steps taken, further action needed","Continue efforts aimed at dealing with prison overcrowding and poor living conditions, and work to improve conditions of detention","Paraguay closed the Casa del Buen Pastor prison, opened a 1,200-place women's prison in Emboscada and approved a 2024 protocol on alternatives to pre-trial detention, but the UN country team and the National Mechanism for the Prevention of Torture report a structural crisis: 70 per cent of prisoners in pre-trial detention, 435 per cent overcrowding nationwide (over 1,100 per cent in some units), and maximum-security regimes amounting to torture.",A/HRC/WG.6/52/PRY/2 para. 17; A/HRC/WG.6/52/PRY/1 para. 64; A/HRC/WG.6/52/PRY/3 para. 25,"UN Compilation (A/HRC/WG.6/52/PRY/2), para. 17 — United Nations country team: ""A total of 70% of the prison population was in pretrial detention, and overcrowding had reached 435% nationwide, with some facilities operating at more than 1,100% of their capacity""
National Report (A/HRC/WG.6/52/PRY/1), para. 64 — Paraguay: ""A historic milestone was achieved with the definitive closure of the Casa del Buen Pastor Prison and the opening of a women's prison complex in Emboscada with capacity for more than 1,200 women""
Stakeholders' Summary (A/HRC/WG.6/52/PRY/3), para. 25 — National Mechanism for the Prevention of Torture of Paraguay: ""the persistent abuse of pretrial detention; overcrowding; maximum security regimes that constitute torture; corruption and control of prisons by criminal groups"""
118.57,Belarus,supported,Administration of justice & fair trial,Judicial independence; access to justice; impunity,B,"Partially implemented / steps taken, further action needed","Investigate all cases of torture, extrajudicial execution and enforced disappearance","Paraguay has digitalised case files and strengthened judicial-ethics training, but the Special Rapporteur on hazardous wastes describes the judicial system as slow and inefficient with most human-rights complaints uninvestigated, and civil society reports no measures to guarantee judicial independence and systematic impunity for dictatorship-era crimes against humanity.",A/HRC/WG.6/52/PRY/2 para. 20; A/HRC/WG.6/52/PRY/3 para. 24; A/HRC/WG.6/52/PRY/1 para. 62,"UN Compilation (A/HRC/WG.6/52/PRY/2), para. 20 — Special Rapporteur on hazardous substances and wastes: ""the country's judicial system was slow and inefficient, with most reports of human rights violations not being investigated""
Stakeholders' Summary (A/HRC/WG.6/52/PRY/3), para. 24 — Joint Submission 3: ""Paraguay had not taken measures to guarantee the independence and impartiality of the judiciary""
National Report (A/HRC/WG.6/52/PRY/1), para. 62 — Paraguay: ""Progress has been made in modernizing the judicial system by digitalizing case files, electronically allocating cases and publishing decisions and statistics"""
118.58,Belarus,supported,Conditions of detention,Prison overcrowding; pre-trial detention; torture prevention,B,"Partially implemented / steps taken, further action needed",Take measures to bring conditions of detention into line with international standards and to reduce overcrowding in places of deprivation of liberty,"Paraguay closed the Casa del Buen Pastor prison, opened a 1,200-place women's prison in Emboscada and approved a 2024 protocol on alternatives to pre-trial detention, but the UN country team and the National Mechanism for the Prevention of Torture report a structural crisis: 70 per cent of prisoners in pre-trial detention, 435 per cent overcrowding nationwide (over 1,100 per cent in some units), and maximum-security regimes amounting to torture.",A/HRC/WG.6/52/PRY/2 para. 17; A/HRC/WG.6/52/PRY/1 para. 64; A/HRC/WG.6/52/PRY/3 para. 25,"UN Compilation (A/HRC/WG.6/52/PRY/2), para. 17 — United Nations country team: ""A total of 70% of the prison population was in pretrial detention, and overcrowding had reached 435% nationwide, with some facilities operating at more than 1,100% of their capacity""
National Report (A/HRC/WG.6/52/PRY/1), para. 64 — Paraguay: ""A historic milestone was achieved with the definitive closure of the Casa del Buen Pastor Prison and the opening of a women's prison complex in Emboscada with capacity for more than 1,200 women""
Stakeholders' Summary (A/HRC/WG.6/52/PRY/3), para. 25 — National Mechanism for the Prevention of Torture of Paraguay: ""the persistent abuse of pretrial detention; overcrowding; maximum security regimes that constitute torture; corruption and control of prisons by criminal groups"""
118.59,Italy,supported,Administration of justice & fair trial,Judicial independence; access to justice; impunity,B,"Partially implemented / steps taken, further action needed","Ensure that all allegations of acts of torture, ill-treatment and arbitrary killings by the security forces are duly investigated and prosecuted","Paraguay has digitalised case files and strengthened judicial-ethics training, but the Special Rapporteur on hazardous wastes describes the judicial system as slow and inefficient with most human-rights complaints uninvestigated, and civil society reports no measures to guarantee judicial independence and systematic impunity for dictatorship-era crimes against humanity.",A/HRC/WG.6/52/PRY/2 para. 20; A/HRC/WG.6/52/PRY/3 para. 24; A/HRC/WG.6/52/PRY/1 para. 62,"UN Compilation (A/HRC/WG.6/52/PRY/2), para. 20 — Special Rapporteur on hazardous substances and wastes: ""the country's judicial system was slow and inefficient, with most reports of human rights violations not being investigated""
Stakeholders' Summary (A/HRC/WG.6/52/PRY/3), para. 24 — Joint Submission 3: ""Paraguay had not taken measures to guarantee the independence and impartiality of the judiciary""
National Report (A/HRC/WG.6/52/PRY/1), para. 62 — Paraguay: ""Progress has been made in modernizing the judicial system by digitalizing case files, electronically allocating cases and publishing decisions and statistics"""
118.60,Poland,supported,Conditions of detention,Prison overcrowding; pre-trial detention; torture prevention,B,"Partially implemented / steps taken, further action needed",Reduce overcrowding in prisons and enhance living conditions in detention centers and establishments for persons with mental disabilities,"Paraguay closed the Casa del Buen Pastor prison, opened a 1,200-place women's prison in Emboscada and approved a 2024 protocol on alternatives to pre-trial detention, but the UN country team and the National Mechanism for the Prevention of Torture report a structural crisis: 70 per cent of prisoners in pre-trial detention, 435 per cent overcrowding nationwide (over 1,100 per cent in some units), and maximum-security regimes amounting to torture.",A/HRC/WG.6/52/PRY/2 para. 17; A/HRC/WG.6/52/PRY/1 para. 64; A/HRC/WG.6/52/PRY/3 para. 25,"UN Compilation (A/HRC/WG.6/52/PRY/2), para. 17 — United Nations country team: ""A total of 70% of the prison population was in pretrial detention, and overcrowding had reached 435% nationwide, with some facilities operating at more than 1,100% of their capacity""
National Report (A/HRC/WG.6/52/PRY/1), para. 64 — Paraguay: ""A historic milestone was achieved with the definitive closure of the Casa del Buen Pastor Prison and the opening of a women's prison complex in Emboscada with capacity for more than 1,200 women""
Stakeholders' Summary (A/HRC/WG.6/52/PRY/3), para. 25 — National Mechanism for the Prevention of Torture of Paraguay: ""the persistent abuse of pretrial detention; overcrowding; maximum security regimes that constitute torture; corruption and control of prisons by criminal groups"""
118.61,Russian Federation,supported,Conditions of detention,Prison overcrowding; pre-trial detention; torture prevention,B,"Partially implemented / steps taken, further action needed","Step up efforts to improve the penitentiary system, which is in poor condition, in particular to find additional resources to deal with overcrowding","Paraguay closed the Casa del Buen Pastor prison, opened a 1,200-place women's prison in Emboscada and approved a 2024 protocol on alternatives to pre-trial detention, but the UN country team and the National Mechanism for the Prevention of Torture report a structural crisis: 70 per cent of prisoners in pre-trial detention, 435 per cent overcrowding nationwide (over 1,100 per cent in some units), and maximum-security regimes amounting to torture.",A/HRC/WG.6/52/PRY/2 para. 17; A/HRC/WG.6/52/PRY/1 para. 64; A/HRC/WG.6/52/PRY/3 para. 25,"UN Compilation (A/HRC/WG.6/52/PRY/2), para. 17 — United Nations country team: ""A total of 70% of the prison population was in pretrial detention, and overcrowding had reached 435% nationwide, with some facilities operating at more than 1,100% of their capacity""
National Report (A/HRC/WG.6/52/PRY/1), para. 64 — Paraguay: ""A historic milestone was achieved with the definitive closure of the Casa del Buen Pastor Prison and the opening of a women's prison complex in Emboscada with capacity for more than 1,200 women""
Stakeholders' Summary (A/HRC/WG.6/52/PRY/3), para. 25 — National Mechanism for the Prevention of Torture of Paraguay: ""the persistent abuse of pretrial detention; overcrowding; maximum security regimes that constitute torture; corruption and control of prisons by criminal groups"""
118.62,Rwanda,supported,Conditions of detention,Prison overcrowding; pre-trial detention; torture prevention,B,"Partially implemented / steps taken, further action needed","Continue efforts to improve detention conditions, including reducing overcrowding","Paraguay closed the Casa del Buen Pastor prison, opened a 1,200-place women's prison in Emboscada and approved a 2024 protocol on alternatives to pre-trial detention, but the UN country team and the National Mechanism for the Prevention of Torture report a structural crisis: 70 per cent of prisoners in pre-trial detention, 435 per cent overcrowding nationwide (over 1,100 per cent in some units), and maximum-security regimes amounting to torture.",A/HRC/WG.6/52/PRY/2 para. 17; A/HRC/WG.6/52/PRY/1 para. 64; A/HRC/WG.6/52/PRY/3 para. 25,"UN Compilation (A/HRC/WG.6/52/PRY/2), para. 17 — United Nations country team: ""A total of 70% of the prison population was in pretrial detention, and overcrowding had reached 435% nationwide, with some facilities operating at more than 1,100% of their capacity""
National Report (A/HRC/WG.6/52/PRY/1), para. 64 — Paraguay: ""A historic milestone was achieved with the definitive closure of the Casa del Buen Pastor Prison and the opening of a women's prison complex in Emboscada with capacity for more than 1,200 women""
Stakeholders' Summary (A/HRC/WG.6/52/PRY/3), para. 25 — National Mechanism for the Prevention of Torture of Paraguay: ""the persistent abuse of pretrial detention; overcrowding; maximum security regimes that constitute torture; corruption and control of prisons by criminal groups"""
118.63,Botswana,supported,Administration of justice & fair trial,Judicial independence; access to justice; impunity,B,"Partially implemented / steps taken, further action needed",Step up efforts to ensure investigations and prosecutions of alleged abuses by law enforcement officials to curb violations such as torture and arbitrary detention,"Paraguay has digitalised case files and strengthened judicial-ethics training, but the Special Rapporteur on hazardous wastes describes the judicial system as slow and inefficient with most human-rights complaints uninvestigated, and civil society reports no measures to guarantee judicial independence and systematic impunity for dictatorship-era crimes against humanity.",A/HRC/WG.6/52/PRY/2 para. 20; A/HRC/WG.6/52/PRY/3 para. 24; A/HRC/WG.6/52/PRY/1 para. 62,"UN Compilation (A/HRC/WG.6/52/PRY/2), para. 20 — Special Rapporteur on hazardous substances and wastes: ""the country's judicial system was slow and inefficient, with most reports of human rights violations not being investigated""
Stakeholders' Summary (A/HRC/WG.6/52/PRY/3), para. 24 — Joint Submission 3: ""Paraguay had not taken measures to guarantee the independence and impartiality of the judiciary""
National Report (A/HRC/WG.6/52/PRY/1), para. 62 — Paraguay: ""Progress has been made in modernizing the judicial system by digitalizing case files, electronically allocating cases and publishing decisions and statistics"""
118.64,Switzerland,supported,Administration of justice & fair trial,Judicial independence; access to justice; impunity,B,"Partially implemented / steps taken, further action needed",Reduce the use of pretrial detention and ensure that conditions of detention are in line with international standards,"Paraguay has digitalised case files and strengthened judicial-ethics training, but the Special Rapporteur on hazardous wastes describes the judicial system as slow and inefficient with most human-rights complaints uninvestigated, and civil society reports no measures to guarantee judicial independence and systematic impunity for dictatorship-era crimes against humanity.",A/HRC/WG.6/52/PRY/2 para. 20; A/HRC/WG.6/52/PRY/3 para. 24; A/HRC/WG.6/52/PRY/1 para. 62,"UN Compilation (A/HRC/WG.6/52/PRY/2), para. 20 — Special Rapporteur on hazardous substances and wastes: ""the country's judicial system was slow and inefficient, with most reports of human rights violations not being investigated""
Stakeholders' Summary (A/HRC/WG.6/52/PRY/3), para. 24 — Joint Submission 3: ""Paraguay had not taken measures to guarantee the independence and impartiality of the judiciary""
National Report (A/HRC/WG.6/52/PRY/1), para. 62 — Paraguay: ""Progress has been made in modernizing the judicial system by digitalizing case files, electronically allocating cases and publishing decisions and statistics"""
118.65,Brazil,supported,Administration of justice & fair trial,Judicial independence; access to justice; impunity,B,"Partially implemented / steps taken, further action needed","Adopt policies as well as capacity-building and prevention measures against arbitrary detention, torture and excessive use of force by State agents, particularly in the follow-up of the health measures to combat COVID-19, and strengthen the capacities of investigation and judicial response in these areas","Paraguay has digitalised case files and strengthened judicial-ethics training, but the Special Rapporteur on hazardous wastes describes the judicial system as slow and inefficient with most human-rights complaints uninvestigated, and civil society reports no measures to guarantee judicial independence and systematic impunity for dictatorship-era crimes against humanity.",A/HRC/WG.6/52/PRY/2 para. 20; A/HRC/WG.6/52/PRY/3 para. 24; A/HRC/WG.6/52/PRY/1 para. 62,"UN Compilation (A/HRC/WG.6/52/PRY/2), para. 20 — Special Rapporteur on hazardous substances and wastes: ""the country's judicial system was slow and inefficient, with most reports of human rights violations not being investigated""
Stakeholders' Summary (A/HRC/WG.6/52/PRY/3), para. 24 — Joint Submission 3: ""Paraguay had not taken measures to guarantee the independence and impartiality of the judiciary""
National Report (A/HRC/WG.6/52/PRY/1), para. 62 — Paraguay: ""Progress has been made in modernizing the judicial system by digitalizing case files, electronically allocating cases and publishing decisions and statistics"""
118.66,Uzbekistan,supported,Conditions of detention,Prison overcrowding; pre-trial detention; torture prevention,B,"Partially implemented / steps taken, further action needed","Continue reforms of the penitentiary system to address the issue of overcrowding in prisons, and improve living conditions, including in educational institutions, police stations and institutions for people with mental disorders","Paraguay closed the Casa del Buen Pastor prison, opened a 1,200-place women's prison in Emboscada and approved a 2024 protocol on alternatives to pre-trial detention, but the UN country team and the National Mechanism for the Prevention of Torture report a structural crisis: 70 per cent of prisoners in pre-trial detention, 435 per cent overcrowding nationwide (over 1,100 per cent in some units), and maximum-security regimes amounting to torture.",A/HRC/WG.6/52/PRY/2 para. 17; A/HRC/WG.6/52/PRY/1 para. 64; A/HRC/WG.6/52/PRY/3 para. 25,"UN Compilation (A/HRC/WG.6/52/PRY/2), para. 17 — United Nations country team: ""A total of 70% of the prison population was in pretrial detention, and overcrowding had reached 435% nationwide, with some facilities operating at more than 1,100% of their capacity""
National Report (A/HRC/WG.6/52/PRY/1), para. 64 — Paraguay: ""A historic milestone was achieved with the definitive closure of the Casa del Buen Pastor Prison and the opening of a women's prison complex in Emboscada with capacity for more than 1,200 women""
Stakeholders' Summary (A/HRC/WG.6/52/PRY/3), para. 25 — National Mechanism for the Prevention of Torture of Paraguay: ""the persistent abuse of pretrial detention; overcrowding; maximum security regimes that constitute torture; corruption and control of prisons by criminal groups"""
118.67,Bolivarian Republic of Venezuela,supported,Access to justice & remedy,Access to justice and reparations,C,Not implemented / no relevant action taken,"Punish human rights violations committed by the Joint Task Force, such as arbitrary executions, abusive use of lethal force and torture","The judicial system is described as slow and inefficient with most human-rights complaints uninvestigated, and civil society reports reparations ordered by the Human Rights Committee and the Inter-American Court in several cases remain unpaid.",A/HRC/WG.6/52/PRY/2 para. 20; A/HRC/WG.6/52/PRY/3 para. 16,"UN Compilation (A/HRC/WG.6/52/PRY/2), para. 20 — Special Rapporteur on hazardous substances and wastes: ""the country's judicial system was slow and inefficient, with most reports of human rights violations not being investigated""
Stakeholders' Summary (A/HRC/WG.6/52/PRY/3), para. 16 — Joint Submission 3: ""the failure to provide the reparations ordered by the Human Rights Committee in a number of cases"""
118.68,Bolivarian Republic of Venezuela,supported,Administration of justice & fair trial,Judicial independence; access to justice; impunity,B,"Partially implemented / steps taken, further action needed",Adopt effective initiatives to confront the abusive use of pretrial detention and the serious prison overcrowding,"Paraguay has digitalised case files and strengthened judicial-ethics training, but the Special Rapporteur on hazardous wastes describes the judicial system as slow and inefficient with most human-rights complaints uninvestigated, and civil society reports no measures to guarantee judicial independence and systematic impunity for dictatorship-era crimes against humanity.",A/HRC/WG.6/52/PRY/2 para. 20; A/HRC/WG.6/52/PRY/3 para. 24; A/HRC/WG.6/52/PRY/1 para. 62,"UN Compilation (A/HRC/WG.6/52/PRY/2), para. 20 — Special Rapporteur on hazardous substances and wastes: ""the country's judicial system was slow and inefficient, with most reports of human rights violations not being investigated""
Stakeholders' Summary (A/HRC/WG.6/52/PRY/3), para. 24 — Joint Submission 3: ""Paraguay had not taken measures to guarantee the independence and impartiality of the judiciary""
National Report (A/HRC/WG.6/52/PRY/1), para. 62 — Paraguay: ""Progress has been made in modernizing the judicial system by digitalizing case files, electronically allocating cases and publishing decisions and statistics"""
118.69,Argentina,supported_noted,Access to justice & remedy,Access to justice and reparations,C,Not implemented / no relevant action taken,"Move forward without delay and in an impartial manner in the investigation of the murder of two 11-year-old Argentinean girls in the context of the Joint Task Force operation on 2 September 2020. To this end, Argentina reiterates its offer to make available the experience of the Argentine Forensic Anthropology Team, internationally recognized for the seriousness of its work, to clarify the facts","The judicial system is described as slow and inefficient with most human-rights complaints uninvestigated, and civil society reports reparations ordered by the Human Rights Committee and the Inter-American Court in several cases remain unpaid.",A/HRC/WG.6/52/PRY/2 para. 20; A/HRC/WG.6/52/PRY/3 para. 16,"UN Compilation (A/HRC/WG.6/52/PRY/2), para. 20 — Special Rapporteur on hazardous substances and wastes: ""the country's judicial system was slow and inefficient, with most reports of human rights violations not being investigated""
Stakeholders' Summary (A/HRC/WG.6/52/PRY/3), para. 16 — Joint Submission 3: ""the failure to provide the reparations ordered by the Human Rights Committee in a number of cases"""
118.70,Australia,supported,Conditions of detention,Prison overcrowding; pre-trial detention; torture prevention,B,"Partially implemented / steps taken, further action needed","Continue efforts to end abusive practices by security forces and to improve prison and detention centre conditions, including in the context of Paraguay ’ s response to the COVID-19 pandemic","Paraguay closed the Casa del Buen Pastor prison, opened a 1,200-place women's prison in Emboscada and approved a 2024 protocol on alternatives to pre-trial detention, but the UN country team and the National Mechanism for the Prevention of Torture report a structural crisis: 70 per cent of prisoners in pre-trial detention, 435 per cent overcrowding nationwide (over 1,100 per cent in some units), and maximum-security regimes amounting to torture.",A/HRC/WG.6/52/PRY/2 para. 17; A/HRC/WG.6/52/PRY/1 para. 64; A/HRC/WG.6/52/PRY/3 para. 25,"UN Compilation (A/HRC/WG.6/52/PRY/2), para. 17 — United Nations country team: ""A total of 70% of the prison population was in pretrial detention, and overcrowding had reached 435% nationwide, with some facilities operating at more than 1,100% of their capacity""
National Report (A/HRC/WG.6/52/PRY/1), para. 64 — Paraguay: ""A historic milestone was achieved with the definitive closure of the Casa del Buen Pastor Prison and the opening of a women's prison complex in Emboscada with capacity for more than 1,200 women""
Stakeholders' Summary (A/HRC/WG.6/52/PRY/3), para. 25 — National Mechanism for the Prevention of Torture of Paraguay: ""the persistent abuse of pretrial detention; overcrowding; maximum security regimes that constitute torture; corruption and control of prisons by criminal groups"""
118.71,Guyana,supported,Conditions of detention,Prison overcrowding; pre-trial detention; torture prevention,B,"Partially implemented / steps taken, further action needed","Continue to ensure that the rights of persons deprived of liberty are respected, and that it investigate all deaths of persons deprived of liberty and strengthen existing mechanisms for the prevention of torture","Paraguay closed the Casa del Buen Pastor prison, opened a 1,200-place women's prison in Emboscada and approved a 2024 protocol on alternatives to pre-trial detention, but the UN country team and the National Mechanism for the Prevention of Torture report a structural crisis: 70 per cent of prisoners in pre-trial detention, 435 per cent overcrowding nationwide (over 1,100 per cent in some units), and maximum-security regimes amounting to torture.",A/HRC/WG.6/52/PRY/2 para. 17; A/HRC/WG.6/52/PRY/1 para. 64; A/HRC/WG.6/52/PRY/3 para. 25,"UN Compilation (A/HRC/WG.6/52/PRY/2), para. 17 — United Nations country team: ""A total of 70% of the prison population was in pretrial detention, and overcrowding had reached 435% nationwide, with some facilities operating at more than 1,100% of their capacity""
National Report (A/HRC/WG.6/52/PRY/1), para. 64 — Paraguay: ""A historic milestone was achieved with the definitive closure of the Casa del Buen Pastor Prison and the opening of a women's prison complex in Emboscada with capacity for more than 1,200 women""
Stakeholders' Summary (A/HRC/WG.6/52/PRY/3), para. 25 — National Mechanism for the Prevention of Torture of Paraguay: ""the persistent abuse of pretrial detention; overcrowding; maximum security regimes that constitute torture; corruption and control of prisons by criminal groups"""
118.72,Czechia,supported,Administration of justice & fair trial,Judicial independence; access to justice; impunity,B,"Partially implemented / steps taken, further action needed",Strengthen its efforts to eradicate all forms of interference in the judiciary by other branches of government,"Paraguay has digitalised case files and strengthened judicial-ethics training, but the Special Rapporteur on hazardous wastes describes the judicial system as slow and inefficient with most human-rights complaints uninvestigated, and civil society reports no measures to guarantee judicial independence and systematic impunity for dictatorship-era crimes against humanity.",A/HRC/WG.6/52/PRY/2 para. 20; A/HRC/WG.6/52/PRY/3 para. 24; A/HRC/WG.6/52/PRY/1 para. 62,"UN Compilation (A/HRC/WG.6/52/PRY/2), para. 20 — Special Rapporteur on hazardous substances and wastes: ""the country's judicial system was slow and inefficient, with most reports of human rights violations not being investigated""
Stakeholders' Summary (A/HRC/WG.6/52/PRY/3), para. 24 — Joint Submission 3: ""Paraguay had not taken measures to guarantee the independence and impartiality of the judiciary""
National Report (A/HRC/WG.6/52/PRY/1), para. 62 — Paraguay: ""Progress has been made in modernizing the judicial system by digitalizing case files, electronically allocating cases and publishing decisions and statistics"""
118.73,Germany,supported,Administration of justice & fair trial,Judicial independence; access to justice; impunity,B,"Partially implemented / steps taken, further action needed","Strengthen the judicial system, especially in the field of criminal jurisdiction, including with a view to overcome backlogs of cases","Paraguay has digitalised case files and strengthened judicial-ethics training, but the Special Rapporteur on hazardous wastes describes the judicial system as slow and inefficient with most human-rights complaints uninvestigated, and civil society reports no measures to guarantee judicial independence and systematic impunity for dictatorship-era crimes against humanity.",A/HRC/WG.6/52/PRY/2 para. 20; A/HRC/WG.6/52/PRY/3 para. 24; A/HRC/WG.6/52/PRY/1 para. 62,"UN Compilation (A/HRC/WG.6/52/PRY/2), para. 20 — Special Rapporteur on hazardous substances and wastes: ""the country's judicial system was slow and inefficient, with most reports of human rights violations not being investigated""
Stakeholders' Summary (A/HRC/WG.6/52/PRY/3), para. 24 — Joint Submission 3: ""Paraguay had not taken measures to guarantee the independence and impartiality of the judiciary""
National Report (A/HRC/WG.6/52/PRY/1), para. 62 — Paraguay: ""Progress has been made in modernizing the judicial system by digitalizing case files, electronically allocating cases and publishing decisions and statistics"""
118.74,Japan,supported,Administration of justice & fair trial,Judicial independence; access to justice; impunity,B,"Partially implemented / steps taken, further action needed",Make effective efforts to further strengthen administration of justice,"Paraguay has digitalised case files and strengthened judicial-ethics training, but the Special Rapporteur on hazardous wastes describes the judicial system as slow and inefficient with most human-rights complaints uninvestigated, and civil society reports no measures to guarantee judicial independence and systematic impunity for dictatorship-era crimes against humanity.",A/HRC/WG.6/52/PRY/2 para. 20; A/HRC/WG.6/52/PRY/3 para. 24; A/HRC/WG.6/52/PRY/1 para. 62,"UN Compilation (A/HRC/WG.6/52/PRY/2), para. 20 — Special Rapporteur on hazardous substances and wastes: ""the country's judicial system was slow and inefficient, with most reports of human rights violations not being investigated""
Stakeholders' Summary (A/HRC/WG.6/52/PRY/3), para. 24 — Joint Submission 3: ""Paraguay had not taken measures to guarantee the independence and impartiality of the judiciary""
National Report (A/HRC/WG.6/52/PRY/1), para. 62 — Paraguay: ""Progress has been made in modernizing the judicial system by digitalizing case files, electronically allocating cases and publishing decisions and statistics"""
118.75,Singapore,supported,Administration of justice & fair trial,Judicial independence; access to justice; impunity,B,"Partially implemented / steps taken, further action needed",Continue with efforts to strengthen the independence of the judiciary through concrete and transparent measures,"Paraguay has digitalised case files and strengthened judicial-ethics training, but the Special Rapporteur on hazardous wastes describes the judicial system as slow and inefficient with most human-rights complaints uninvestigated, and civil society reports no measures to guarantee judicial independence and systematic impunity for dictatorship-era crimes against humanity.",A/HRC/WG.6/52/PRY/2 para. 20; A/HRC/WG.6/52/PRY/3 para. 24; A/HRC/WG.6/52/PRY/1 para. 62,"UN Compilation (A/HRC/WG.6/52/PRY/2), para. 20 — Special Rapporteur on hazardous substances and wastes: ""the country's judicial system was slow and inefficient, with most reports of human rights violations not being investigated""
Stakeholders' Summary (A/HRC/WG.6/52/PRY/3), para. 24 — Joint Submission 3: ""Paraguay had not taken measures to guarantee the independence and impartiality of the judiciary""
National Report (A/HRC/WG.6/52/PRY/1), para. 62 — Paraguay: ""Progress has been made in modernizing the judicial system by digitalizing case files, electronically allocating cases and publishing decisions and statistics"""
118.76,Uzbekistan,supported,National Human Rights Institution (NHRI),Strengthen the Ombudsman (national human rights institution),B,"Partially implemented / steps taken, further action needed","Provide the office of the public defender with human, technical and financial resources necessary for its mandate","Paraguay's Ombudsman's Office regained GANHRI category A status in 2025 and its budget was increased; the UN country team notes it still has one of the lowest budgets of any agency, and civil society reports the selection process is not regulated, merit-based or transparent, leaving the Office vulnerable to political capture.",A/HRC/WG.6/52/PRY/1 para. 17; A/HRC/WG.6/52/PRY/2 para. 7; A/HRC/WG.6/52/PRY/3 para. 19,"National Report (A/HRC/WG.6/52/PRY/1), para. 17 — Paraguay: ""The Office of the Ombudsman was re-accredited with category A status ... officially granted in 2025 and certifies that the Office is in full compliance with the Paris Principles""
UN Compilation (A/HRC/WG.6/52/PRY/2), para. 7 — United Nations country team: ""The budget allocated to the institution had been increased, but it continued to have one of the lowest budgets of any agency""
Stakeholders' Summary (A/HRC/WG.6/52/PRY/3), para. 19 — Joint Submission 3: ""the lack of political independence of the Ombudsman's Office, which resulted from the lack of a regulated, merit-based selection process"""
118.77,Republic of Korea,supported,Administration of justice & fair trial,Judicial independence; access to justice; impunity,B,"Partially implemented / steps taken, further action needed",Continue its efforts to combat corruption and impunity by ensuring judicial independence through the strengthening of the institutional framework,"Paraguay has digitalised case files and strengthened judicial-ethics training, but the Special Rapporteur on hazardous wastes describes the judicial system as slow and inefficient with most human-rights complaints uninvestigated, and civil society reports no measures to guarantee judicial independence and systematic impunity for dictatorship-era crimes against humanity.",A/HRC/WG.6/52/PRY/2 para. 20; A/HRC/WG.6/52/PRY/3 para. 24; A/HRC/WG.6/52/PRY/1 para. 62,"UN Compilation (A/HRC/WG.6/52/PRY/2), para. 20 — Special Rapporteur on hazardous substances and wastes: ""the country's judicial system was slow and inefficient, with most reports of human rights violations not being investigated""
Stakeholders' Summary (A/HRC/WG.6/52/PRY/3), para. 24 — Joint Submission 3: ""Paraguay had not taken measures to guarantee the independence and impartiality of the judiciary""
National Report (A/HRC/WG.6/52/PRY/1), para. 62 — Paraguay: ""Progress has been made in modernizing the judicial system by digitalizing case files, electronically allocating cases and publishing decisions and statistics"""
118.78,Germany,supported,Good governance & corruption,Strengthen transparency and anti-corruption,B,"Partially implemented / steps taken, further action needed",Intensify efforts to combat corruption in order to achieve a more equal and sustainable social and economic development,"Paraguay approved a National Anti-Corruption Strategy (2023) and enacted Act No. 7389/2024 establishing a National System for Integrity, Transparency and the Prevention of Corruption with annual measurable agency goals; civil society reports the Anti-Corruption Commission remains under-resourced.",A/HRC/WG.6/52/PRY/1 para. 58; A/HRC/WG.6/52/PRY/1 para. 59,"National Report (A/HRC/WG.6/52/PRY/1), para. 58 — Paraguay: ""In 2023, the National Anti-Corruption Strategy was approved to strengthen transparency and integrity in the civil service""
National Report (A/HRC/WG.6/52/PRY/1), para. 59 — Paraguay: ""In 2024, Act No. 7389/2024 was enacted, establishing the National System for Integrity, Transparency and the Prevention of Corruption"""
118.79,Belarus,supported,Good governance & corruption,Strengthen transparency and anti-corruption,B,"Partially implemented / steps taken, further action needed",Consider developing a national anti-corruption strategy,"Paraguay approved a National Anti-Corruption Strategy (2023) and enacted Act No. 7389/2024 establishing a National System for Integrity, Transparency and the Prevention of Corruption with annual measurable agency goals; civil society reports the Anti-Corruption Commission remains under-resourced.",A/HRC/WG.6/52/PRY/1 para. 58; A/HRC/WG.6/52/PRY/1 para. 59,"National Report (A/HRC/WG.6/52/PRY/1), para. 58 — Paraguay: ""In 2023, the National Anti-Corruption Strategy was approved to strengthen transparency and integrity in the civil service""
National Report (A/HRC/WG.6/52/PRY/1), para. 59 — Paraguay: ""In 2024, Act No. 7389/2024 was enacted, establishing the National System for Integrity, Transparency and the Prevention of Corruption"""
118.80,Costa Rica,supported,Freedom of opinion and expression & access to information,Protect freedom of expression and journalists,C,Not implemented / no relevant action taken,Guarantee that the protection and prevention of censorship or any other limitation or violation of freedom of expression and freedom of the press is in line with international human rights standards,"A bill to protect journalists has been pending since 2021; JS3 recorded 122 attacks on journalists and two killings since the previous review (21 killed 1991-2025), and UNESCO recommends decriminalising defamation, which remains a criminal offence.",A/HRC/WG.6/52/PRY/3 para. 28; A/HRC/WG.6/52/PRY/2 para. 25,"Stakeholders' Summary (A/HRC/WG.6/52/PRY/3), para. 28 — Joint Submission 3: ""recorded 122 cases of violence directed at journalists by the authorities and criminal organizations and two journalists killed since the previous universal periodic review""
UN Compilation (A/HRC/WG.6/52/PRY/2), para. 25 — UNESCO: ""recommended decriminalizing defamation and placing it within civil defamation legislation that was in accordance with international standards"""
118.81,France,supported,Freedom of opinion and expression & access to information,Adopt a protection mechanism for journalists and human rights defenders,C,Not implemented / no relevant action taken,"Guarantee freedom of the press and the protection of journalists and the media, and end restrictions on the freedoms of association and peaceful assembly","A bill to protect journalists and human rights defenders, required by an Inter-American Court ruling, has been pending in Congress since 2021; attacks and criminalisation of defenders continue and most murders of journalists remain unpunished.",A/HRC/WG.6/52/PRY/2 para. 23; A/HRC/WG.6/52/PRY/3 para. 29,"UN Compilation (A/HRC/WG.6/52/PRY/2), para. 23 — United Nations country team: ""although the Inter-American Court of Human Rights had issued a ruling ordering the establishment of a mechanism for protecting journalists and defenders, the bill presented for this purpose had not made any progress through the parliament since 2021""
Stakeholders' Summary (A/HRC/WG.6/52/PRY/3), para. 29 — Amnesty International: ""regretted the lack of progress made towards adopting the bill to protect journalists and human rights defenders"""
118.82,Ireland,supported,Freedom of association,Adopt a protection mechanism for journalists and human rights defenders,C,Not implemented / no relevant action taken,Enact as a matter of priority the law for the protection of journalists and human rights defenders,"A bill to protect journalists and human rights defenders, required by an Inter-American Court ruling, has been pending in Congress since 2021; attacks and criminalisation of defenders continue and most murders of journalists remain unpunished.",A/HRC/WG.6/52/PRY/2 para. 23; A/HRC/WG.6/52/PRY/3 para. 29,"UN Compilation (A/HRC/WG.6/52/PRY/2), para. 23 — United Nations country team: ""although the Inter-American Court of Human Rights had issued a ruling ordering the establishment of a mechanism for protecting journalists and defenders, the bill presented for this purpose had not made any progress through the parliament since 2021""
Stakeholders' Summary (A/HRC/WG.6/52/PRY/3), para. 29 — Amnesty International: ""regretted the lack of progress made towards adopting the bill to protect journalists and human rights defenders"""
118.83,Italy,supported,Freedom of association,Adopt a protection mechanism for journalists and human rights defenders,C,Not implemented / no relevant action taken,"Adopt measures to ensure that human rights defenders and journalists can carry out their work in a safe environment, without risk of reprisals","A bill to protect journalists and human rights defenders, required by an Inter-American Court ruling, has been pending in Congress since 2021; attacks and criminalisation of defenders continue and most murders of journalists remain unpunished.",A/HRC/WG.6/52/PRY/2 para. 23; A/HRC/WG.6/52/PRY/3 para. 29,"UN Compilation (A/HRC/WG.6/52/PRY/2), para. 23 — United Nations country team: ""although the Inter-American Court of Human Rights had issued a ruling ordering the establishment of a mechanism for protecting journalists and defenders, the bill presented for this purpose had not made any progress through the parliament since 2021""
Stakeholders' Summary (A/HRC/WG.6/52/PRY/3), para. 29 — Amnesty International: ""regretted the lack of progress made towards adopting the bill to protect journalists and human rights defenders"""
118.84,United States of America,supported,Freedom of opinion and expression & access to information,Adopt a protection mechanism for journalists and human rights defenders,C,Not implemented / no relevant action taken,"Protect the right to freedom of expression for members of the press by prosecuting assaults against journalists, providing licences to independent outlets, and supporting unions for journalists","A bill to protect journalists and human rights defenders, required by an Inter-American Court ruling, has been pending in Congress since 2021; attacks and criminalisation of defenders continue and most murders of journalists remain unpunished.",A/HRC/WG.6/52/PRY/2 para. 23; A/HRC/WG.6/52/PRY/3 para. 29,"UN Compilation (A/HRC/WG.6/52/PRY/2), para. 23 — United Nations country team: ""although the Inter-American Court of Human Rights had issued a ruling ordering the establishment of a mechanism for protecting journalists and defenders, the bill presented for this purpose had not made any progress through the parliament since 2021""
Stakeholders' Summary (A/HRC/WG.6/52/PRY/3), para. 29 — Amnesty International: ""regretted the lack of progress made towards adopting the bill to protect journalists and human rights defenders"""
118.85,Bolivarian Republic of Venezuela,supported,Freedom of association,Repeal the NGO oversight law (Act No. 7363/2024),E,"Contrary measures taken, or recommendation rejected","Put an end to legal obstacles to the exercise of freedom of association, in particular in the workplace, and investigate incidents of persecution for trade unionism","Act No. 7363/2024 (the 'Garrote' Act), adopted in 2024, imposes vague and disproportionate requirements and penalties on non-profit organisations that restrict freedom of association; the Ombudsman's Office and multiple stakeholders call for its repeal - a regression.",A/HRC/WG.6/52/PRY/3 para. 27; A/HRC/WG.6/52/PRY/3 para. 5,"Stakeholders' Summary (A/HRC/WG.6/52/PRY/3), para. 27 — Several stakeholders (OHCHR summary): ""Act No. 7363 (the Garrote Act), adopted in 2024, abusively restricted freedom of association with vague provisions and unclear penalties ... A number of communications recommended repealing Act No. 7363""
Stakeholders' Summary (A/HRC/WG.6/52/PRY/3), para. 5 — Ombudsman's Office of Paraguay: ""Act No. 7363/64 on the Oversight, Transparency and Accountability of Non-profit Organizations ... imposed requirements and procedures that restricted the exercise of the right of association"""
118.86,Czechia,supported,Freedom of association,Adopt a protection mechanism for journalists and human rights defenders,C,Not implemented / no relevant action taken,Adopt all necessary measures to guarantee the right to life and safety of human rights defenders and journalists,"A bill to protect journalists and human rights defenders, required by an Inter-American Court ruling, has been pending in Congress since 2021; attacks and criminalisation of defenders continue and most murders of journalists remain unpunished.",A/HRC/WG.6/52/PRY/2 para. 23; A/HRC/WG.6/52/PRY/3 para. 29,"UN Compilation (A/HRC/WG.6/52/PRY/2), para. 23 — United Nations country team: ""although the Inter-American Court of Human Rights had issued a ruling ordering the establishment of a mechanism for protecting journalists and defenders, the bill presented for this purpose had not made any progress through the parliament since 2021""
Stakeholders' Summary (A/HRC/WG.6/52/PRY/3), para. 29 — Amnesty International: ""regretted the lack of progress made towards adopting the bill to protect journalists and human rights defenders"""
118.87,Ecuador,supported,Freedom of association,Adopt a protection mechanism for journalists and human rights defenders,C,Not implemented / no relevant action taken,Adopt all necessary measures to prevent and stop the criminalization of human rights defenders,"A bill to protect journalists and human rights defenders, required by an Inter-American Court ruling, has been pending in Congress since 2021; attacks and criminalisation of defenders continue and most murders of journalists remain unpunished.",A/HRC/WG.6/52/PRY/2 para. 23; A/HRC/WG.6/52/PRY/3 para. 29,"UN Compilation (A/HRC/WG.6/52/PRY/2), para. 23 — United Nations country team: ""although the Inter-American Court of Human Rights had issued a ruling ordering the establishment of a mechanism for protecting journalists and defenders, the bill presented for this purpose had not made any progress through the parliament since 2021""
Stakeholders' Summary (A/HRC/WG.6/52/PRY/3), para. 29 — Amnesty International: ""regretted the lack of progress made towards adopting the bill to protect journalists and human rights defenders"""
118.88,Fiji,supported,Freedom of association,Adopt a protection mechanism for journalists and human rights defenders,C,Not implemented / no relevant action taken,"Consider progressive law reforms on the protection of journalists and human rights defenders across all sectors, further guaranteeing media freedom and freedom of expression","A bill to protect journalists and human rights defenders, required by an Inter-American Court ruling, has been pending in Congress since 2021; attacks and criminalisation of defenders continue and most murders of journalists remain unpunished.",A/HRC/WG.6/52/PRY/2 para. 23; A/HRC/WG.6/52/PRY/3 para. 29,"UN Compilation (A/HRC/WG.6/52/PRY/2), para. 23 — United Nations country team: ""although the Inter-American Court of Human Rights had issued a ruling ordering the establishment of a mechanism for protecting journalists and defenders, the bill presented for this purpose had not made any progress through the parliament since 2021""
Stakeholders' Summary (A/HRC/WG.6/52/PRY/3), para. 29 — Amnesty International: ""regretted the lack of progress made towards adopting the bill to protect journalists and human rights defenders"""
118.89,Fiji,supported,Administration of justice & fair trial,Adopt a protection mechanism for journalists and human rights defenders,C,Not implemented / no relevant action taken,"Ensure accountability for all human rights violations against journalists and human rights defenders, with the full ascertainment of the facts surrounding the violations and disclosure to the victims and their families","A bill to protect journalists and human rights defenders, required by an Inter-American Court ruling, has been pending in Congress since 2021; attacks and criminalisation of defenders continue and most murders of journalists remain unpunished.",A/HRC/WG.6/52/PRY/2 para. 23; A/HRC/WG.6/52/PRY/3 para. 29,"UN Compilation (A/HRC/WG.6/52/PRY/2), para. 23 — United Nations country team: ""although the Inter-American Court of Human Rights had issued a ruling ordering the establishment of a mechanism for protecting journalists and defenders, the bill presented for this purpose had not made any progress through the parliament since 2021""
Stakeholders' Summary (A/HRC/WG.6/52/PRY/3), para. 29 — Amnesty International: ""regretted the lack of progress made towards adopting the bill to protect journalists and human rights defenders"""
118.90,France,supported,Freedom of association,Adopt a protection mechanism for journalists and human rights defenders,C,Not implemented / no relevant action taken,Establish a protection mechanism for human rights defenders,"A bill to protect journalists and human rights defenders, required by an Inter-American Court ruling, has been pending in Congress since 2021; attacks and criminalisation of defenders continue and most murders of journalists remain unpunished.",A/HRC/WG.6/52/PRY/2 para. 23; A/HRC/WG.6/52/PRY/3 para. 29,"UN Compilation (A/HRC/WG.6/52/PRY/2), para. 23 — United Nations country team: ""although the Inter-American Court of Human Rights had issued a ruling ordering the establishment of a mechanism for protecting journalists and defenders, the bill presented for this purpose had not made any progress through the parliament since 2021""
Stakeholders' Summary (A/HRC/WG.6/52/PRY/3), para. 29 — Amnesty International: ""regretted the lack of progress made towards adopting the bill to protect journalists and human rights defenders"""
118.91,Germany,supported,Freedom of association,Adopt a protection mechanism for journalists and human rights defenders,C,Not implemented / no relevant action taken,Adopt all necessary measures to prevent and stop the criminalization of human rights defenders and journalists,"A bill to protect journalists and human rights defenders, required by an Inter-American Court ruling, has been pending in Congress since 2021; attacks and criminalisation of defenders continue and most murders of journalists remain unpunished.",A/HRC/WG.6/52/PRY/2 para. 23; A/HRC/WG.6/52/PRY/3 para. 29,"UN Compilation (A/HRC/WG.6/52/PRY/2), para. 23 — United Nations country team: ""although the Inter-American Court of Human Rights had issued a ruling ordering the establishment of a mechanism for protecting journalists and defenders, the bill presented for this purpose had not made any progress through the parliament since 2021""
Stakeholders' Summary (A/HRC/WG.6/52/PRY/3), para. 29 — Amnesty International: ""regretted the lack of progress made towards adopting the bill to protect journalists and human rights defenders"""
118.92,Belgium,supported,Freedom of association,Adopt a protection mechanism for journalists and human rights defenders,C,Not implemented / no relevant action taken,"Ensure the provision of effective assistance and protection to human rights defenders and journalists against threats, violence and intimidation, and investigate attacks, reprisals and assaults against them","A bill to protect journalists and human rights defenders, required by an Inter-American Court ruling, has been pending in Congress since 2021; attacks and criminalisation of defenders continue and most murders of journalists remain unpunished.",A/HRC/WG.6/52/PRY/2 para. 23; A/HRC/WG.6/52/PRY/3 para. 29,"UN Compilation (A/HRC/WG.6/52/PRY/2), para. 23 — United Nations country team: ""although the Inter-American Court of Human Rights had issued a ruling ordering the establishment of a mechanism for protecting journalists and defenders, the bill presented for this purpose had not made any progress through the parliament since 2021""
Stakeholders' Summary (A/HRC/WG.6/52/PRY/3), para. 29 — Amnesty International: ""regretted the lack of progress made towards adopting the bill to protect journalists and human rights defenders"""
118.93,Netherlands,supported,Access to justice & remedy,Adopt a protection mechanism for journalists and human rights defenders,C,Not implemented / no relevant action taken,"Pursue prompt, thorough and transparent investigations into all crimes committed against journalists, ensuring prosecution of perpetrators and victims ’ access to effective remedies","A bill to protect journalists and human rights defenders, required by an Inter-American Court ruling, has been pending in Congress since 2021; attacks and criminalisation of defenders continue and most murders of journalists remain unpunished.",A/HRC/WG.6/52/PRY/2 para. 23; A/HRC/WG.6/52/PRY/3 para. 29,"UN Compilation (A/HRC/WG.6/52/PRY/2), para. 23 — United Nations country team: ""although the Inter-American Court of Human Rights had issued a ruling ordering the establishment of a mechanism for protecting journalists and defenders, the bill presented for this purpose had not made any progress through the parliament since 2021""
Stakeholders' Summary (A/HRC/WG.6/52/PRY/3), para. 29 — Amnesty International: ""regretted the lack of progress made towards adopting the bill to protect journalists and human rights defenders"""
118.94,Spain,supported,Freedom of association,Adopt a protection mechanism for journalists and human rights defenders,C,Not implemented / no relevant action taken,Finalize parliamentary procedures for the enactment of the law on the protection of journalists and human rights defenders,"A bill to protect journalists and human rights defenders, required by an Inter-American Court ruling, has been pending in Congress since 2021; attacks and criminalisation of defenders continue and most murders of journalists remain unpunished.",A/HRC/WG.6/52/PRY/2 para. 23; A/HRC/WG.6/52/PRY/3 para. 29,"UN Compilation (A/HRC/WG.6/52/PRY/2), para. 23 — United Nations country team: ""although the Inter-American Court of Human Rights had issued a ruling ordering the establishment of a mechanism for protecting journalists and defenders, the bill presented for this purpose had not made any progress through the parliament since 2021""
Stakeholders' Summary (A/HRC/WG.6/52/PRY/3), para. 29 — Amnesty International: ""regretted the lack of progress made towards adopting the bill to protect journalists and human rights defenders"""
118.95,Switzerland,supported,Access to justice & remedy,Adopt a protection mechanism for journalists and human rights defenders,C,Not implemented / no relevant action taken,"Conduct swift, independent, effective and impartial investigations into all attacks against human rights defenders","A bill to protect journalists and human rights defenders, required by an Inter-American Court ruling, has been pending in Congress since 2021; attacks and criminalisation of defenders continue and most murders of journalists remain unpunished.",A/HRC/WG.6/52/PRY/2 para. 23; A/HRC/WG.6/52/PRY/3 para. 29,"UN Compilation (A/HRC/WG.6/52/PRY/2), para. 23 — United Nations country team: ""although the Inter-American Court of Human Rights had issued a ruling ordering the establishment of a mechanism for protecting journalists and defenders, the bill presented for this purpose had not made any progress through the parliament since 2021""
Stakeholders' Summary (A/HRC/WG.6/52/PRY/3), para. 29 — Amnesty International: ""regretted the lack of progress made towards adopting the bill to protect journalists and human rights defenders"""
118.96,Brazil,supported,Freedom of association,Adopt a protection mechanism for journalists and human rights defenders,C,Not implemented / no relevant action taken,"Improve policies for the protection of human rights defenders, journalists and lawyers","A bill to protect journalists and human rights defenders, required by an Inter-American Court ruling, has been pending in Congress since 2021; attacks and criminalisation of defenders continue and most murders of journalists remain unpunished.",A/HRC/WG.6/52/PRY/2 para. 23; A/HRC/WG.6/52/PRY/3 para. 29,"UN Compilation (A/HRC/WG.6/52/PRY/2), para. 23 — United Nations country team: ""although the Inter-American Court of Human Rights had issued a ruling ordering the establishment of a mechanism for protecting journalists and defenders, the bill presented for this purpose had not made any progress through the parliament since 2021""
Stakeholders' Summary (A/HRC/WG.6/52/PRY/3), para. 29 — Amnesty International: ""regretted the lack of progress made towards adopting the bill to protect journalists and human rights defenders"""
118.97,Uruguay,supported,Freedom of association,Adopt a protection mechanism for journalists and human rights defenders,C,Not implemented / no relevant action taken,Promote the parliamentary debate for the approval of a law for the protection of journalists and human rights defenders with the participation of all relevant actors; that includes an institutional framework for the round table on the safety of journalists,"A bill to protect journalists and human rights defenders, required by an Inter-American Court ruling, has been pending in Congress since 2021; attacks and criminalisation of defenders continue and most murders of journalists remain unpunished.",A/HRC/WG.6/52/PRY/2 para. 23; A/HRC/WG.6/52/PRY/3 para. 29,"UN Compilation (A/HRC/WG.6/52/PRY/2), para. 23 — United Nations country team: ""although the Inter-American Court of Human Rights had issued a ruling ordering the establishment of a mechanism for protecting journalists and defenders, the bill presented for this purpose had not made any progress through the parliament since 2021""
Stakeholders' Summary (A/HRC/WG.6/52/PRY/3), para. 29 — Amnesty International: ""regretted the lack of progress made towards adopting the bill to protect journalists and human rights defenders"""
118.98,Bolivarian Republic of Venezuela,supported,Freedom of association,Adopt a protection mechanism for journalists and human rights defenders,C,Not implemented / no relevant action taken,"Put an end to the growing hostility and criminalization of journalists and human rights defenders, and punish recent attacks against journalists for reporting on the COVID-19 emergency","A bill to protect journalists and human rights defenders, required by an Inter-American Court ruling, has been pending in Congress since 2021; attacks and criminalisation of defenders continue and most murders of journalists remain unpunished.",A/HRC/WG.6/52/PRY/2 para. 23; A/HRC/WG.6/52/PRY/3 para. 29,"UN Compilation (A/HRC/WG.6/52/PRY/2), para. 23 — United Nations country team: ""although the Inter-American Court of Human Rights had issued a ruling ordering the establishment of a mechanism for protecting journalists and defenders, the bill presented for this purpose had not made any progress through the parliament since 2021""
Stakeholders' Summary (A/HRC/WG.6/52/PRY/3), para. 29 — Amnesty International: ""regretted the lack of progress made towards adopting the bill to protect journalists and human rights defenders"""
118.99,Georgia,supported,Human trafficking & contemporary forms of slavery,Combat trafficking in persons,B,"Partially implemented / steps taken, further action needed","Accelerate the process of effective implementation of the national programme for the prevention of, combating of, and care of victims of, trafficking in persons and the national fund for investment in prevention and the care of victims of trafficking in persons","Paraguay implemented a National Plan to Prevent and Combat Trafficking 2020-2024 (extended to 2025-2026), designated the Ministry of the Interior as lead agency with a dedicated fund (2025), opened the Nasaindy Protection Centre and maintains a specialised prosecution unit; the Committee on Migrant Workers finds standards still unsatisfactory, the ECLJ reports declining case numbers since 2019, and CRC calls for a national anti-trafficking strategy and elimination of criadazgo.",A/HRC/WG.6/52/PRY/1 para. 78; A/HRC/WG.6/52/PRY/2 para. 26; A/HRC/WG.6/52/PRY/3 para. 34,"National Report (A/HRC/WG.6/52/PRY/1), para. 78 — Paraguay: ""The implementation of the National Plan to Prevent and Combat Trafficking in Persons 2020-2024 consolidated the State's response ... It was therefore decided to extend the implementation of the Plan for the period 2025-2026""
UN Compilation (A/HRC/WG.6/52/PRY/2), para. 26 — Committee on Migrant Workers: ""Paraguay had not yet achieved satisfactory standards in its fight against trafficking in persons and that children, especially those living on the street in the tri-border area, continued to be subjected to exploitation""
Stakeholders' Summary (A/HRC/WG.6/52/PRY/3), para. 34 — European Centre for Law and Justice: ""the number of human trafficking cases that opened every year had decreased since 2019 due to corruption, impunity, lack of resources and inadequate victim support"""
118.100,Belarus,supported,Human trafficking & contemporary forms of slavery,Combat trafficking in persons,B,"Partially implemented / steps taken, further action needed","Step up efforts to combat trafficking in persons, including ensuring the effective investigation of these crimes and accountability for perpetrators","Paraguay implemented a National Plan to Prevent and Combat Trafficking 2020-2024 (extended to 2025-2026), designated the Ministry of the Interior as lead agency with a dedicated fund (2025), opened the Nasaindy Protection Centre and maintains a specialised prosecution unit; the Committee on Migrant Workers finds standards still unsatisfactory, the ECLJ reports declining case numbers since 2019, and CRC calls for a national anti-trafficking strategy and elimination of criadazgo.",A/HRC/WG.6/52/PRY/1 para. 78; A/HRC/WG.6/52/PRY/2 para. 26; A/HRC/WG.6/52/PRY/3 para. 34,"National Report (A/HRC/WG.6/52/PRY/1), para. 78 — Paraguay: ""The implementation of the National Plan to Prevent and Combat Trafficking in Persons 2020-2024 consolidated the State's response ... It was therefore decided to extend the implementation of the Plan for the period 2025-2026""
UN Compilation (A/HRC/WG.6/52/PRY/2), para. 26 — Committee on Migrant Workers: ""Paraguay had not yet achieved satisfactory standards in its fight against trafficking in persons and that children, especially those living on the street in the tri-border area, continued to be subjected to exploitation""
Stakeholders' Summary (A/HRC/WG.6/52/PRY/3), para. 34 — European Centre for Law and Justice: ""the number of human trafficking cases that opened every year had decreased since 2019 due to corruption, impunity, lack of resources and inadequate victim support"""
118.101,Israel,supported,Human trafficking & contemporary forms of slavery,Combat trafficking in persons,B,"Partially implemented / steps taken, further action needed","Strengthen its efforts to prevent, combat and punish trafficking in persons, including by providing training for judges, prosecutors, law enforcement officers and immigration agents","Paraguay implemented a National Plan to Prevent and Combat Trafficking 2020-2024 (extended to 2025-2026), designated the Ministry of the Interior as lead agency with a dedicated fund (2025), opened the Nasaindy Protection Centre and maintains a specialised prosecution unit; the Committee on Migrant Workers finds standards still unsatisfactory, the ECLJ reports declining case numbers since 2019, and CRC calls for a national anti-trafficking strategy and elimination of criadazgo.",A/HRC/WG.6/52/PRY/1 para. 78; A/HRC/WG.6/52/PRY/2 para. 26; A/HRC/WG.6/52/PRY/3 para. 34,"National Report (A/HRC/WG.6/52/PRY/1), para. 78 — Paraguay: ""The implementation of the National Plan to Prevent and Combat Trafficking in Persons 2020-2024 consolidated the State's response ... It was therefore decided to extend the implementation of the Plan for the period 2025-2026""
UN Compilation (A/HRC/WG.6/52/PRY/2), para. 26 — Committee on Migrant Workers: ""Paraguay had not yet achieved satisfactory standards in its fight against trafficking in persons and that children, especially those living on the street in the tri-border area, continued to be subjected to exploitation""
Stakeholders' Summary (A/HRC/WG.6/52/PRY/3), para. 34 — European Centre for Law and Justice: ""the number of human trafficking cases that opened every year had decreased since 2019 due to corruption, impunity, lack of resources and inadequate victim support"""
118.102,Malaysia,supported,Human trafficking & contemporary forms of slavery,Combat trafficking in persons,B,"Partially implemented / steps taken, further action needed","Continue addressing trafficking in persons by strengthening enforcement measures, strict punishment and adequate training for judges, prosecutors, law enforcement officers and immigration agents","Paraguay implemented a National Plan to Prevent and Combat Trafficking 2020-2024 (extended to 2025-2026), designated the Ministry of the Interior as lead agency with a dedicated fund (2025), opened the Nasaindy Protection Centre and maintains a specialised prosecution unit; the Committee on Migrant Workers finds standards still unsatisfactory, the ECLJ reports declining case numbers since 2019, and CRC calls for a national anti-trafficking strategy and elimination of criadazgo.",A/HRC/WG.6/52/PRY/1 para. 78; A/HRC/WG.6/52/PRY/2 para. 26; A/HRC/WG.6/52/PRY/3 para. 34,"National Report (A/HRC/WG.6/52/PRY/1), para. 78 — Paraguay: ""The implementation of the National Plan to Prevent and Combat Trafficking in Persons 2020-2024 consolidated the State's response ... It was therefore decided to extend the implementation of the Plan for the period 2025-2026""
UN Compilation (A/HRC/WG.6/52/PRY/2), para. 26 — Committee on Migrant Workers: ""Paraguay had not yet achieved satisfactory standards in its fight against trafficking in persons and that children, especially those living on the street in the tri-border area, continued to be subjected to exploitation""
Stakeholders' Summary (A/HRC/WG.6/52/PRY/3), para. 34 — European Centre for Law and Justice: ""the number of human trafficking cases that opened every year had decreased since 2019 due to corruption, impunity, lack of resources and inadequate victim support"""
118.103,Philippines,supported,Human trafficking & contemporary forms of slavery,Combat trafficking in persons,B,"Partially implemented / steps taken, further action needed","Further strengthen inter-institutional as well as multisectoral cooperation in the development and implementation of programmes to combat trafficking in persons, especially women and children","Paraguay implemented a National Plan to Prevent and Combat Trafficking 2020-2024 (extended to 2025-2026), designated the Ministry of the Interior as lead agency with a dedicated fund (2025), opened the Nasaindy Protection Centre and maintains a specialised prosecution unit; the Committee on Migrant Workers finds standards still unsatisfactory, the ECLJ reports declining case numbers since 2019, and CRC calls for a national anti-trafficking strategy and elimination of criadazgo.",A/HRC/WG.6/52/PRY/1 para. 78; A/HRC/WG.6/52/PRY/2 para. 26; A/HRC/WG.6/52/PRY/3 para. 34,"National Report (A/HRC/WG.6/52/PRY/1), para. 78 — Paraguay: ""The implementation of the National Plan to Prevent and Combat Trafficking in Persons 2020-2024 consolidated the State's response ... It was therefore decided to extend the implementation of the Plan for the period 2025-2026""
UN Compilation (A/HRC/WG.6/52/PRY/2), para. 26 — Committee on Migrant Workers: ""Paraguay had not yet achieved satisfactory standards in its fight against trafficking in persons and that children, especially those living on the street in the tri-border area, continued to be subjected to exploitation""
Stakeholders' Summary (A/HRC/WG.6/52/PRY/3), para. 34 — European Centre for Law and Justice: ""the number of human trafficking cases that opened every year had decreased since 2019 due to corruption, impunity, lack of resources and inadequate victim support"""
118.104,Botswana,supported,Human trafficking & contemporary forms of slavery,Combat trafficking in persons,B,"Partially implemented / steps taken, further action needed","Strengthen and intensify the implementation of the national programme and investment fund to prevent, combat, and care for victims of, human trafficking","Paraguay implemented a National Plan to Prevent and Combat Trafficking 2020-2024 (extended to 2025-2026), designated the Ministry of the Interior as lead agency with a dedicated fund (2025), opened the Nasaindy Protection Centre and maintains a specialised prosecution unit; the Committee on Migrant Workers finds standards still unsatisfactory, the ECLJ reports declining case numbers since 2019, and CRC calls for a national anti-trafficking strategy and elimination of criadazgo.",A/HRC/WG.6/52/PRY/1 para. 78; A/HRC/WG.6/52/PRY/2 para. 26; A/HRC/WG.6/52/PRY/3 para. 34,"National Report (A/HRC/WG.6/52/PRY/1), para. 78 — Paraguay: ""The implementation of the National Plan to Prevent and Combat Trafficking in Persons 2020-2024 consolidated the State's response ... It was therefore decided to extend the implementation of the Plan for the period 2025-2026""
UN Compilation (A/HRC/WG.6/52/PRY/2), para. 26 — Committee on Migrant Workers: ""Paraguay had not yet achieved satisfactory standards in its fight against trafficking in persons and that children, especially those living on the street in the tri-border area, continued to be subjected to exploitation""
Stakeholders' Summary (A/HRC/WG.6/52/PRY/3), para. 34 — European Centre for Law and Justice: ""the number of human trafficking cases that opened every year had decreased since 2019 due to corruption, impunity, lack of resources and inadequate victim support"""
118.105,Sudan,supported,Human trafficking & contemporary forms of slavery,Combat trafficking in persons,B,"Partially implemented / steps taken, further action needed","Step up efforts to prevent, combat and punish trafficking in persons, including by providing training for judges, prosecutors, law enforcement officers and immigration agents","Paraguay implemented a National Plan to Prevent and Combat Trafficking 2020-2024 (extended to 2025-2026), designated the Ministry of the Interior as lead agency with a dedicated fund (2025), opened the Nasaindy Protection Centre and maintains a specialised prosecution unit; the Committee on Migrant Workers finds standards still unsatisfactory, the ECLJ reports declining case numbers since 2019, and CRC calls for a national anti-trafficking strategy and elimination of criadazgo.",A/HRC/WG.6/52/PRY/1 para. 78; A/HRC/WG.6/52/PRY/2 para. 26; A/HRC/WG.6/52/PRY/3 para. 34,"National Report (A/HRC/WG.6/52/PRY/1), para. 78 — Paraguay: ""The implementation of the National Plan to Prevent and Combat Trafficking in Persons 2020-2024 consolidated the State's response ... It was therefore decided to extend the implementation of the Plan for the period 2025-2026""
UN Compilation (A/HRC/WG.6/52/PRY/2), para. 26 — Committee on Migrant Workers: ""Paraguay had not yet achieved satisfactory standards in its fight against trafficking in persons and that children, especially those living on the street in the tri-border area, continued to be subjected to exploitation""
Stakeholders' Summary (A/HRC/WG.6/52/PRY/3), para. 34 — European Centre for Law and Justice: ""the number of human trafficking cases that opened every year had decreased since 2019 due to corruption, impunity, lack of resources and inadequate victim support"""
118.106,Ukraine,supported,Human trafficking & contemporary forms of slavery,Combat trafficking in persons,B,"Partially implemented / steps taken, further action needed","Ensure that human trafficking offences are investigated promptly, thoroughly and impartially, that the persons responsible are prosecuted and punished, and the victims have access to adequate protection and assistance measures, including legal assistance","Paraguay implemented a National Plan to Prevent and Combat Trafficking 2020-2024 (extended to 2025-2026), designated the Ministry of the Interior as lead agency with a dedicated fund (2025), opened the Nasaindy Protection Centre and maintains a specialised prosecution unit; the Committee on Migrant Workers finds standards still unsatisfactory, the ECLJ reports declining case numbers since 2019, and CRC calls for a national anti-trafficking strategy and elimination of criadazgo.",A/HRC/WG.6/52/PRY/1 para. 78; A/HRC/WG.6/52/PRY/2 para. 26; A/HRC/WG.6/52/PRY/3 para. 34,"National Report (A/HRC/WG.6/52/PRY/1), para. 78 — Paraguay: ""The implementation of the National Plan to Prevent and Combat Trafficking in Persons 2020-2024 consolidated the State's response ... It was therefore decided to extend the implementation of the Plan for the period 2025-2026""
UN Compilation (A/HRC/WG.6/52/PRY/2), para. 26 — Committee on Migrant Workers: ""Paraguay had not yet achieved satisfactory standards in its fight against trafficking in persons and that children, especially those living on the street in the tri-border area, continued to be subjected to exploitation""
Stakeholders' Summary (A/HRC/WG.6/52/PRY/3), para. 34 — European Centre for Law and Justice: ""the number of human trafficking cases that opened every year had decreased since 2019 due to corruption, impunity, lack of resources and inadequate victim support"""
118.107,Bolivarian Republic of Venezuela,supported,Human trafficking & contemporary forms of slavery,Combat trafficking in persons,B,"Partially implemented / steps taken, further action needed","End high cases of labour and sexual exploitation, and implement a comprehensive victim attention programme","Paraguay implemented a National Plan to Prevent and Combat Trafficking 2020-2024 (extended to 2025-2026), designated the Ministry of the Interior as lead agency with a dedicated fund (2025), opened the Nasaindy Protection Centre and maintains a specialised prosecution unit; the Committee on Migrant Workers finds standards still unsatisfactory, the ECLJ reports declining case numbers since 2019, and CRC calls for a national anti-trafficking strategy and elimination of criadazgo.",A/HRC/WG.6/52/PRY/1 para. 78; A/HRC/WG.6/52/PRY/2 para. 26; A/HRC/WG.6/52/PRY/3 para. 34,"National Report (A/HRC/WG.6/52/PRY/1), para. 78 — Paraguay: ""The implementation of the National Plan to Prevent and Combat Trafficking in Persons 2020-2024 consolidated the State's response ... It was therefore decided to extend the implementation of the Plan for the period 2025-2026""
UN Compilation (A/HRC/WG.6/52/PRY/2), para. 26 — Committee on Migrant Workers: ""Paraguay had not yet achieved satisfactory standards in its fight against trafficking in persons and that children, especially those living on the street in the tri-border area, continued to be subjected to exploitation""
Stakeholders' Summary (A/HRC/WG.6/52/PRY/3), para. 34 — European Centre for Law and Justice: ""the number of human trafficking cases that opened every year had decreased since 2019 due to corruption, impunity, lack of resources and inadequate victim support"""
118.108,Haiti,supported,Rights related to marriage & family,End child and adolescent marriage,C,Not implemented / no relevant action taken,"Support, through economic and social policies, the institution of the family and the preservation of family values","The law still allows marriage from age 16 with court authorisation; CRC and UNESCO call for a minimum age of 18 without exception, and reform is only under consideration.",A/HRC/WG.6/52/PRY/2 para. 53; A/HRC/WG.6/52/PRY/1 para. 143,"UN Compilation (A/HRC/WG.6/52/PRY/2), para. 53 — Committee on the Rights of the Child; UNESCO: ""amend the legislation to ensure that the minimum age of marriage was 18 years, without exception""
National Report (A/HRC/WG.6/52/PRY/1), para. 143 — Paraguay: ""A proposal for regulatory reform to eliminate exceptions to the minimum age for marriage ... is currently under consideration"""
118.109,Ecuador,supported,Labour rights and right to work,Decent work; formalisation; forced labour,B,"Partially implemented / steps taken, further action needed",Protect the fundamental rights of domestic workers in precarious working conditions,"Paraguay adopted a National Employment Plan 2022-2026 and an Integrated Strategy for Employment Formalisation 2025-2028 and is developing National Strategies on Forced Labour and Child Labour 2026-2030; the country team recommends ratifying ILO Convention No. 190, and Indigenous domestic workers report abuse and exploitation.",A/HRC/WG.6/52/PRY/1 para. 28; A/HRC/WG.6/52/PRY/2 para. 31,"National Report (A/HRC/WG.6/52/PRY/1), para. 28 — Paraguay: ""The Integrated Strategy for Employment Formalization 2025-2028 was approved to address the significant challenges posed by informal employment""
UN Compilation (A/HRC/WG.6/52/PRY/2), para. 31 — United Nations country team: ""recommended ratifying the Violence and Harassment Convention, 2019 (No. 190) ... of the International Labour Organization"""
118.110,Bahamas,supported,Labour rights and right to work,Decent work; formalisation; forced labour,B,"Partially implemented / steps taken, further action needed","Take concrete steps to close the pay gap between men and women, as well as address the underrepresentation of women in public life","Paraguay adopted a National Employment Plan 2022-2026 and an Integrated Strategy for Employment Formalisation 2025-2028 and is developing National Strategies on Forced Labour and Child Labour 2026-2030; the country team recommends ratifying ILO Convention No. 190, and Indigenous domestic workers report abuse and exploitation.",A/HRC/WG.6/52/PRY/1 para. 28; A/HRC/WG.6/52/PRY/2 para. 31,"National Report (A/HRC/WG.6/52/PRY/1), para. 28 — Paraguay: ""The Integrated Strategy for Employment Formalization 2025-2028 was approved to address the significant challenges posed by informal employment""
UN Compilation (A/HRC/WG.6/52/PRY/2), para. 31 — United Nations country team: ""recommended ratifying the Violence and Harassment Convention, 2019 (No. 190) ... of the International Labour Organization"""
118.111,Nicaragua,supported,Labour rights and right to work,Decent work; formalisation; forced labour,B,"Partially implemented / steps taken, further action needed","Guarantee gender equality, especially by reducing the wage gap between men and women","Paraguay adopted a National Employment Plan 2022-2026 and an Integrated Strategy for Employment Formalisation 2025-2028 and is developing National Strategies on Forced Labour and Child Labour 2026-2030; the country team recommends ratifying ILO Convention No. 190, and Indigenous domestic workers report abuse and exploitation.",A/HRC/WG.6/52/PRY/1 para. 28; A/HRC/WG.6/52/PRY/2 para. 31,"National Report (A/HRC/WG.6/52/PRY/1), para. 28 — Paraguay: ""The Integrated Strategy for Employment Formalization 2025-2028 was approved to address the significant challenges posed by informal employment""
UN Compilation (A/HRC/WG.6/52/PRY/2), para. 31 — United Nations country team: ""recommended ratifying the Violence and Harassment Convention, 2019 (No. 190) ... of the International Labour Organization"""
118.112,Nicaragua,supported,Labour rights and right to work,Decent work; formalisation; forced labour,B,"Partially implemented / steps taken, further action needed","Ensure labour protection for domestic workers, especially indigenous women","Paraguay adopted a National Employment Plan 2022-2026 and an Integrated Strategy for Employment Formalisation 2025-2028 and is developing National Strategies on Forced Labour and Child Labour 2026-2030; the country team recommends ratifying ILO Convention No. 190, and Indigenous domestic workers report abuse and exploitation.",A/HRC/WG.6/52/PRY/1 para. 28; A/HRC/WG.6/52/PRY/2 para. 31,"National Report (A/HRC/WG.6/52/PRY/1), para. 28 — Paraguay: ""The Integrated Strategy for Employment Formalization 2025-2028 was approved to address the significant challenges posed by informal employment""
UN Compilation (A/HRC/WG.6/52/PRY/2), para. 31 — United Nations country team: ""recommended ratifying the Violence and Harassment Convention, 2019 (No. 190) ... of the International Labour Organization"""
118.113,China,supported,Human rights & poverty,Reduce poverty and inequality,B,"Partially implemented / steps taken, further action needed","Carry out poverty reduction to substantially reduce the poor population, and improve the living standards of the rural population and indigenous peoples","Monetary poverty fell from about 26 per cent to 20 per cent between 2021 and 2024 and Paraguay implements the Naime Poraveta Poverty Reduction Plan 2023-2030, the Tekopora cash-transfer programme and a universal old-age pension (Act No. 7322/2024, 340,203 beneficiaries); CRC and stakeholders report large numbers of children in poverty, sharp rural-urban and Indigenous disparities and high land concentration.",A/HRC/WG.6/52/PRY/1 para. 18; A/HRC/WG.6/52/PRY/1 para. 26; A/HRC/WG.6/52/PRY/2 para. 33,"National Report (A/HRC/WG.6/52/PRY/1), para. 18 — Paraguay: ""Between 2021 and 2024, the monetary poverty rate in Paraguay fell from approximately 26% to 20% of the population, reaching one of the lowest levels ever recorded""
National Report (A/HRC/WG.6/52/PRY/1), para. 26 — Paraguay: ""Act No. 7322/2024, which establishes the universal pension for older adults ... currently benefits 340,203 people""
UN Compilation (A/HRC/WG.6/52/PRY/2), para. 33 — Committee on the Rights of the Child: ""the large number of children living in poverty and the regional disparities in access to rights"""
118.114,China,supported,Right to social security,Extend social protection coverage,A,Largely implemented / action largely satisfactory,Strengthen the social security system to effectively protect the rights of vulnerable groups,"Paraguay enacted a universal old-age pension (Act No. 7322/2024) reaching 340,203 people and runs the Tekopora conditional cash-transfer programme for 573,478 people; CRC still recommends expanding child-grant coverage and improving inter-agency coordination.",A/HRC/WG.6/52/PRY/1 para. 26; A/HRC/WG.6/52/PRY/2 para. 32,"National Report (A/HRC/WG.6/52/PRY/1), para. 26 — Paraguay: ""Act No. 7322/2024, which establishes the universal pension for older adults, provides for the granting of a monthly pension of no less than 25% of the current legal minimum wage ... It currently benefits 340,203 people""
UN Compilation (A/HRC/WG.6/52/PRY/2), para. 32 — Committee on the Rights of the Child: ""increase budget allocations for social protection programmes affecting children ... expanding coverage of the child grant programme"""
118.115,Dominican Republic,supported,Human rights & poverty,Reduce poverty and inequality,B,"Partially implemented / steps taken, further action needed","Continue to implement measures aimed at reducing poverty levels in rural areas, particularly for vulnerable groups","Monetary poverty fell from about 26 per cent to 20 per cent between 2021 and 2024 and Paraguay implements the Naime Poraveta Poverty Reduction Plan 2023-2030, the Tekopora cash-transfer programme and a universal old-age pension (Act No. 7322/2024, 340,203 beneficiaries); CRC and stakeholders report large numbers of children in poverty, sharp rural-urban and Indigenous disparities and high land concentration.",A/HRC/WG.6/52/PRY/1 para. 18; A/HRC/WG.6/52/PRY/1 para. 26; A/HRC/WG.6/52/PRY/2 para. 33,"National Report (A/HRC/WG.6/52/PRY/1), para. 18 — Paraguay: ""Between 2021 and 2024, the monetary poverty rate in Paraguay fell from approximately 26% to 20% of the population, reaching one of the lowest levels ever recorded""
National Report (A/HRC/WG.6/52/PRY/1), para. 26 — Paraguay: ""Act No. 7322/2024, which establishes the universal pension for older adults ... currently benefits 340,203 people""
UN Compilation (A/HRC/WG.6/52/PRY/2), para. 33 — Committee on the Rights of the Child: ""the large number of children living in poverty and the regional disparities in access to rights"""
118.116,Iceland,supported,Human rights & poverty,Reduce poverty and inequality,B,"Partially implemented / steps taken, further action needed","Accelerate the implementation of an effective social policy, focusing on early childhood and aimed at ending intergenerational poverty","Monetary poverty fell from about 26 per cent to 20 per cent between 2021 and 2024 and Paraguay implements the Naime Poraveta Poverty Reduction Plan 2023-2030, the Tekopora cash-transfer programme and a universal old-age pension (Act No. 7322/2024, 340,203 beneficiaries); CRC and stakeholders report large numbers of children in poverty, sharp rural-urban and Indigenous disparities and high land concentration.",A/HRC/WG.6/52/PRY/1 para. 18; A/HRC/WG.6/52/PRY/1 para. 26; A/HRC/WG.6/52/PRY/2 para. 33,"National Report (A/HRC/WG.6/52/PRY/1), para. 18 — Paraguay: ""Between 2021 and 2024, the monetary poverty rate in Paraguay fell from approximately 26% to 20% of the population, reaching one of the lowest levels ever recorded""
National Report (A/HRC/WG.6/52/PRY/1), para. 26 — Paraguay: ""Act No. 7322/2024, which establishes the universal pension for older adults ... currently benefits 340,203 people""
UN Compilation (A/HRC/WG.6/52/PRY/2), para. 33 — Committee on the Rights of the Child: ""the large number of children living in poverty and the regional disparities in access to rights"""
118.117,Lebanon,supported,Right to development,National development planning,B,"Partially implemented / steps taken, further action needed",Approve the updated version of the National Development Plan,"Paraguay's National Development Plan 2050 and the Naime Poraveta Poverty Reduction Plan 2023-2030 guide long-term, people-centred planning with inter-agency monitoring.",A/HRC/WG.6/52/PRY/1 para. 20,"National Report (A/HRC/WG.6/52/PRY/1), para. 20 — Paraguay: ""The National Development Plan 2050 is the State's guiding instrument for long-term planning ... align public policies, investment and State actions with a vision of sustainable, inclusive and people-centred development"""
118.118,Lebanon,supported,Human rights & poverty,Reduce poverty and inequality,B,"Partially implemented / steps taken, further action needed",Follow-up the efforts made to combat extreme poverty,"Monetary poverty fell from about 26 per cent to 20 per cent between 2021 and 2024 and Paraguay implements the Naime Poraveta Poverty Reduction Plan 2023-2030, the Tekopora cash-transfer programme and a universal old-age pension (Act No. 7322/2024, 340,203 beneficiaries); CRC and stakeholders report large numbers of children in poverty, sharp rural-urban and Indigenous disparities and high land concentration.",A/HRC/WG.6/52/PRY/1 para. 18; A/HRC/WG.6/52/PRY/1 para. 26; A/HRC/WG.6/52/PRY/2 para. 33,"National Report (A/HRC/WG.6/52/PRY/1), para. 18 — Paraguay: ""Between 2021 and 2024, the monetary poverty rate in Paraguay fell from approximately 26% to 20% of the population, reaching one of the lowest levels ever recorded""
National Report (A/HRC/WG.6/52/PRY/1), para. 26 — Paraguay: ""Act No. 7322/2024, which establishes the universal pension for older adults ... currently benefits 340,203 people""
UN Compilation (A/HRC/WG.6/52/PRY/2), para. 33 — Committee on the Rights of the Child: ""the large number of children living in poverty and the regional disparities in access to rights"""
118.119,Romania,supported,Human rights & poverty,Reduce poverty and inequality,B,"Partially implemented / steps taken, further action needed","Continue strengthening the policies and programmes within the existing Social Protection System, which should prioritize those who find themselves in conditions of social and economic vulnerability exacerbated by the pandemic","Monetary poverty fell from about 26 per cent to 20 per cent between 2021 and 2024 and Paraguay implements the Naime Poraveta Poverty Reduction Plan 2023-2030, the Tekopora cash-transfer programme and a universal old-age pension (Act No. 7322/2024, 340,203 beneficiaries); CRC and stakeholders report large numbers of children in poverty, sharp rural-urban and Indigenous disparities and high land concentration.",A/HRC/WG.6/52/PRY/1 para. 18; A/HRC/WG.6/52/PRY/1 para. 26; A/HRC/WG.6/52/PRY/2 para. 33,"National Report (A/HRC/WG.6/52/PRY/1), para. 18 — Paraguay: ""Between 2021 and 2024, the monetary poverty rate in Paraguay fell from approximately 26% to 20% of the population, reaching one of the lowest levels ever recorded""
National Report (A/HRC/WG.6/52/PRY/1), para. 26 — Paraguay: ""Act No. 7322/2024, which establishes the universal pension for older adults ... currently benefits 340,203 people""
UN Compilation (A/HRC/WG.6/52/PRY/2), para. 33 — Committee on the Rights of the Child: ""the large number of children living in poverty and the regional disparities in access to rights"""
118.120,Spain,supported,Safe drinking water & sanitation,Access to safe water and sanitation,C,Not implemented / no relevant action taken,"Review environmental regulations in the field of industrial agriculture to prevent water pollution and improve the budgetary allocations of the agencies responsible for their effective implementation, thus facilitating the progressive realization of the human rights to safe water and sanitation",The Ombudsman's Office and country team report persistent violations of Indigenous Peoples' rights to drinking water and sanitation and gaps in rural areas; some progress is noted in the Inter-American Court communities.,A/HRC/WG.6/52/PRY/3 para. 12,"Stakeholders' Summary (A/HRC/WG.6/52/PRY/3), para. 12 — Ombudsman's Office of Paraguay: ""the persistent violations of Indigenous Peoples' rights to land, drinking water and sanitation"""
118.121,Uruguay,supported,Right to health,Access to health care; mental health; maternal mortality,B,"Partially implemented / steps taken, further action needed","Adopt measures to strengthen the public health system, ensuring the accessibility, availability and quality of health care, especially in rural and remote areas","Paraguay is decentralising services through family and community health teams, doubled public-hospital mammography machines, enacted a mental-health Act (No. 7018/2022) with a 2024-2030 plan, and adopted a Plan to Reduce Maternal, Fetal and Neonatal Mortality 2023-2030; the UN country team and CRPD report continuing quality gaps in rural and Indigenous areas, prolonged institutionalisation without consent, and that Act 7018/2022 keeps a medical model of disability.",A/HRC/WG.6/52/PRY/1 para. 41; A/HRC/WG.6/52/PRY/2 para. 64; A/HRC/WG.6/52/PRY/2 para. 36,"National Report (A/HRC/WG.6/52/PRY/1), para. 41 — Paraguay: ""The enactment of Act No. 7018/2022 initiated the process of reforming mental healthcare""
UN Compilation (A/HRC/WG.6/52/PRY/2), para. 64 — United Nations country team: ""the enactment of the Mental Health Act and its National Plan 2024-2030. However, it added that serious shortcomings persisted, including the use of prolonged institutionalization without consent""
UN Compilation (A/HRC/WG.6/52/PRY/2), para. 36 — United Nations country team: ""challenges continued to surround the quality of healthcare, especially in rural areas and Indigenous communities"""
118.122,Cuba,supported,Right to health,Access to health care; mental health; maternal mortality,B,"Partially implemented / steps taken, further action needed",Continue implementing the programme on family planning as a strategy to reduce child and maternal mortality,"Paraguay is decentralising services through family and community health teams, doubled public-hospital mammography machines, enacted a mental-health Act (No. 7018/2022) with a 2024-2030 plan, and adopted a Plan to Reduce Maternal, Fetal and Neonatal Mortality 2023-2030; the UN country team and CRPD report continuing quality gaps in rural and Indigenous areas, prolonged institutionalisation without consent, and that Act 7018/2022 keeps a medical model of disability.",A/HRC/WG.6/52/PRY/1 para. 41; A/HRC/WG.6/52/PRY/2 para. 64; A/HRC/WG.6/52/PRY/2 para. 36,"National Report (A/HRC/WG.6/52/PRY/1), para. 41 — Paraguay: ""The enactment of Act No. 7018/2022 initiated the process of reforming mental healthcare""
UN Compilation (A/HRC/WG.6/52/PRY/2), para. 64 — United Nations country team: ""the enactment of the Mental Health Act and its National Plan 2024-2030. However, it added that serious shortcomings persisted, including the use of prolonged institutionalization without consent""
UN Compilation (A/HRC/WG.6/52/PRY/2), para. 36 — United Nations country team: ""challenges continued to surround the quality of healthcare, especially in rural areas and Indigenous communities"""
118.123,Singapore,supported,Right to health,Access to health care; mental health; maternal mortality,B,"Partially implemented / steps taken, further action needed","Continue its work to ensure widespread accessibility of quality health care, including for indigenous persons and those living in rural areas","Paraguay is decentralising services through family and community health teams, doubled public-hospital mammography machines, enacted a mental-health Act (No. 7018/2022) with a 2024-2030 plan, and adopted a Plan to Reduce Maternal, Fetal and Neonatal Mortality 2023-2030; the UN country team and CRPD report continuing quality gaps in rural and Indigenous areas, prolonged institutionalisation without consent, and that Act 7018/2022 keeps a medical model of disability.",A/HRC/WG.6/52/PRY/1 para. 41; A/HRC/WG.6/52/PRY/2 para. 64; A/HRC/WG.6/52/PRY/2 para. 36,"National Report (A/HRC/WG.6/52/PRY/1), para. 41 — Paraguay: ""The enactment of Act No. 7018/2022 initiated the process of reforming mental healthcare""
UN Compilation (A/HRC/WG.6/52/PRY/2), para. 64 — United Nations country team: ""the enactment of the Mental Health Act and its National Plan 2024-2030. However, it added that serious shortcomings persisted, including the use of prolonged institutionalization without consent""
UN Compilation (A/HRC/WG.6/52/PRY/2), para. 36 — United Nations country team: ""challenges continued to surround the quality of healthcare, especially in rural areas and Indigenous communities"""
118.124,Finland,supported,Sexual & reproductive health and rights,Sexual and reproductive health; decriminalise abortion,C,Not implemented / no relevant action taken,"Ensure the protection of sexual and reproductive health and rights to all women and girls, including access to health services and contraceptives","Paraguay adopted a National Sexual and Reproductive Health Plan 2024-2030 and a Plan to Reduce Maternal Mortality, but abortion remains criminalised except where life or health is at risk with no clear protocol (4,691 registered abortions in 2024; 19 maternal deaths by June 2025), the Ministry of Education restricts age-appropriate sexuality education (Resolution 933/2023), and CRC recommends decriminalisation and mandatory comprehensive sexuality education.",A/HRC/WG.6/52/PRY/2 para. 40; A/HRC/WG.6/52/PRY/3 para. 39; A/HRC/WG.6/52/PRY/1 para. 44,"UN Compilation (A/HRC/WG.6/52/PRY/2), para. 40 — Committee on the Rights of the Child: ""repealing resolution No. 933/2023 of the Ministry of Education and Sciences ... decriminalizing abortion in all circumstances and ensuring access to safe, timely and quality abortion and post-abortion care services""
Stakeholders' Summary (A/HRC/WG.6/52/PRY/3), para. 39 — Joint Submission 13: ""In 2024, the Ministry of Health registered 4,691 abortions and, as of June 2025, 19 women had died. Under current legislation, women were forced to seek clandestine abortions""
National Report (A/HRC/WG.6/52/PRY/1), para. 44 — Paraguay: ""The National Sexual and Reproductive Health Plan 2024-2030 promotes equitable and inclusive policies to improve access to, and the quality of, care"""
118.125,Haiti,supported,Right to health,Access to health care; mental health; maternal mortality,B,"Partially implemented / steps taken, further action needed","Take further steps to improve national health infrastructure, access to emergency obstetric care and midwifery training, especially in rural areas","Paraguay is decentralising services through family and community health teams, doubled public-hospital mammography machines, enacted a mental-health Act (No. 7018/2022) with a 2024-2030 plan, and adopted a Plan to Reduce Maternal, Fetal and Neonatal Mortality 2023-2030; the UN country team and CRPD report continuing quality gaps in rural and Indigenous areas, prolonged institutionalisation without consent, and that Act 7018/2022 keeps a medical model of disability.",A/HRC/WG.6/52/PRY/1 para. 41; A/HRC/WG.6/52/PRY/2 para. 64; A/HRC/WG.6/52/PRY/2 para. 36,"National Report (A/HRC/WG.6/52/PRY/1), para. 41 — Paraguay: ""The enactment of Act No. 7018/2022 initiated the process of reforming mental healthcare""
UN Compilation (A/HRC/WG.6/52/PRY/2), para. 64 — United Nations country team: ""the enactment of the Mental Health Act and its National Plan 2024-2030. However, it added that serious shortcomings persisted, including the use of prolonged institutionalization without consent""
UN Compilation (A/HRC/WG.6/52/PRY/2), para. 36 — United Nations country team: ""challenges continued to surround the quality of healthcare, especially in rural areas and Indigenous communities"""
118.126,Iceland,supported,Right to health,Access to health care; mental health; maternal mortality,B,"Partially implemented / steps taken, further action needed","Implement the commitment made at the Nairobi Summit on the twenty-fifth anniversary of the International Conference on Population and Development to expand the supply of combined oral contraceptive methods, incorporate sexuality education in all formal and non-formal education, and promote prevention programmes to reduce the high rate of adolescent pregnancies","Paraguay is decentralising services through family and community health teams, doubled public-hospital mammography machines, enacted a mental-health Act (No. 7018/2022) with a 2024-2030 plan, and adopted a Plan to Reduce Maternal, Fetal and Neonatal Mortality 2023-2030; the UN country team and CRPD report continuing quality gaps in rural and Indigenous areas, prolonged institutionalisation without consent, and that Act 7018/2022 keeps a medical model of disability.",A/HRC/WG.6/52/PRY/1 para. 41; A/HRC/WG.6/52/PRY/2 para. 64; A/HRC/WG.6/52/PRY/2 para. 36,"National Report (A/HRC/WG.6/52/PRY/1), para. 41 — Paraguay: ""The enactment of Act No. 7018/2022 initiated the process of reforming mental healthcare""
UN Compilation (A/HRC/WG.6/52/PRY/2), para. 64 — United Nations country team: ""the enactment of the Mental Health Act and its National Plan 2024-2030. However, it added that serious shortcomings persisted, including the use of prolonged institutionalization without consent""
UN Compilation (A/HRC/WG.6/52/PRY/2), para. 36 — United Nations country team: ""challenges continued to surround the quality of healthcare, especially in rural areas and Indigenous communities"""
118.127,Kyrgyzstan,supported,Right to health,Access to health care; mental health; maternal mortality,B,"Partially implemented / steps taken, further action needed","Continue the effective implementation of the National Health Policy strategy for 2015–2030 to ensure universal, comprehensive and equitable access to health services","Paraguay is decentralising services through family and community health teams, doubled public-hospital mammography machines, enacted a mental-health Act (No. 7018/2022) with a 2024-2030 plan, and adopted a Plan to Reduce Maternal, Fetal and Neonatal Mortality 2023-2030; the UN country team and CRPD report continuing quality gaps in rural and Indigenous areas, prolonged institutionalisation without consent, and that Act 7018/2022 keeps a medical model of disability.",A/HRC/WG.6/52/PRY/1 para. 41; A/HRC/WG.6/52/PRY/2 para. 64; A/HRC/WG.6/52/PRY/2 para. 36,"National Report (A/HRC/WG.6/52/PRY/1), para. 41 — Paraguay: ""The enactment of Act No. 7018/2022 initiated the process of reforming mental healthcare""
UN Compilation (A/HRC/WG.6/52/PRY/2), para. 64 — United Nations country team: ""the enactment of the Mental Health Act and its National Plan 2024-2030. However, it added that serious shortcomings persisted, including the use of prolonged institutionalization without consent""
UN Compilation (A/HRC/WG.6/52/PRY/2), para. 36 — United Nations country team: ""challenges continued to surround the quality of healthcare, especially in rural areas and Indigenous communities"""
118.128,Malaysia,supported,Right to health,Access to health care; mental health; maternal mortality,B,"Partially implemented / steps taken, further action needed","Strengthen efforts to prevent HIV transmission, especially mother-to-child transmission, and improve the care for persons with HIV without discrimination","Paraguay is decentralising services through family and community health teams, doubled public-hospital mammography machines, enacted a mental-health Act (No. 7018/2022) with a 2024-2030 plan, and adopted a Plan to Reduce Maternal, Fetal and Neonatal Mortality 2023-2030; the UN country team and CRPD report continuing quality gaps in rural and Indigenous areas, prolonged institutionalisation without consent, and that Act 7018/2022 keeps a medical model of disability.",A/HRC/WG.6/52/PRY/1 para. 41; A/HRC/WG.6/52/PRY/2 para. 64; A/HRC/WG.6/52/PRY/2 para. 36,"National Report (A/HRC/WG.6/52/PRY/1), para. 41 — Paraguay: ""The enactment of Act No. 7018/2022 initiated the process of reforming mental healthcare""
UN Compilation (A/HRC/WG.6/52/PRY/2), para. 64 — United Nations country team: ""the enactment of the Mental Health Act and its National Plan 2024-2030. However, it added that serious shortcomings persisted, including the use of prolonged institutionalization without consent""
UN Compilation (A/HRC/WG.6/52/PRY/2), para. 36 — United Nations country team: ""challenges continued to surround the quality of healthcare, especially in rural areas and Indigenous communities"""
118.129,Maldives,supported,Right to health,Access to health care; mental health; maternal mortality,B,"Partially implemented / steps taken, further action needed","Strengthen measures towards the universalization of quality health care, especially for people in vulnerable situations","Paraguay is decentralising services through family and community health teams, doubled public-hospital mammography machines, enacted a mental-health Act (No. 7018/2022) with a 2024-2030 plan, and adopted a Plan to Reduce Maternal, Fetal and Neonatal Mortality 2023-2030; the UN country team and CRPD report continuing quality gaps in rural and Indigenous areas, prolonged institutionalisation without consent, and that Act 7018/2022 keeps a medical model of disability.",A/HRC/WG.6/52/PRY/1 para. 41; A/HRC/WG.6/52/PRY/2 para. 64; A/HRC/WG.6/52/PRY/2 para. 36,"National Report (A/HRC/WG.6/52/PRY/1), para. 41 — Paraguay: ""The enactment of Act No. 7018/2022 initiated the process of reforming mental healthcare""
UN Compilation (A/HRC/WG.6/52/PRY/2), para. 64 — United Nations country team: ""the enactment of the Mental Health Act and its National Plan 2024-2030. However, it added that serious shortcomings persisted, including the use of prolonged institutionalization without consent""
UN Compilation (A/HRC/WG.6/52/PRY/2), para. 36 — United Nations country team: ""challenges continued to surround the quality of healthcare, especially in rural areas and Indigenous communities"""
118.130,Panama,supported,Right to health,Access to health care; mental health; maternal mortality,B,"Partially implemented / steps taken, further action needed","Implement the commitment made at the Nairobi Summit on the twenty-fifth anniversary of the International Conference on Population and Development to strengthen maternal morbidity and mortality surveillance systems and death registries, by increasing targeted investment in areas of high mortality rates","Paraguay is decentralising services through family and community health teams, doubled public-hospital mammography machines, enacted a mental-health Act (No. 7018/2022) with a 2024-2030 plan, and adopted a Plan to Reduce Maternal, Fetal and Neonatal Mortality 2023-2030; the UN country team and CRPD report continuing quality gaps in rural and Indigenous areas, prolonged institutionalisation without consent, and that Act 7018/2022 keeps a medical model of disability.",A/HRC/WG.6/52/PRY/1 para. 41; A/HRC/WG.6/52/PRY/2 para. 64; A/HRC/WG.6/52/PRY/2 para. 36,"National Report (A/HRC/WG.6/52/PRY/1), para. 41 — Paraguay: ""The enactment of Act No. 7018/2022 initiated the process of reforming mental healthcare""
UN Compilation (A/HRC/WG.6/52/PRY/2), para. 64 — United Nations country team: ""the enactment of the Mental Health Act and its National Plan 2024-2030. However, it added that serious shortcomings persisted, including the use of prolonged institutionalization without consent""
UN Compilation (A/HRC/WG.6/52/PRY/2), para. 36 — United Nations country team: ""challenges continued to surround the quality of healthcare, especially in rural areas and Indigenous communities"""
118.131,Portugal,supported,Right to health,Access to health care; mental health; maternal mortality,B,"Partially implemented / steps taken, further action needed","Take measures to combat the institutionalization and overmedication of persons with mental health conditions and psychosocial disabilities; and fight stigmatization and coercion against them, inter alia by developing human rights-based services grounded in the community and respectful of free and informed consent in line with the Convention on the Rights of Persons with Disabilities","Paraguay is decentralising services through family and community health teams, doubled public-hospital mammography machines, enacted a mental-health Act (No. 7018/2022) with a 2024-2030 plan, and adopted a Plan to Reduce Maternal, Fetal and Neonatal Mortality 2023-2030; the UN country team and CRPD report continuing quality gaps in rural and Indigenous areas, prolonged institutionalisation without consent, and that Act 7018/2022 keeps a medical model of disability.",A/HRC/WG.6/52/PRY/1 para. 41; A/HRC/WG.6/52/PRY/2 para. 64; A/HRC/WG.6/52/PRY/2 para. 36,"National Report (A/HRC/WG.6/52/PRY/1), para. 41 — Paraguay: ""The enactment of Act No. 7018/2022 initiated the process of reforming mental healthcare""
UN Compilation (A/HRC/WG.6/52/PRY/2), para. 64 — United Nations country team: ""the enactment of the Mental Health Act and its National Plan 2024-2030. However, it added that serious shortcomings persisted, including the use of prolonged institutionalization without consent""
UN Compilation (A/HRC/WG.6/52/PRY/2), para. 36 — United Nations country team: ""challenges continued to surround the quality of healthcare, especially in rural areas and Indigenous communities"""
118.132,Portugal,supported,Sexual & reproductive health and rights,Sexual and reproductive health; decriminalise abortion,C,Not implemented / no relevant action taken,"Step up measures to reduce child and adolescent pregnancy, including by ensuring access to adequate sexual and reproductive health and education to all throughout the country","Paraguay adopted a National Sexual and Reproductive Health Plan 2024-2030 and a Plan to Reduce Maternal Mortality, but abortion remains criminalised except where life or health is at risk with no clear protocol (4,691 registered abortions in 2024; 19 maternal deaths by June 2025), the Ministry of Education restricts age-appropriate sexuality education (Resolution 933/2023), and CRC recommends decriminalisation and mandatory comprehensive sexuality education.",A/HRC/WG.6/52/PRY/2 para. 40; A/HRC/WG.6/52/PRY/3 para. 39; A/HRC/WG.6/52/PRY/1 para. 44,"UN Compilation (A/HRC/WG.6/52/PRY/2), para. 40 — Committee on the Rights of the Child: ""repealing resolution No. 933/2023 of the Ministry of Education and Sciences ... decriminalizing abortion in all circumstances and ensuring access to safe, timely and quality abortion and post-abortion care services""
Stakeholders' Summary (A/HRC/WG.6/52/PRY/3), para. 39 — Joint Submission 13: ""In 2024, the Ministry of Health registered 4,691 abortions and, as of June 2025, 19 women had died. Under current legislation, women were forced to seek clandestine abortions""
National Report (A/HRC/WG.6/52/PRY/1), para. 44 — Paraguay: ""The National Sexual and Reproductive Health Plan 2024-2030 promotes equitable and inclusive policies to improve access to, and the quality of, care"""
118.133,Czechia,noted,Sexual & reproductive health and rights,Decriminalise abortion and ensure access to safe abortion,C,Not implemented / no relevant action taken,"Legalize abortion in cases of risk to the health of the woman, rape or severe fetal impairment and decriminalize it in all other cases","Abortion remains criminalised except where life or health is at risk, with no clear protocol; CRC recommends decriminalisation in all circumstances, and stakeholders report 19 maternal deaths by June 2025 and women forced into clandestine abortions.",A/HRC/WG.6/52/PRY/2 para. 40; A/HRC/WG.6/52/PRY/3 para. 39,"UN Compilation (A/HRC/WG.6/52/PRY/2), para. 40 — Committee on the Rights of the Child: ""decriminalizing abortion in all circumstances and ensuring access to safe, timely and quality abortion and post-abortion care services""
Stakeholders' Summary (A/HRC/WG.6/52/PRY/3), para. 39 — Joint Submission 13: ""as of June 2025, 19 women had died. Under current legislation, women were forced to seek clandestine abortions"""
118.134,France,supported_noted,Violence against women,Decriminalise abortion and ensure access to safe abortion,C,Not implemented / no relevant action taken,"Take all necessary measures to promote women’s rights and fight against gender-based violence. Guarantee access to sexual and reproductive rights and health, including by decriminalizing abortion","Abortion remains criminalised except where life or health is at risk, with no clear protocol; CRC recommends decriminalisation in all circumstances, and stakeholders report 19 maternal deaths by June 2025 and women forced into clandestine abortions.",A/HRC/WG.6/52/PRY/2 para. 40; A/HRC/WG.6/52/PRY/3 para. 39,"UN Compilation (A/HRC/WG.6/52/PRY/2), para. 40 — Committee on the Rights of the Child: ""decriminalizing abortion in all circumstances and ensuring access to safe, timely and quality abortion and post-abortion care services""
Stakeholders' Summary (A/HRC/WG.6/52/PRY/3), para. 39 — Joint Submission 13: ""as of June 2025, 19 women had died. Under current legislation, women were forced to seek clandestine abortions"""
118.135,Mexico,noted,Sexual & reproductive health and rights,Decriminalise abortion and ensure access to safe abortion,C,Not implemented / no relevant action taken,"Expand the grounds for the decriminalization of abortion, particularly in cases of high-risk pregnancies, for girls and adolescents, and when the pregnancy is the product of sexual abuse","Abortion remains criminalised except where life or health is at risk, with no clear protocol; CRC recommends decriminalisation in all circumstances, and stakeholders report 19 maternal deaths by June 2025 and women forced into clandestine abortions.",A/HRC/WG.6/52/PRY/2 para. 40; A/HRC/WG.6/52/PRY/3 para. 39,"UN Compilation (A/HRC/WG.6/52/PRY/2), para. 40 — Committee on the Rights of the Child: ""decriminalizing abortion in all circumstances and ensuring access to safe, timely and quality abortion and post-abortion care services""
Stakeholders' Summary (A/HRC/WG.6/52/PRY/3), para. 39 — Joint Submission 13: ""as of June 2025, 19 women had died. Under current legislation, women were forced to seek clandestine abortions"""
118.136,Slovenia,noted,Sexual & reproductive health and rights,Decriminalise abortion and ensure access to safe abortion,C,Not implemented / no relevant action taken,"Repeal legislation criminalizing women and girls for having an abortion and take measures to allow legal and safe abortions in cases of rape and incest, in cases where the life or health of women and girls is at risk or when the fetus is not viable, as previously recommended","Abortion remains criminalised except where life or health is at risk, with no clear protocol; CRC recommends decriminalisation in all circumstances, and stakeholders report 19 maternal deaths by June 2025 and women forced into clandestine abortions.",A/HRC/WG.6/52/PRY/2 para. 40; A/HRC/WG.6/52/PRY/3 para. 39,"UN Compilation (A/HRC/WG.6/52/PRY/2), para. 40 — Committee on the Rights of the Child: ""decriminalizing abortion in all circumstances and ensuring access to safe, timely and quality abortion and post-abortion care services""
Stakeholders' Summary (A/HRC/WG.6/52/PRY/3), para. 39 — Joint Submission 13: ""as of June 2025, 19 women had died. Under current legislation, women were forced to seek clandestine abortions"""
118.137,Spain,supported,Sexual & reproductive health and rights,Sexual and reproductive health; decriminalise abortion,C,Not implemented / no relevant action taken,Adopt legislative measures to improve protection for the sexual and reproductive rights of women and girls in accordance with international standards,"Paraguay adopted a National Sexual and Reproductive Health Plan 2024-2030 and a Plan to Reduce Maternal Mortality, but abortion remains criminalised except where life or health is at risk with no clear protocol (4,691 registered abortions in 2024; 19 maternal deaths by June 2025), the Ministry of Education restricts age-appropriate sexuality education (Resolution 933/2023), and CRC recommends decriminalisation and mandatory comprehensive sexuality education.",A/HRC/WG.6/52/PRY/2 para. 40; A/HRC/WG.6/52/PRY/3 para. 39; A/HRC/WG.6/52/PRY/1 para. 44,"UN Compilation (A/HRC/WG.6/52/PRY/2), para. 40 — Committee on the Rights of the Child: ""repealing resolution No. 933/2023 of the Ministry of Education and Sciences ... decriminalizing abortion in all circumstances and ensuring access to safe, timely and quality abortion and post-abortion care services""
Stakeholders' Summary (A/HRC/WG.6/52/PRY/3), para. 39 — Joint Submission 13: ""In 2024, the Ministry of Health registered 4,691 abortions and, as of June 2025, 19 women had died. Under current legislation, women were forced to seek clandestine abortions""
National Report (A/HRC/WG.6/52/PRY/1), para. 44 — Paraguay: ""The National Sexual and Reproductive Health Plan 2024-2030 promotes equitable and inclusive policies to improve access to, and the quality of, care"""
118.138,United Kingdom of Great Britain and Northern Ireland,supported,Sexual & reproductive health and rights,Repeal restrictions on gender and sexuality education,E,"Contrary measures taken, or recommendation rejected","Undertake measures to prevent a high incidence of early, unintended pregnancy, including comprehensive sexuality education in schools and access to services in support of sexual and reproductive health and rights","The Ministry of Education adopted Resolution No. 933/2023 and decision No. 29.664 restricting the teaching of gender and age-appropriate sexual and reproductive health information in schools, and bills to ban gender mainstreaming and abolish the Ministry for Women are pending - regressive against recommendations to guarantee comprehensive sexuality education.",A/HRC/WG.6/52/PRY/2 para. 40; A/HRC/WG.6/52/PRY/2 para. 73,"UN Compilation (A/HRC/WG.6/52/PRY/2), para. 40 — Committee on the Rights of the Child: ""the prohibition by the Ministry of Education and Science on disseminating age-appropriate information on sexual and reproductive health in educational institutions""
UN Compilation (A/HRC/WG.6/52/PRY/2), para. 73 — United Nations country team: ""repealing decision No. 29.664 of the Ministry of Education and Science, which prohibited the teaching of topics related to gender theory in schools"""
118.139,Uruguay,supported,Participation of women in political & public life,Women's political participation; parity law,C,Not implemented / no relevant action taken,"Strengthen its commitment to gender equality and women ’ s sexual and reproductive rights through the implementation of the recommendations of the Committee on the Elimination of Discrimination against Women, particularly by raising the necessary relevance of this issue among the public, members of Parliament, the judiciary and public officials","Paraguay runs training academies and an Observatory for Women's Political Participation, but women held only about 23 per cent of Congress in 2023, the 'democratic parity' bill has not been adopted, and the country team notes women's representation in governance remains limited.",A/HRC/WG.6/52/PRY/3 para. 31; A/HRC/WG.6/52/PRY/1 para. 102,"Stakeholders' Summary (A/HRC/WG.6/52/PRY/3), para. 31 — Joint Submission 12: ""women accounted for only 23.2% of members of Congress and recommended the adoption of the bill on democratic parity, in accordance with the Constitution""
National Report (A/HRC/WG.6/52/PRY/1), para. 102 — Paraguay: ""women accounting for an average of 22.6% of the legislature in 2023 ... the State recognizes that challenges remain"""
118.140,Argentina,supported,Sexual & reproductive health and rights,Sexual and reproductive health; decriminalise abortion,C,Not implemented / no relevant action taken,"Consider working on legislation to ensure access to adequate sexual and reproductive health, contraception and education services from childhood. In this regard, Argentina offers to share its experiences in the matter","Paraguay adopted a National Sexual and Reproductive Health Plan 2024-2030 and a Plan to Reduce Maternal Mortality, but abortion remains criminalised except where life or health is at risk with no clear protocol (4,691 registered abortions in 2024; 19 maternal deaths by June 2025), the Ministry of Education restricts age-appropriate sexuality education (Resolution 933/2023), and CRC recommends decriminalisation and mandatory comprehensive sexuality education.",A/HRC/WG.6/52/PRY/2 para. 40; A/HRC/WG.6/52/PRY/3 para. 39; A/HRC/WG.6/52/PRY/1 para. 44,"UN Compilation (A/HRC/WG.6/52/PRY/2), para. 40 — Committee on the Rights of the Child: ""repealing resolution No. 933/2023 of the Ministry of Education and Sciences ... decriminalizing abortion in all circumstances and ensuring access to safe, timely and quality abortion and post-abortion care services""
Stakeholders' Summary (A/HRC/WG.6/52/PRY/3), para. 39 — Joint Submission 13: ""In 2024, the Ministry of Health registered 4,691 abortions and, as of June 2025, 19 women had died. Under current legislation, women were forced to seek clandestine abortions""
National Report (A/HRC/WG.6/52/PRY/1), para. 44 — Paraguay: ""The National Sexual and Reproductive Health Plan 2024-2030 promotes equitable and inclusive policies to improve access to, and the quality of, care"""
118.141,Australia,supported,Sexual & reproductive health and rights,Sexual and reproductive health; decriminalise abortion,C,Not implemented / no relevant action taken,"Strengthen the protection of sexual and reproductive rights, including by ensuring access to sexual health services","Paraguay adopted a National Sexual and Reproductive Health Plan 2024-2030 and a Plan to Reduce Maternal Mortality, but abortion remains criminalised except where life or health is at risk with no clear protocol (4,691 registered abortions in 2024; 19 maternal deaths by June 2025), the Ministry of Education restricts age-appropriate sexuality education (Resolution 933/2023), and CRC recommends decriminalisation and mandatory comprehensive sexuality education.",A/HRC/WG.6/52/PRY/2 para. 40; A/HRC/WG.6/52/PRY/3 para. 39; A/HRC/WG.6/52/PRY/1 para. 44,"UN Compilation (A/HRC/WG.6/52/PRY/2), para. 40 — Committee on the Rights of the Child: ""repealing resolution No. 933/2023 of the Ministry of Education and Sciences ... decriminalizing abortion in all circumstances and ensuring access to safe, timely and quality abortion and post-abortion care services""
Stakeholders' Summary (A/HRC/WG.6/52/PRY/3), para. 39 — Joint Submission 13: ""In 2024, the Ministry of Health registered 4,691 abortions and, as of June 2025, 19 women had died. Under current legislation, women were forced to seek clandestine abortions""
National Report (A/HRC/WG.6/52/PRY/1), para. 44 — Paraguay: ""The National Sexual and Reproductive Health Plan 2024-2030 promotes equitable and inclusive policies to improve access to, and the quality of, care"""
118.142,Finland,supported,Right to education,Repeal restrictions on gender and sexuality education,E,"Contrary measures taken, or recommendation rejected",Repeal Ministry of Education and Science resolution No. 29664 prohibiting the teaching of gender equality and resolution No. 1761 prohibiting the use of a guide for teachers on comprehensive sexuality education,"The Ministry of Education adopted Resolution No. 933/2023 and decision No. 29.664 restricting the teaching of gender and age-appropriate sexual and reproductive health information in schools, and bills to ban gender mainstreaming and abolish the Ministry for Women are pending - regressive against recommendations to guarantee comprehensive sexuality education.",A/HRC/WG.6/52/PRY/2 para. 40; A/HRC/WG.6/52/PRY/2 para. 73,"UN Compilation (A/HRC/WG.6/52/PRY/2), para. 40 — Committee on the Rights of the Child: ""the prohibition by the Ministry of Education and Science on disseminating age-appropriate information on sexual and reproductive health in educational institutions""
UN Compilation (A/HRC/WG.6/52/PRY/2), para. 73 — United Nations country team: ""repealing decision No. 29.664 of the Ministry of Education and Science, which prohibited the teaching of topics related to gender theory in schools"""
118.143,Canada,supported,Right to education,Repeal restrictions on gender and sexuality education,E,"Contrary measures taken, or recommendation rejected","Revoke Ministry of Education and Science resolution No. 29664, which prohibits public education materials on gender equality, reproductive rights, sexuality and non-discrimination, and establish gender-responsive comprehensive sexuality education in schools nationwide","The Ministry of Education adopted Resolution No. 933/2023 and decision No. 29.664 restricting the teaching of gender and age-appropriate sexual and reproductive health information in schools, and bills to ban gender mainstreaming and abolish the Ministry for Women are pending - regressive against recommendations to guarantee comprehensive sexuality education.",A/HRC/WG.6/52/PRY/2 para. 40; A/HRC/WG.6/52/PRY/2 para. 73,"UN Compilation (A/HRC/WG.6/52/PRY/2), para. 40 — Committee on the Rights of the Child: ""the prohibition by the Ministry of Education and Science on disseminating age-appropriate information on sexual and reproductive health in educational institutions""
UN Compilation (A/HRC/WG.6/52/PRY/2), para. 73 — United Nations country team: ""repealing decision No. 29.664 of the Ministry of Education and Science, which prohibited the teaching of topics related to gender theory in schools"""
118.144,Georgia,supported,Right to education,"Quality, inclusive and non-discriminatory education",B,"Partially implemented / steps taken, further action needed",Continue efforts aimed at strengthening inclusive education for all children,"Paraguay expanded the 'Zero Hunger in Schools' meals programme to full national coverage and runs inclusion support centres, but the Committee on the Rights of Persons with Disabilities reports under-investment in inclusive education and persistent segregated special education, and dropout rates remain high among rural, low-income and Indigenous students.",A/HRC/WG.6/52/PRY/2 para. 43; A/HRC/WG.6/52/PRY/3 para. 42; A/HRC/WG.6/52/PRY/1 para. 22,"UN Compilation (A/HRC/WG.6/52/PRY/2), para. 43 — Committee on the Rights of Persons with Disabilities: ""concern at the lack of investment in the right to education of persons with disabilities ... redouble its efforts to end segregated special education""
Stakeholders' Summary (A/HRC/WG.6/52/PRY/3), para. 42 — Joint Submission 2: ""dropout rates remained high among rural and low-income students as a result of poverty, the lack of infrastructure, poor quality education""
National Report (A/HRC/WG.6/52/PRY/1), para. 22 — Paraguay: ""the 'Zero Hunger in Schools' programme ... achieving 100% coverage nationwide and feeding more than 1,050,000 children and adolescents every day"""
118.145,India,supported,Right to education,"Quality, inclusive and non-discriminatory education",B,"Partially implemented / steps taken, further action needed",Consider measures for ensuring access to education,"Paraguay expanded the 'Zero Hunger in Schools' meals programme to full national coverage and runs inclusion support centres, but the Committee on the Rights of Persons with Disabilities reports under-investment in inclusive education and persistent segregated special education, and dropout rates remain high among rural, low-income and Indigenous students.",A/HRC/WG.6/52/PRY/2 para. 43; A/HRC/WG.6/52/PRY/3 para. 42; A/HRC/WG.6/52/PRY/1 para. 22,"UN Compilation (A/HRC/WG.6/52/PRY/2), para. 43 — Committee on the Rights of Persons with Disabilities: ""concern at the lack of investment in the right to education of persons with disabilities ... redouble its efforts to end segregated special education""
Stakeholders' Summary (A/HRC/WG.6/52/PRY/3), para. 42 — Joint Submission 2: ""dropout rates remained high among rural and low-income students as a result of poverty, the lack of infrastructure, poor quality education""
National Report (A/HRC/WG.6/52/PRY/1), para. 22 — Paraguay: ""the 'Zero Hunger in Schools' programme ... achieving 100% coverage nationwide and feeding more than 1,050,000 children and adolescents every day"""
118.146,Israel,supported,Right to education,"Quality, inclusive and non-discriminatory education",B,"Partially implemented / steps taken, further action needed",Ensure that children with disabilities have access to inclusive education,"Paraguay expanded the 'Zero Hunger in Schools' meals programme to full national coverage and runs inclusion support centres, but the Committee on the Rights of Persons with Disabilities reports under-investment in inclusive education and persistent segregated special education, and dropout rates remain high among rural, low-income and Indigenous students.",A/HRC/WG.6/52/PRY/2 para. 43; A/HRC/WG.6/52/PRY/3 para. 42; A/HRC/WG.6/52/PRY/1 para. 22,"UN Compilation (A/HRC/WG.6/52/PRY/2), para. 43 — Committee on the Rights of Persons with Disabilities: ""concern at the lack of investment in the right to education of persons with disabilities ... redouble its efforts to end segregated special education""
Stakeholders' Summary (A/HRC/WG.6/52/PRY/3), para. 42 — Joint Submission 2: ""dropout rates remained high among rural and low-income students as a result of poverty, the lack of infrastructure, poor quality education""
National Report (A/HRC/WG.6/52/PRY/1), para. 22 — Paraguay: ""the 'Zero Hunger in Schools' programme ... achieving 100% coverage nationwide and feeding more than 1,050,000 children and adolescents every day"""
118.147,Lao People’s Democratic Republic,supported,Right to education,"Quality, inclusive and non-discriminatory education",B,"Partially implemented / steps taken, further action needed","Continue its efforts to achieve the National Education Plan in order to improve access to quality education, particularly inclusive vocational training for persons with disabilities","Paraguay expanded the 'Zero Hunger in Schools' meals programme to full national coverage and runs inclusion support centres, but the Committee on the Rights of Persons with Disabilities reports under-investment in inclusive education and persistent segregated special education, and dropout rates remain high among rural, low-income and Indigenous students.",A/HRC/WG.6/52/PRY/2 para. 43; A/HRC/WG.6/52/PRY/3 para. 42; A/HRC/WG.6/52/PRY/1 para. 22,"UN Compilation (A/HRC/WG.6/52/PRY/2), para. 43 — Committee on the Rights of Persons with Disabilities: ""concern at the lack of investment in the right to education of persons with disabilities ... redouble its efforts to end segregated special education""
Stakeholders' Summary (A/HRC/WG.6/52/PRY/3), para. 42 — Joint Submission 2: ""dropout rates remained high among rural and low-income students as a result of poverty, the lack of infrastructure, poor quality education""
National Report (A/HRC/WG.6/52/PRY/1), para. 22 — Paraguay: ""the 'Zero Hunger in Schools' programme ... achieving 100% coverage nationwide and feeding more than 1,050,000 children and adolescents every day"""
118.148,Maldives,supported,Right to education,"Quality, inclusive and non-discriminatory education",B,"Partially implemented / steps taken, further action needed","Strengthen efforts to ensure access to quality education for all children, especially for children with disabilities","Paraguay expanded the 'Zero Hunger in Schools' meals programme to full national coverage and runs inclusion support centres, but the Committee on the Rights of Persons with Disabilities reports under-investment in inclusive education and persistent segregated special education, and dropout rates remain high among rural, low-income and Indigenous students.",A/HRC/WG.6/52/PRY/2 para. 43; A/HRC/WG.6/52/PRY/3 para. 42; A/HRC/WG.6/52/PRY/1 para. 22,"UN Compilation (A/HRC/WG.6/52/PRY/2), para. 43 — Committee on the Rights of Persons with Disabilities: ""concern at the lack of investment in the right to education of persons with disabilities ... redouble its efforts to end segregated special education""
Stakeholders' Summary (A/HRC/WG.6/52/PRY/3), para. 42 — Joint Submission 2: ""dropout rates remained high among rural and low-income students as a result of poverty, the lack of infrastructure, poor quality education""
National Report (A/HRC/WG.6/52/PRY/1), para. 22 — Paraguay: ""the 'Zero Hunger in Schools' programme ... achieving 100% coverage nationwide and feeding more than 1,050,000 children and adolescents every day"""
118.149,Namibia,supported,"Human rights education, trainings & awareness raising",Implement the National Plan for Human Rights Education,B,"Partially implemented / steps taken, further action needed",Strengthen the implementation of the National Human Rights Education Plan of 2011,"The Ombudsman's Office and JS2 report the National Plan for Human Rights Education has been only partially and unevenly implemented, with gaps in budget, infrastructure and teacher training.",A/HRC/WG.6/52/PRY/3 para. 10; A/HRC/WG.6/52/PRY/3 para. 43,"Stakeholders' Summary (A/HRC/WG.6/52/PRY/3), para. 10 — Ombudsman's Office of Paraguay: ""effectively implementing the National Plan for Human Rights Education, ensuring that it was allocated the necessary budget""
Stakeholders' Summary (A/HRC/WG.6/52/PRY/3), para. 43 — Joint Submission 2: ""the implementation of the National Plan for Human Rights Education had been partial and uneven"""
118.150,Peru,supported,Right to education,"Quality, inclusive and non-discriminatory education",B,"Partially implemented / steps taken, further action needed",Develop programmes to promote equal opportunities for access to quality education for indigenous and Afro-Paraguayan children,"Paraguay expanded the 'Zero Hunger in Schools' meals programme to full national coverage and runs inclusion support centres, but the Committee on the Rights of Persons with Disabilities reports under-investment in inclusive education and persistent segregated special education, and dropout rates remain high among rural, low-income and Indigenous students.",A/HRC/WG.6/52/PRY/2 para. 43; A/HRC/WG.6/52/PRY/3 para. 42; A/HRC/WG.6/52/PRY/1 para. 22,"UN Compilation (A/HRC/WG.6/52/PRY/2), para. 43 — Committee on the Rights of Persons with Disabilities: ""concern at the lack of investment in the right to education of persons with disabilities ... redouble its efforts to end segregated special education""
Stakeholders' Summary (A/HRC/WG.6/52/PRY/3), para. 42 — Joint Submission 2: ""dropout rates remained high among rural and low-income students as a result of poverty, the lack of infrastructure, poor quality education""
National Report (A/HRC/WG.6/52/PRY/1), para. 22 — Paraguay: ""the 'Zero Hunger in Schools' programme ... achieving 100% coverage nationwide and feeding more than 1,050,000 children and adolescents every day"""
118.151,State of Palestine,supported,Right to education,"Quality, inclusive and non-discriminatory education",B,"Partially implemented / steps taken, further action needed",Continue its efforts to strengthen measures to ensure that girls can have access to education at secondary and higher levels,"Paraguay expanded the 'Zero Hunger in Schools' meals programme to full national coverage and runs inclusion support centres, but the Committee on the Rights of Persons with Disabilities reports under-investment in inclusive education and persistent segregated special education, and dropout rates remain high among rural, low-income and Indigenous students.",A/HRC/WG.6/52/PRY/2 para. 43; A/HRC/WG.6/52/PRY/3 para. 42; A/HRC/WG.6/52/PRY/1 para. 22,"UN Compilation (A/HRC/WG.6/52/PRY/2), para. 43 — Committee on the Rights of Persons with Disabilities: ""concern at the lack of investment in the right to education of persons with disabilities ... redouble its efforts to end segregated special education""
Stakeholders' Summary (A/HRC/WG.6/52/PRY/3), para. 42 — Joint Submission 2: ""dropout rates remained high among rural and low-income students as a result of poverty, the lack of infrastructure, poor quality education""
National Report (A/HRC/WG.6/52/PRY/1), para. 22 — Paraguay: ""the 'Zero Hunger in Schools' programme ... achieving 100% coverage nationwide and feeding more than 1,050,000 children and adolescents every day"""
118.152,Timor-Leste,supported,Right to education,"Quality, inclusive and non-discriminatory education",B,"Partially implemented / steps taken, further action needed",Take further measures to ensure that girls can access and complete quality education at the secondary and higher levels,"Paraguay expanded the 'Zero Hunger in Schools' meals programme to full national coverage and runs inclusion support centres, but the Committee on the Rights of Persons with Disabilities reports under-investment in inclusive education and persistent segregated special education, and dropout rates remain high among rural, low-income and Indigenous students.",A/HRC/WG.6/52/PRY/2 para. 43; A/HRC/WG.6/52/PRY/3 para. 42; A/HRC/WG.6/52/PRY/1 para. 22,"UN Compilation (A/HRC/WG.6/52/PRY/2), para. 43 — Committee on the Rights of Persons with Disabilities: ""concern at the lack of investment in the right to education of persons with disabilities ... redouble its efforts to end segregated special education""
Stakeholders' Summary (A/HRC/WG.6/52/PRY/3), para. 42 — Joint Submission 2: ""dropout rates remained high among rural and low-income students as a result of poverty, the lack of infrastructure, poor quality education""
National Report (A/HRC/WG.6/52/PRY/1), para. 22 — Paraguay: ""the 'Zero Hunger in Schools' programme ... achieving 100% coverage nationwide and feeding more than 1,050,000 children and adolescents every day"""
118.153,Trinidad and Tobago,supported,Right to education,"Quality, inclusive and non-discriminatory education",B,"Partially implemented / steps taken, further action needed",Persist with its efforts to address remaining challenges in the education sector,"Paraguay expanded the 'Zero Hunger in Schools' meals programme to full national coverage and runs inclusion support centres, but the Committee on the Rights of Persons with Disabilities reports under-investment in inclusive education and persistent segregated special education, and dropout rates remain high among rural, low-income and Indigenous students.",A/HRC/WG.6/52/PRY/2 para. 43; A/HRC/WG.6/52/PRY/3 para. 42; A/HRC/WG.6/52/PRY/1 para. 22,"UN Compilation (A/HRC/WG.6/52/PRY/2), para. 43 — Committee on the Rights of Persons with Disabilities: ""concern at the lack of investment in the right to education of persons with disabilities ... redouble its efforts to end segregated special education""
Stakeholders' Summary (A/HRC/WG.6/52/PRY/3), para. 42 — Joint Submission 2: ""dropout rates remained high among rural and low-income students as a result of poverty, the lack of infrastructure, poor quality education""
National Report (A/HRC/WG.6/52/PRY/1), para. 22 — Paraguay: ""the 'Zero Hunger in Schools' programme ... achieving 100% coverage nationwide and feeding more than 1,050,000 children and adolescents every day"""
118.154,Uzbekistan,supported,"Human rights education, trainings & awareness raising",Implement the National Plan for Human Rights Education,B,"Partially implemented / steps taken, further action needed",Develop a comprehensive national human rights education plan and ensure its full implementation,"The Ombudsman's Office and JS2 report the National Plan for Human Rights Education has been only partially and unevenly implemented, with gaps in budget, infrastructure and teacher training.",A/HRC/WG.6/52/PRY/3 para. 10; A/HRC/WG.6/52/PRY/3 para. 43,"Stakeholders' Summary (A/HRC/WG.6/52/PRY/3), para. 10 — Ombudsman's Office of Paraguay: ""effectively implementing the National Plan for Human Rights Education, ensuring that it was allocated the necessary budget""
Stakeholders' Summary (A/HRC/WG.6/52/PRY/3), para. 43 — Joint Submission 2: ""the implementation of the National Plan for Human Rights Education had been partial and uneven"""
118.155,Chile,supported,Participation of women in political & public life,Protect LGBTIQ+ persons from discrimination,C,Not implemented / no relevant action taken,"Step up efforts to increase the participation of women in political and public life and to eradicate all forms of violence and discrimination based on sexual orientation, gender identity and gender expression","There is no anti-discrimination legislation protecting LGBTIQ+ people, no legal recognition of same-sex civil unions or of self-perceived gender identity, and stakeholders and Amnesty International report rising hate speech and violence with impunity.",A/HRC/WG.6/52/PRY/2 para. 21; A/HRC/WG.6/52/PRY/3 para. 61,"UN Compilation (A/HRC/WG.6/52/PRY/2), para. 21 — Amnesty International: ""impunity for hate speech and the promotion of discrimination against lesbian, gay, bisexual, transgender and intersex persons""
Stakeholders' Summary (A/HRC/WG.6/52/PRY/3), para. 61 — REPAR+: ""the situation of the LGBTQ+ population in Paraguay remained marked by the absence of legislation, by institutional and social discrimination, and the rise of hate speech"""
118.156,Dominican Republic,supported,Participation of women in political & public life,Women's political participation; parity law,C,Not implemented / no relevant action taken,Continue to consolidate the national mechanisms that allow greater participation and equality of women on an equal footing as well as the promotion and protection of the rights and welfare of women and girls,"Paraguay runs training academies and an Observatory for Women's Political Participation, but women held only about 23 per cent of Congress in 2023, the 'democratic parity' bill has not been adopted, and the country team notes women's representation in governance remains limited.",A/HRC/WG.6/52/PRY/3 para. 31; A/HRC/WG.6/52/PRY/1 para. 102,"Stakeholders' Summary (A/HRC/WG.6/52/PRY/3), para. 31 — Joint Submission 12: ""women accounted for only 23.2% of members of Congress and recommended the adoption of the bill on democratic parity, in accordance with the Constitution""
National Report (A/HRC/WG.6/52/PRY/1), para. 102 — Paraguay: ""women accounting for an average of 22.6% of the legislature in 2023 ... the State recognizes that challenges remain"""
118.157,India,supported,Discrimination against women,Combat discrimination against women,B,"Partially implemented / steps taken, further action needed",Continue with initiatives in furtherance of gender equality,"Paraguay strengthened the Ministry for Women's budget, adopted the first Action Plan on Care 2025-2030, introduced gender-budgeting guidance and increased women's access to land titling and rural housing; the country team reports persistent gender norms restricting women's participation and only 13.4 per cent of titled land plots held by women.",A/HRC/WG.6/52/PRY/1 para. 107; A/HRC/WG.6/52/PRY/2 para. 54,"National Report (A/HRC/WG.6/52/PRY/1), para. 107 — Paraguay: ""a preferential interest rate of financing of 0% for women and 4% for men for the purchase of plots of land ... an increase in women's participation: from 35% to 46% in respect of land allocation""
UN Compilation (A/HRC/WG.6/52/PRY/2), para. 54 — United Nations country team: ""the persistence of gender norms restricted their full participation in the labour market and society ... women owned only 13.4% of plots of land with firm titles"""
118.158,Iraq,supported,Participation of women in political & public life,Women's political participation; parity law,C,Not implemented / no relevant action taken,Increase women ’ s participation in political and public life and increase their representation in decision-making positions,"Paraguay runs training academies and an Observatory for Women's Political Participation, but women held only about 23 per cent of Congress in 2023, the 'democratic parity' bill has not been adopted, and the country team notes women's representation in governance remains limited.",A/HRC/WG.6/52/PRY/3 para. 31; A/HRC/WG.6/52/PRY/1 para. 102,"Stakeholders' Summary (A/HRC/WG.6/52/PRY/3), para. 31 — Joint Submission 12: ""women accounted for only 23.2% of members of Congress and recommended the adoption of the bill on democratic parity, in accordance with the Constitution""
National Report (A/HRC/WG.6/52/PRY/1), para. 102 — Paraguay: ""women accounting for an average of 22.6% of the legislature in 2023 ... the State recognizes that challenges remain"""
118.159,Montenegro,supported,Participation of women in political & public life,Women's political participation; parity law,C,Not implemented / no relevant action taken,Adopt a law on democratic parity to increase women ’ s participation in political life,"Paraguay runs training academies and an Observatory for Women's Political Participation, but women held only about 23 per cent of Congress in 2023, the 'democratic parity' bill has not been adopted, and the country team notes women's representation in governance remains limited.",A/HRC/WG.6/52/PRY/3 para. 31; A/HRC/WG.6/52/PRY/1 para. 102,"Stakeholders' Summary (A/HRC/WG.6/52/PRY/3), para. 31 — Joint Submission 12: ""women accounted for only 23.2% of members of Congress and recommended the adoption of the bill on democratic parity, in accordance with the Constitution""
National Report (A/HRC/WG.6/52/PRY/1), para. 102 — Paraguay: ""women accounting for an average of 22.6% of the legislature in 2023 ... the State recognizes that challenges remain"""
118.160,Nepal,supported,Participation of women in political & public life,Women's political participation; parity law,C,Not implemented / no relevant action taken,Continue measures to promote the participation of women and indigenous communities in political and public life,"Paraguay runs training academies and an Observatory for Women's Political Participation, but women held only about 23 per cent of Congress in 2023, the 'democratic parity' bill has not been adopted, and the country team notes women's representation in governance remains limited.",A/HRC/WG.6/52/PRY/3 para. 31; A/HRC/WG.6/52/PRY/1 para. 102,"Stakeholders' Summary (A/HRC/WG.6/52/PRY/3), para. 31 — Joint Submission 12: ""women accounted for only 23.2% of members of Congress and recommended the adoption of the bill on democratic parity, in accordance with the Constitution""
National Report (A/HRC/WG.6/52/PRY/1), para. 102 — Paraguay: ""women accounting for an average of 22.6% of the legislature in 2023 ... the State recognizes that challenges remain"""
118.161,Peru,supported,Participation of women in political & public life,Women's political participation; parity law,C,Not implemented / no relevant action taken,Promote the participation of women and indigenous peoples in public office and political life,"Paraguay runs training academies and an Observatory for Women's Political Participation, but women held only about 23 per cent of Congress in 2023, the 'democratic parity' bill has not been adopted, and the country team notes women's representation in governance remains limited.",A/HRC/WG.6/52/PRY/3 para. 31; A/HRC/WG.6/52/PRY/1 para. 102,"Stakeholders' Summary (A/HRC/WG.6/52/PRY/3), para. 31 — Joint Submission 12: ""women accounted for only 23.2% of members of Congress and recommended the adoption of the bill on democratic parity, in accordance with the Constitution""
National Report (A/HRC/WG.6/52/PRY/1), para. 102 — Paraguay: ""women accounting for an average of 22.6% of the legislature in 2023 ... the State recognizes that challenges remain"""
118.162,Romania,supported,Participation of women in political & public life,Women's political participation; parity law,C,Not implemented / no relevant action taken,"Extend the participation of women in political and public life, thus contributing to their empowerment, and ensure the effectiveness of protection against domestic and sexual violence","Paraguay runs training academies and an Observatory for Women's Political Participation, but women held only about 23 per cent of Congress in 2023, the 'democratic parity' bill has not been adopted, and the country team notes women's representation in governance remains limited.",A/HRC/WG.6/52/PRY/3 para. 31; A/HRC/WG.6/52/PRY/1 para. 102,"Stakeholders' Summary (A/HRC/WG.6/52/PRY/3), para. 31 — Joint Submission 12: ""women accounted for only 23.2% of members of Congress and recommended the adoption of the bill on democratic parity, in accordance with the Constitution""
National Report (A/HRC/WG.6/52/PRY/1), para. 102 — Paraguay: ""women accounting for an average of 22.6% of the legislature in 2023 ... the State recognizes that challenges remain"""
118.163,Iceland,supported,Labour rights and right to work,Decent work; formalisation; forced labour,B,"Partially implemented / steps taken, further action needed",Approve a protocol criminalizing sexual harassment and develop a national action plan to prevent sexual harassment both within and outside of the workplace,"Paraguay adopted a National Employment Plan 2022-2026 and an Integrated Strategy for Employment Formalisation 2025-2028 and is developing National Strategies on Forced Labour and Child Labour 2026-2030; the country team recommends ratifying ILO Convention No. 190, and Indigenous domestic workers report abuse and exploitation.",A/HRC/WG.6/52/PRY/1 para. 28; A/HRC/WG.6/52/PRY/2 para. 31,"National Report (A/HRC/WG.6/52/PRY/1), para. 28 — Paraguay: ""The Integrated Strategy for Employment Formalization 2025-2028 was approved to address the significant challenges posed by informal employment""
UN Compilation (A/HRC/WG.6/52/PRY/2), para. 31 — United Nations country team: ""recommended ratifying the Violence and Harassment Convention, 2019 (No. 190) ... of the International Labour Organization"""
118.164,Lao People’s Democratic Republic,supported,Right to education,"Quality, inclusive and non-discriminatory education",B,"Partially implemented / steps taken, further action needed","Further enhance the empowerment of women, through its National Equality Plan, to improve the quality of education and skills development with a view to creating more favourable conditions of work for Paraguayan women","Paraguay expanded the 'Zero Hunger in Schools' meals programme to full national coverage and runs inclusion support centres, but the Committee on the Rights of Persons with Disabilities reports under-investment in inclusive education and persistent segregated special education, and dropout rates remain high among rural, low-income and Indigenous students.",A/HRC/WG.6/52/PRY/2 para. 43; A/HRC/WG.6/52/PRY/3 para. 42; A/HRC/WG.6/52/PRY/1 para. 22,"UN Compilation (A/HRC/WG.6/52/PRY/2), para. 43 — Committee on the Rights of Persons with Disabilities: ""concern at the lack of investment in the right to education of persons with disabilities ... redouble its efforts to end segregated special education""
Stakeholders' Summary (A/HRC/WG.6/52/PRY/3), para. 42 — Joint Submission 2: ""dropout rates remained high among rural and low-income students as a result of poverty, the lack of infrastructure, poor quality education""
National Report (A/HRC/WG.6/52/PRY/1), para. 22 — Paraguay: ""the 'Zero Hunger in Schools' programme ... achieving 100% coverage nationwide and feeding more than 1,050,000 children and adolescents every day"""
118.165,Russian Federation,supported,Discrimination against women,Combat discrimination against women,B,"Partially implemented / steps taken, further action needed",Take efficient measures to remove the obstacles to achieving full equality and eliminate all forms of discrimination in the promotion of equality between men and women,"Paraguay strengthened the Ministry for Women's budget, adopted the first Action Plan on Care 2025-2030, introduced gender-budgeting guidance and increased women's access to land titling and rural housing; the country team reports persistent gender norms restricting women's participation and only 13.4 per cent of titled land plots held by women.",A/HRC/WG.6/52/PRY/1 para. 107; A/HRC/WG.6/52/PRY/2 para. 54,"National Report (A/HRC/WG.6/52/PRY/1), para. 107 — Paraguay: ""a preferential interest rate of financing of 0% for women and 4% for men for the purchase of plots of land ... an increase in women's participation: from 35% to 46% in respect of land allocation""
UN Compilation (A/HRC/WG.6/52/PRY/2), para. 54 — United Nations country team: ""the persistence of gender norms restricted their full participation in the labour market and society ... women owned only 13.4% of plots of land with firm titles"""
118.166,Russian Federation,supported,Equality & non-discrimination,Adopt a comprehensive anti-discrimination law,C,Not implemented / no relevant action taken,Adopt a law to combat all forms of discrimination,"Paraguay still has not adopted a comprehensive law against all forms of discrimination despite recommendations across successive cycles; the Special Rapporteur on minority issues, three treaty bodies and the UN country team all call for it, and the Constitution's equality clause is not backed by implementing legislation.",A/HRC/WG.6/52/PRY/2 para. 12; A/HRC/WG.6/52/PRY/2 para. 13; A/HRC/WG.6/52/PRY/1 para. 100,"UN Compilation (A/HRC/WG.6/52/PRY/2), para. 12 — Special Rapporteur on minority issues; Committee on Migrant Workers: ""Paraguay still had not adopted a law against all forms of discrimination, despite the numerous international recommendations""
UN Compilation (A/HRC/WG.6/52/PRY/2), para. 13 — Special Rapporteur on minority issues; treaty bodies; United Nations country team: ""recommended that Paraguay promptly adopt a law against all forms of discrimination""
National Report (A/HRC/WG.6/52/PRY/1), para. 100 — Paraguay: ""the absence of a regulatory law cannot be invoked to restrict rights or guarantees"""
118.167,for children; Serbia,supported,Advancement of women,Advance women's rights and empowerment,B,"Partially implemented / steps taken, further action needed","Invest additional efforts to improve the position of women and children in rural areas of the country, especially in terms of employment and participation in public life (for women) and in the field of education","Paraguay adopted the first Action Plan on Care 2025-2030, revived the Tripartite Commission on Equal Opportunities and expanded women's access to finance, land and training; women's representation in governance remains limited.",A/HRC/WG.6/52/PRY/1 para. 106; A/HRC/WG.6/52/PRY/2 para. 55,"National Report (A/HRC/WG.6/52/PRY/1), para. 106 — Paraguay: ""The approval of the first Action Plan on Care for 2025-2030 marked a fundamental milestone in the implementation of the National Care Policy""
UN Compilation (A/HRC/WG.6/52/PRY/2), para. 55 — United Nations country team: ""women's representation in governance spaces remained limited"""
118.168,Switzerland,supported,Violence against women,Prevent and address violence against women and femicide,B,"Partially implemented / steps taken, further action needed","Ensure that all institutions involved in prevention, including education, as well as in combating violence against women, are equipped with adequate financial and human resources to carry out their missions, in line with target 5.2 of the Sustainable Development Goals","Paraguay implements Act No. 5777/2016 on comprehensive protection of women, declared a social emergency on violence against women and children (Act No. 7239/2024), operates the SOS Mujer hotline, shelters, femicide protocols and electronic monitoring, and made training mandatory for civil servants; Amnesty International and the country team report femicide and very high prevalence persist, Act 5777 budgets remain inadequate, and bills to abolish the Ministry for Women and ban gender mainstreaming pose a risk of regression.",A/HRC/WG.6/52/PRY/1 para. 113; A/HRC/WG.6/52/PRY/3 para. 45; A/HRC/WG.6/52/PRY/2 para. 50,"National Report (A/HRC/WG.6/52/PRY/1), para. 113 — Paraguay: ""The State has stepped up its efforts to prevent and combat violence against women and girls by taking measures under Act No. 5777/2016 ... supplemented by Act No. 7239/2024, declaring a social emergency in respect of violence against women, children and adolescents""
Stakeholders' Summary (A/HRC/WG.6/52/PRY/3), para. 45 — Amnesty International: ""78.5% of women experienced gender-based violence ... legislative initiatives such as a bill to ban gender mainstreaming and another to eliminate the Ministry for Women involved a serious risk of regression""
UN Compilation (A/HRC/WG.6/52/PRY/2), para. 50 — United Nations country team: ""cases of femicide had been observed in Paraguay in previous years and, according to a national survey, the level of violence against women was very high"""
118.169,Bulgaria,supported,Discrimination against women,Combat discrimination against women,B,"Partially implemented / steps taken, further action needed",Intensify efforts to eliminate discrimination against women and girls through awareness-raising programmes that are oriented to equality between women and men and women ’ s empowerment,"Paraguay strengthened the Ministry for Women's budget, adopted the first Action Plan on Care 2025-2030, introduced gender-budgeting guidance and increased women's access to land titling and rural housing; the country team reports persistent gender norms restricting women's participation and only 13.4 per cent of titled land plots held by women.",A/HRC/WG.6/52/PRY/1 para. 107; A/HRC/WG.6/52/PRY/2 para. 54,"National Report (A/HRC/WG.6/52/PRY/1), para. 107 — Paraguay: ""a preferential interest rate of financing of 0% for women and 4% for men for the purchase of plots of land ... an increase in women's participation: from 35% to 46% in respect of land allocation""
UN Compilation (A/HRC/WG.6/52/PRY/2), para. 54 — United Nations country team: ""the persistence of gender norms restricted their full participation in the labour market and society ... women owned only 13.4% of plots of land with firm titles"""
118.170,China,supported,Violence against women,Prevent and address violence against women and femicide,B,"Partially implemented / steps taken, further action needed","Effectively combat violence against women and girls as well as organized crime and human trafficking, and safeguard the rights of women and children","Paraguay implements Act No. 5777/2016 on comprehensive protection of women, declared a social emergency on violence against women and children (Act No. 7239/2024), operates the SOS Mujer hotline, shelters, femicide protocols and electronic monitoring, and made training mandatory for civil servants; Amnesty International and the country team report femicide and very high prevalence persist, Act 5777 budgets remain inadequate, and bills to abolish the Ministry for Women and ban gender mainstreaming pose a risk of regression.",A/HRC/WG.6/52/PRY/1 para. 113; A/HRC/WG.6/52/PRY/3 para. 45; A/HRC/WG.6/52/PRY/2 para. 50,"National Report (A/HRC/WG.6/52/PRY/1), para. 113 — Paraguay: ""The State has stepped up its efforts to prevent and combat violence against women and girls by taking measures under Act No. 5777/2016 ... supplemented by Act No. 7239/2024, declaring a social emergency in respect of violence against women, children and adolescents""
Stakeholders' Summary (A/HRC/WG.6/52/PRY/3), para. 45 — Amnesty International: ""78.5% of women experienced gender-based violence ... legislative initiatives such as a bill to ban gender mainstreaming and another to eliminate the Ministry for Women involved a serious risk of regression""
UN Compilation (A/HRC/WG.6/52/PRY/2), para. 50 — United Nations country team: ""cases of femicide had been observed in Paraguay in previous years and, according to a national survey, the level of violence against women was very high"""
118.171,Cuba,supported,Violence against women,Prevent and address violence against women and femicide,B,"Partially implemented / steps taken, further action needed","Keep up efforts in the comprehensive protection of women against all forms of violence, through implementation of legislation and national plans that have been adopted in this regard","Paraguay implements Act No. 5777/2016 on comprehensive protection of women, declared a social emergency on violence against women and children (Act No. 7239/2024), operates the SOS Mujer hotline, shelters, femicide protocols and electronic monitoring, and made training mandatory for civil servants; Amnesty International and the country team report femicide and very high prevalence persist, Act 5777 budgets remain inadequate, and bills to abolish the Ministry for Women and ban gender mainstreaming pose a risk of regression.",A/HRC/WG.6/52/PRY/1 para. 113; A/HRC/WG.6/52/PRY/3 para. 45; A/HRC/WG.6/52/PRY/2 para. 50,"National Report (A/HRC/WG.6/52/PRY/1), para. 113 — Paraguay: ""The State has stepped up its efforts to prevent and combat violence against women and girls by taking measures under Act No. 5777/2016 ... supplemented by Act No. 7239/2024, declaring a social emergency in respect of violence against women, children and adolescents""
Stakeholders' Summary (A/HRC/WG.6/52/PRY/3), para. 45 — Amnesty International: ""78.5% of women experienced gender-based violence ... legislative initiatives such as a bill to ban gender mainstreaming and another to eliminate the Ministry for Women involved a serious risk of regression""
UN Compilation (A/HRC/WG.6/52/PRY/2), para. 50 — United Nations country team: ""cases of femicide had been observed in Paraguay in previous years and, according to a national survey, the level of violence against women was very high"""
118.172,Czechia,supported,Violence against women,Prevent and address violence against women and femicide,B,"Partially implemented / steps taken, further action needed","Step up its efforts to prevent, combat and punish femicides and all acts of violence against women","Paraguay implements Act No. 5777/2016 on comprehensive protection of women, declared a social emergency on violence against women and children (Act No. 7239/2024), operates the SOS Mujer hotline, shelters, femicide protocols and electronic monitoring, and made training mandatory for civil servants; Amnesty International and the country team report femicide and very high prevalence persist, Act 5777 budgets remain inadequate, and bills to abolish the Ministry for Women and ban gender mainstreaming pose a risk of regression.",A/HRC/WG.6/52/PRY/1 para. 113; A/HRC/WG.6/52/PRY/3 para. 45; A/HRC/WG.6/52/PRY/2 para. 50,"National Report (A/HRC/WG.6/52/PRY/1), para. 113 — Paraguay: ""The State has stepped up its efforts to prevent and combat violence against women and girls by taking measures under Act No. 5777/2016 ... supplemented by Act No. 7239/2024, declaring a social emergency in respect of violence against women, children and adolescents""
Stakeholders' Summary (A/HRC/WG.6/52/PRY/3), para. 45 — Amnesty International: ""78.5% of women experienced gender-based violence ... legislative initiatives such as a bill to ban gender mainstreaming and another to eliminate the Ministry for Women involved a serious risk of regression""
UN Compilation (A/HRC/WG.6/52/PRY/2), para. 50 — United Nations country team: ""cases of femicide had been observed in Paraguay in previous years and, according to a national survey, the level of violence against women was very high"""
118.173,Denmark,supported,Violence against women,Prevent and address violence against women and femicide,B,"Partially implemented / steps taken, further action needed",Effectively combat and investigate femicides and all acts of violence against women and girls,"Paraguay implements Act No. 5777/2016 on comprehensive protection of women, declared a social emergency on violence against women and children (Act No. 7239/2024), operates the SOS Mujer hotline, shelters, femicide protocols and electronic monitoring, and made training mandatory for civil servants; Amnesty International and the country team report femicide and very high prevalence persist, Act 5777 budgets remain inadequate, and bills to abolish the Ministry for Women and ban gender mainstreaming pose a risk of regression.",A/HRC/WG.6/52/PRY/1 para. 113; A/HRC/WG.6/52/PRY/3 para. 45; A/HRC/WG.6/52/PRY/2 para. 50,"National Report (A/HRC/WG.6/52/PRY/1), para. 113 — Paraguay: ""The State has stepped up its efforts to prevent and combat violence against women and girls by taking measures under Act No. 5777/2016 ... supplemented by Act No. 7239/2024, declaring a social emergency in respect of violence against women, children and adolescents""
Stakeholders' Summary (A/HRC/WG.6/52/PRY/3), para. 45 — Amnesty International: ""78.5% of women experienced gender-based violence ... legislative initiatives such as a bill to ban gender mainstreaming and another to eliminate the Ministry for Women involved a serious risk of regression""
UN Compilation (A/HRC/WG.6/52/PRY/2), para. 50 — United Nations country team: ""cases of femicide had been observed in Paraguay in previous years and, according to a national survey, the level of violence against women was very high"""
118.174,Italy,supported,Violence against women,Prevent and address violence against women and femicide,B,"Partially implemented / steps taken, further action needed",Combat all forms of violence and discrimination against women and girls and promote awareness of gender-based violence and sexual and reproductive health,"Paraguay implements Act No. 5777/2016 on comprehensive protection of women, declared a social emergency on violence against women and children (Act No. 7239/2024), operates the SOS Mujer hotline, shelters, femicide protocols and electronic monitoring, and made training mandatory for civil servants; Amnesty International and the country team report femicide and very high prevalence persist, Act 5777 budgets remain inadequate, and bills to abolish the Ministry for Women and ban gender mainstreaming pose a risk of regression.",A/HRC/WG.6/52/PRY/1 para. 113; A/HRC/WG.6/52/PRY/3 para. 45; A/HRC/WG.6/52/PRY/2 para. 50,"National Report (A/HRC/WG.6/52/PRY/1), para. 113 — Paraguay: ""The State has stepped up its efforts to prevent and combat violence against women and girls by taking measures under Act No. 5777/2016 ... supplemented by Act No. 7239/2024, declaring a social emergency in respect of violence against women, children and adolescents""
Stakeholders' Summary (A/HRC/WG.6/52/PRY/3), para. 45 — Amnesty International: ""78.5% of women experienced gender-based violence ... legislative initiatives such as a bill to ban gender mainstreaming and another to eliminate the Ministry for Women involved a serious risk of regression""
UN Compilation (A/HRC/WG.6/52/PRY/2), para. 50 — United Nations country team: ""cases of femicide had been observed in Paraguay in previous years and, according to a national survey, the level of violence against women was very high"""
118.175,Kyrgyzstan,supported,Violence against women,Prevent and address violence against women and femicide,B,"Partially implemented / steps taken, further action needed","Continue its efforts in the field of preventing and combating all forms of violence against women, children and other vulnerable groups","Paraguay implements Act No. 5777/2016 on comprehensive protection of women, declared a social emergency on violence against women and children (Act No. 7239/2024), operates the SOS Mujer hotline, shelters, femicide protocols and electronic monitoring, and made training mandatory for civil servants; Amnesty International and the country team report femicide and very high prevalence persist, Act 5777 budgets remain inadequate, and bills to abolish the Ministry for Women and ban gender mainstreaming pose a risk of regression.",A/HRC/WG.6/52/PRY/1 para. 113; A/HRC/WG.6/52/PRY/3 para. 45; A/HRC/WG.6/52/PRY/2 para. 50,"National Report (A/HRC/WG.6/52/PRY/1), para. 113 — Paraguay: ""The State has stepped up its efforts to prevent and combat violence against women and girls by taking measures under Act No. 5777/2016 ... supplemented by Act No. 7239/2024, declaring a social emergency in respect of violence against women, children and adolescents""
Stakeholders' Summary (A/HRC/WG.6/52/PRY/3), para. 45 — Amnesty International: ""78.5% of women experienced gender-based violence ... legislative initiatives such as a bill to ban gender mainstreaming and another to eliminate the Ministry for Women involved a serious risk of regression""
UN Compilation (A/HRC/WG.6/52/PRY/2), para. 50 — United Nations country team: ""cases of femicide had been observed in Paraguay in previous years and, according to a national survey, the level of violence against women was very high"""
118.176,Lebanon,supported,Violence against women,Prevent and address violence against women and femicide,B,"Partially implemented / steps taken, further action needed",Follow up on efforts made to combat violence against women,"Paraguay implements Act No. 5777/2016 on comprehensive protection of women, declared a social emergency on violence against women and children (Act No. 7239/2024), operates the SOS Mujer hotline, shelters, femicide protocols and electronic monitoring, and made training mandatory for civil servants; Amnesty International and the country team report femicide and very high prevalence persist, Act 5777 budgets remain inadequate, and bills to abolish the Ministry for Women and ban gender mainstreaming pose a risk of regression.",A/HRC/WG.6/52/PRY/1 para. 113; A/HRC/WG.6/52/PRY/3 para. 45; A/HRC/WG.6/52/PRY/2 para. 50,"National Report (A/HRC/WG.6/52/PRY/1), para. 113 — Paraguay: ""The State has stepped up its efforts to prevent and combat violence against women and girls by taking measures under Act No. 5777/2016 ... supplemented by Act No. 7239/2024, declaring a social emergency in respect of violence against women, children and adolescents""
Stakeholders' Summary (A/HRC/WG.6/52/PRY/3), para. 45 — Amnesty International: ""78.5% of women experienced gender-based violence ... legislative initiatives such as a bill to ban gender mainstreaming and another to eliminate the Ministry for Women involved a serious risk of regression""
UN Compilation (A/HRC/WG.6/52/PRY/2), para. 50 — United Nations country team: ""cases of femicide had been observed in Paraguay in previous years and, according to a national survey, the level of violence against women was very high"""
118.177,Marshall Islands,supported,Violence against women,Prevent and address violence against women and femicide,B,"Partially implemented / steps taken, further action needed","Ramp up efforts to protect women and children from gender-based violence and abuse, including through national awareness-raising campaigns to address the root cause of the issue","Paraguay implements Act No. 5777/2016 on comprehensive protection of women, declared a social emergency on violence against women and children (Act No. 7239/2024), operates the SOS Mujer hotline, shelters, femicide protocols and electronic monitoring, and made training mandatory for civil servants; Amnesty International and the country team report femicide and very high prevalence persist, Act 5777 budgets remain inadequate, and bills to abolish the Ministry for Women and ban gender mainstreaming pose a risk of regression.",A/HRC/WG.6/52/PRY/1 para. 113; A/HRC/WG.6/52/PRY/3 para. 45; A/HRC/WG.6/52/PRY/2 para. 50,"National Report (A/HRC/WG.6/52/PRY/1), para. 113 — Paraguay: ""The State has stepped up its efforts to prevent and combat violence against women and girls by taking measures under Act No. 5777/2016 ... supplemented by Act No. 7239/2024, declaring a social emergency in respect of violence against women, children and adolescents""
Stakeholders' Summary (A/HRC/WG.6/52/PRY/3), para. 45 — Amnesty International: ""78.5% of women experienced gender-based violence ... legislative initiatives such as a bill to ban gender mainstreaming and another to eliminate the Ministry for Women involved a serious risk of regression""
UN Compilation (A/HRC/WG.6/52/PRY/2), para. 50 — United Nations country team: ""cases of femicide had been observed in Paraguay in previous years and, according to a national survey, the level of violence against women was very high"""
118.178,Philippines,supported,Legal & institutional reform,Legal and institutional reform,C,Not implemented / no relevant action taken,Strengthen statistical data collection to help inform appropriate interventions for preventing and combating all forms of violence against women and girls,"Key reforms sought - a comprehensive anti-discrimination law, a rights-compliant migration law, an 18-year minimum marriage age, criminalisation of criadazgo - remain unadopted.",A/HRC/WG.6/52/PRY/2 para. 12,"UN Compilation (A/HRC/WG.6/52/PRY/2), para. 12 — Special Rapporteur on minority issues; Committee on Migrant Workers: ""Paraguay still had not adopted a law against all forms of discrimination, despite the numerous international recommendations"""
118.179,Republic of Korea,supported,Violence against women,Prevent and address violence against women and femicide,B,"Partially implemented / steps taken, further action needed","Step up its efforts to prevent, combat and punish all acts of violence against women and girls and ensure relevant offences are investigated properly","Paraguay implements Act No. 5777/2016 on comprehensive protection of women, declared a social emergency on violence against women and children (Act No. 7239/2024), operates the SOS Mujer hotline, shelters, femicide protocols and electronic monitoring, and made training mandatory for civil servants; Amnesty International and the country team report femicide and very high prevalence persist, Act 5777 budgets remain inadequate, and bills to abolish the Ministry for Women and ban gender mainstreaming pose a risk of regression.",A/HRC/WG.6/52/PRY/1 para. 113; A/HRC/WG.6/52/PRY/3 para. 45; A/HRC/WG.6/52/PRY/2 para. 50,"National Report (A/HRC/WG.6/52/PRY/1), para. 113 — Paraguay: ""The State has stepped up its efforts to prevent and combat violence against women and girls by taking measures under Act No. 5777/2016 ... supplemented by Act No. 7239/2024, declaring a social emergency in respect of violence against women, children and adolescents""
Stakeholders' Summary (A/HRC/WG.6/52/PRY/3), para. 45 — Amnesty International: ""78.5% of women experienced gender-based violence ... legislative initiatives such as a bill to ban gender mainstreaming and another to eliminate the Ministry for Women involved a serious risk of regression""
UN Compilation (A/HRC/WG.6/52/PRY/2), para. 50 — United Nations country team: ""cases of femicide had been observed in Paraguay in previous years and, according to a national survey, the level of violence against women was very high"""
118.180,Russian Federation,supported,Violence against women,Prevent and address violence against women and femicide,B,"Partially implemented / steps taken, further action needed","Take additional measures, including legislation, to prevent and combat domestic violence against women","Paraguay implements Act No. 5777/2016 on comprehensive protection of women, declared a social emergency on violence against women and children (Act No. 7239/2024), operates the SOS Mujer hotline, shelters, femicide protocols and electronic monitoring, and made training mandatory for civil servants; Amnesty International and the country team report femicide and very high prevalence persist, Act 5777 budgets remain inadequate, and bills to abolish the Ministry for Women and ban gender mainstreaming pose a risk of regression.",A/HRC/WG.6/52/PRY/1 para. 113; A/HRC/WG.6/52/PRY/3 para. 45; A/HRC/WG.6/52/PRY/2 para. 50,"National Report (A/HRC/WG.6/52/PRY/1), para. 113 — Paraguay: ""The State has stepped up its efforts to prevent and combat violence against women and girls by taking measures under Act No. 5777/2016 ... supplemented by Act No. 7239/2024, declaring a social emergency in respect of violence against women, children and adolescents""
Stakeholders' Summary (A/HRC/WG.6/52/PRY/3), para. 45 — Amnesty International: ""78.5% of women experienced gender-based violence ... legislative initiatives such as a bill to ban gender mainstreaming and another to eliminate the Ministry for Women involved a serious risk of regression""
UN Compilation (A/HRC/WG.6/52/PRY/2), para. 50 — United Nations country team: ""cases of femicide had been observed in Paraguay in previous years and, according to a national survey, the level of violence against women was very high"""
118.181,Rwanda,supported,Violence against women,Prevent and address violence against women and femicide,B,"Partially implemented / steps taken, further action needed","Step up efforts to prevent, combat and punish femicides and all acts of violence against women, girls and adolescents, as recommended by the Human Rights Committee","Paraguay implements Act No. 5777/2016 on comprehensive protection of women, declared a social emergency on violence against women and children (Act No. 7239/2024), operates the SOS Mujer hotline, shelters, femicide protocols and electronic monitoring, and made training mandatory for civil servants; Amnesty International and the country team report femicide and very high prevalence persist, Act 5777 budgets remain inadequate, and bills to abolish the Ministry for Women and ban gender mainstreaming pose a risk of regression.",A/HRC/WG.6/52/PRY/1 para. 113; A/HRC/WG.6/52/PRY/3 para. 45; A/HRC/WG.6/52/PRY/2 para. 50,"National Report (A/HRC/WG.6/52/PRY/1), para. 113 — Paraguay: ""The State has stepped up its efforts to prevent and combat violence against women and girls by taking measures under Act No. 5777/2016 ... supplemented by Act No. 7239/2024, declaring a social emergency in respect of violence against women, children and adolescents""
Stakeholders' Summary (A/HRC/WG.6/52/PRY/3), para. 45 — Amnesty International: ""78.5% of women experienced gender-based violence ... legislative initiatives such as a bill to ban gender mainstreaming and another to eliminate the Ministry for Women involved a serious risk of regression""
UN Compilation (A/HRC/WG.6/52/PRY/2), para. 50 — United Nations country team: ""cases of femicide had been observed in Paraguay in previous years and, according to a national survey, the level of violence against women was very high"""
118.182,Thailand,supported,Violence against women,Prevent and address violence against women and femicide,B,"Partially implemented / steps taken, further action needed",Strengthen its efforts in addressing gender-based violence and providing adequate support and assistance to victims,"Paraguay implements Act No. 5777/2016 on comprehensive protection of women, declared a social emergency on violence against women and children (Act No. 7239/2024), operates the SOS Mujer hotline, shelters, femicide protocols and electronic monitoring, and made training mandatory for civil servants; Amnesty International and the country team report femicide and very high prevalence persist, Act 5777 budgets remain inadequate, and bills to abolish the Ministry for Women and ban gender mainstreaming pose a risk of regression.",A/HRC/WG.6/52/PRY/1 para. 113; A/HRC/WG.6/52/PRY/3 para. 45; A/HRC/WG.6/52/PRY/2 para. 50,"National Report (A/HRC/WG.6/52/PRY/1), para. 113 — Paraguay: ""The State has stepped up its efforts to prevent and combat violence against women and girls by taking measures under Act No. 5777/2016 ... supplemented by Act No. 7239/2024, declaring a social emergency in respect of violence against women, children and adolescents""
Stakeholders' Summary (A/HRC/WG.6/52/PRY/3), para. 45 — Amnesty International: ""78.5% of women experienced gender-based violence ... legislative initiatives such as a bill to ban gender mainstreaming and another to eliminate the Ministry for Women involved a serious risk of regression""
UN Compilation (A/HRC/WG.6/52/PRY/2), para. 50 — United Nations country team: ""cases of femicide had been observed in Paraguay in previous years and, according to a national survey, the level of violence against women was very high"""
118.183,Timor-Leste,supported,Violence against women,Prevent and address violence against women and femicide,B,"Partially implemented / steps taken, further action needed","Strengthen its efforts to prevent, combat and punish all acts of violence against women, girls and adolescents","Paraguay implements Act No. 5777/2016 on comprehensive protection of women, declared a social emergency on violence against women and children (Act No. 7239/2024), operates the SOS Mujer hotline, shelters, femicide protocols and electronic monitoring, and made training mandatory for civil servants; Amnesty International and the country team report femicide and very high prevalence persist, Act 5777 budgets remain inadequate, and bills to abolish the Ministry for Women and ban gender mainstreaming pose a risk of regression.",A/HRC/WG.6/52/PRY/1 para. 113; A/HRC/WG.6/52/PRY/3 para. 45; A/HRC/WG.6/52/PRY/2 para. 50,"National Report (A/HRC/WG.6/52/PRY/1), para. 113 — Paraguay: ""The State has stepped up its efforts to prevent and combat violence against women and girls by taking measures under Act No. 5777/2016 ... supplemented by Act No. 7239/2024, declaring a social emergency in respect of violence against women, children and adolescents""
Stakeholders' Summary (A/HRC/WG.6/52/PRY/3), para. 45 — Amnesty International: ""78.5% of women experienced gender-based violence ... legislative initiatives such as a bill to ban gender mainstreaming and another to eliminate the Ministry for Women involved a serious risk of regression""
UN Compilation (A/HRC/WG.6/52/PRY/2), para. 50 — United Nations country team: ""cases of femicide had been observed in Paraguay in previous years and, according to a national survey, the level of violence against women was very high"""
118.184,Ukraine,supported,Violence against women,Prevent and address violence against women and femicide,B,"Partially implemented / steps taken, further action needed","Step up efforts to prevent, combat and punish femicides and all acts of violence against women, girls and adolescents","Paraguay implements Act No. 5777/2016 on comprehensive protection of women, declared a social emergency on violence against women and children (Act No. 7239/2024), operates the SOS Mujer hotline, shelters, femicide protocols and electronic monitoring, and made training mandatory for civil servants; Amnesty International and the country team report femicide and very high prevalence persist, Act 5777 budgets remain inadequate, and bills to abolish the Ministry for Women and ban gender mainstreaming pose a risk of regression.",A/HRC/WG.6/52/PRY/1 para. 113; A/HRC/WG.6/52/PRY/3 para. 45; A/HRC/WG.6/52/PRY/2 para. 50,"National Report (A/HRC/WG.6/52/PRY/1), para. 113 — Paraguay: ""The State has stepped up its efforts to prevent and combat violence against women and girls by taking measures under Act No. 5777/2016 ... supplemented by Act No. 7239/2024, declaring a social emergency in respect of violence against women, children and adolescents""
Stakeholders' Summary (A/HRC/WG.6/52/PRY/3), para. 45 — Amnesty International: ""78.5% of women experienced gender-based violence ... legislative initiatives such as a bill to ban gender mainstreaming and another to eliminate the Ministry for Women involved a serious risk of regression""
UN Compilation (A/HRC/WG.6/52/PRY/2), para. 50 — United Nations country team: ""cases of femicide had been observed in Paraguay in previous years and, according to a national survey, the level of violence against women was very high"""
118.185,Australia,supported,Sexual & gender-based violence,Protect LGBTIQ+ persons from discrimination,C,Not implemented / no relevant action taken,"Strengthen appropriate avenues for reporting and effective mechanisms for investigating gender-based violence and attacks on lesbian, gay, bisexual, transgender and intersex persons","There is no anti-discrimination legislation protecting LGBTIQ+ people, no legal recognition of same-sex civil unions or of self-perceived gender identity, and stakeholders and Amnesty International report rising hate speech and violence with impunity.",A/HRC/WG.6/52/PRY/2 para. 21; A/HRC/WG.6/52/PRY/3 para. 61,"UN Compilation (A/HRC/WG.6/52/PRY/2), para. 21 — Amnesty International: ""impunity for hate speech and the promotion of discrimination against lesbian, gay, bisexual, transgender and intersex persons""
Stakeholders' Summary (A/HRC/WG.6/52/PRY/3), para. 61 — REPAR+: ""the situation of the LGBTQ+ population in Paraguay remained marked by the absence of legislation, by institutional and social discrimination, and the rise of hate speech"""
118.186,Canada,supported,Violence against women,Prevent and address violence against women and femicide,B,"Partially implemented / steps taken, further action needed","Implement a nationwide monitoring system to provide statistics on incidents of gender-based violence, and develop protocols to instruct officials investigating such cases","Paraguay implements Act No. 5777/2016 on comprehensive protection of women, declared a social emergency on violence against women and children (Act No. 7239/2024), operates the SOS Mujer hotline, shelters, femicide protocols and electronic monitoring, and made training mandatory for civil servants; Amnesty International and the country team report femicide and very high prevalence persist, Act 5777 budgets remain inadequate, and bills to abolish the Ministry for Women and ban gender mainstreaming pose a risk of regression.",A/HRC/WG.6/52/PRY/1 para. 113; A/HRC/WG.6/52/PRY/3 para. 45; A/HRC/WG.6/52/PRY/2 para. 50,"National Report (A/HRC/WG.6/52/PRY/1), para. 113 — Paraguay: ""The State has stepped up its efforts to prevent and combat violence against women and girls by taking measures under Act No. 5777/2016 ... supplemented by Act No. 7239/2024, declaring a social emergency in respect of violence against women, children and adolescents""
Stakeholders' Summary (A/HRC/WG.6/52/PRY/3), para. 45 — Amnesty International: ""78.5% of women experienced gender-based violence ... legislative initiatives such as a bill to ban gender mainstreaming and another to eliminate the Ministry for Women involved a serious risk of regression""
UN Compilation (A/HRC/WG.6/52/PRY/2), para. 50 — United Nations country team: ""cases of femicide had been observed in Paraguay in previous years and, according to a national survey, the level of violence against women was very high"""
118.187,Italy,supported,Children: protection against exploitation,Miscellaneous,D,No information available on implementation,"Strengthen the efforts to end all the abuses against children, including child, early and forced marriage, child labour, sexual abuse and trafficking",No cluster rule matched and the evidence base contains no specific information on this recommendation.,,
118.188,Belgium,supported,Children: protection against exploitation,Prohibit and eradicate criadazgo (child servitude),C,Not implemented / no relevant action taken,"Step up its efforts against child labour and adopt regulatory instruments and policies for eliminating the practice of criadazgo , including support for the family of origin and the development of awareness-raising campaigns","Criadazgo (unpaid domestic child servitude) persists; a 2024 bill to criminalise it was rejected by the National Congress, though the Government plans to resume the legislative process.",A/HRC/WG.6/52/PRY/2 para. 28; A/HRC/WG.6/52/PRY/3 para. 51,"UN Compilation (A/HRC/WG.6/52/PRY/2), para. 28 — Committee on the Rights of the Child: ""eliminate the practice of criadazgo (forced child servitude) and provide full protection to children who were victims""
Stakeholders' Summary (A/HRC/WG.6/52/PRY/3), para. 51 — Joint Submission 6: ""the National Congress had rejected a bill aimed at protecting children against criadazgo on the grounds that it was part of Paraguayan culture"""
118.189,Mauritius,supported,Rights related to marriage & family,End child and adolescent marriage,C,Not implemented / no relevant action taken,Remove all exceptions to the age of marriage,"The law still allows marriage from age 16 with court authorisation; CRC and UNESCO call for a minimum age of 18 without exception, and reform is only under consideration.",A/HRC/WG.6/52/PRY/2 para. 53; A/HRC/WG.6/52/PRY/1 para. 143,"UN Compilation (A/HRC/WG.6/52/PRY/2), para. 53 — Committee on the Rights of the Child; UNESCO: ""amend the legislation to ensure that the minimum age of marriage was 18 years, without exception""
National Report (A/HRC/WG.6/52/PRY/1), para. 143 — Paraguay: ""A proposal for regulatory reform to eliminate exceptions to the minimum age for marriage ... is currently under consideration"""
118.190,Montenegro,supported,Children: protection against exploitation,Miscellaneous,D,No information available on implementation,"Intensify efforts to prevent, combat and punish all forms of child labour",No cluster rule matched and the evidence base contains no specific information on this recommendation.,,
118.191,Poland,supported,"Rights related to name, identity & nationality",Universal birth registration,B,"Partially implemented / steps taken, further action needed","Ensure effective procedures of issuance of birth certificates to all newborn children in Paraguay, regardless of the legal status of their parents, as previously recommended","Paraguay's Civil Registry runs a single online birth-registration system with hospital offices in 21 locations, but CRPD reports a 30 per cent under-registration rate for births and CRC calls for free immediate registration for all children regardless of parents' immigration status.",A/HRC/WG.6/52/PRY/2 para. 79; A/HRC/WG.6/52/PRY/1 para. 144,"UN Compilation (A/HRC/WG.6/52/PRY/2), para. 79 — Committee on the Rights of Persons with Disabilities: ""the 30 per cent underregistration rate for births ... step up the activities of the 'Right to an Identity' programme""
National Report (A/HRC/WG.6/52/PRY/1), para. 144 — Paraguay: ""the Directorate General of the Civil Registry implements a single register of persons that allows for the online registration of births and facilitates registration through offices established within hospitals"""
118.192,Thailand,supported,"Rights related to name, identity & nationality",Universal birth registration,B,"Partially implemented / steps taken, further action needed","Further increase the percentage of birth-registered children, especially for those in rural areas","Paraguay's Civil Registry runs a single online birth-registration system with hospital offices in 21 locations, but CRPD reports a 30 per cent under-registration rate for births and CRC calls for free immediate registration for all children regardless of parents' immigration status.",A/HRC/WG.6/52/PRY/2 para. 79; A/HRC/WG.6/52/PRY/1 para. 144,"UN Compilation (A/HRC/WG.6/52/PRY/2), para. 79 — Committee on the Rights of Persons with Disabilities: ""the 30 per cent underregistration rate for births ... step up the activities of the 'Right to an Identity' programme""
National Report (A/HRC/WG.6/52/PRY/1), para. 144 — Paraguay: ""the Directorate General of the Civil Registry implements a single register of persons that allows for the online registration of births and facilitates registration through offices established within hospitals"""
118.193,Timor-Leste,supported,"Rights related to name, identity & nationality",Universal birth registration,B,"Partially implemented / steps taken, further action needed",Step up its efforts to ensure that all children born in its territory are registered,"Paraguay's Civil Registry runs a single online birth-registration system with hospital offices in 21 locations, but CRPD reports a 30 per cent under-registration rate for births and CRC calls for free immediate registration for all children regardless of parents' immigration status.",A/HRC/WG.6/52/PRY/2 para. 79; A/HRC/WG.6/52/PRY/1 para. 144,"UN Compilation (A/HRC/WG.6/52/PRY/2), para. 79 — Committee on the Rights of Persons with Disabilities: ""the 30 per cent underregistration rate for births ... step up the activities of the 'Right to an Identity' programme""
National Report (A/HRC/WG.6/52/PRY/1), para. 144 — Paraguay: ""the Directorate General of the Civil Registry implements a single register of persons that allows for the online registration of births and facilitates registration through offices established within hospitals"""
118.194,Ukraine,supported,Children: protection against exploitation,Miscellaneous,D,No information available on implementation,"Step up efforts to prevent, combat and punish child labour",No cluster rule matched and the evidence base contains no specific information on this recommendation.,,
118.195,Bolivarian Republic of Venezuela,supported,Children: protection against exploitation,Miscellaneous,D,No information available on implementation,Address the increase in domestic and school violence and corporal punishment,No cluster rule matched and the evidence base contains no specific information on this recommendation.,,
118.196,Denmark,supported,Right to participate in public affairs & right to vote,Political participation of women and Indigenous Peoples,C,Not implemented / no relevant action taken,"Ensure the full and effective participation of indigenous peoples in decision-making processes at all levels of government, especially by ensuring free, prior and informed consent",Women held only about 23 per cent of Congress in 2023 and the 'democratic parity' bill is not adopted; the Human Rights Committee and country team also note very low Indigenous participation in political life and public administration.,A/HRC/WG.6/52/PRY/3 para. 31; A/HRC/WG.6/52/PRY/1 para. 148,"Stakeholders' Summary (A/HRC/WG.6/52/PRY/3), para. 31 — Joint Submission 12: ""women accounted for only 23.2% of members of Congress and recommended the adoption of the bill on democratic parity""
National Report (A/HRC/WG.6/52/PRY/1), para. 148 — Paraguay: ""an inter-agency cooperation agreement between the High Court of Electoral Justice and the National Institute of Indigenous Affairs ... to guarantee the effective exercise of the civil and political rights of Indigenous communities"""
118.197,Dominican Republic,supported,Equality & non-discrimination,Adopt a comprehensive anti-discrimination law,C,Not implemented / no relevant action taken,Pursue efforts aimed at protecting the rights of communities and indigenous peoples and achieve greater inclusion,"Paraguay still has not adopted a comprehensive law against all forms of discrimination despite recommendations across successive cycles; the Special Rapporteur on minority issues, three treaty bodies and the UN country team all call for it, and the Constitution's equality clause is not backed by implementing legislation.",A/HRC/WG.6/52/PRY/2 para. 12; A/HRC/WG.6/52/PRY/2 para. 13; A/HRC/WG.6/52/PRY/1 para. 100,"UN Compilation (A/HRC/WG.6/52/PRY/2), para. 12 — Special Rapporteur on minority issues; Committee on Migrant Workers: ""Paraguay still had not adopted a law against all forms of discrimination, despite the numerous international recommendations""
UN Compilation (A/HRC/WG.6/52/PRY/2), para. 13 — Special Rapporteur on minority issues; treaty bodies; United Nations country team: ""recommended that Paraguay promptly adopt a law against all forms of discrimination""
National Report (A/HRC/WG.6/52/PRY/1), para. 100 — Paraguay: ""the absence of a regulatory law cannot be invoked to restrict rights or guarantees"""
118.198,Bahamas,supported,Land & property rights,Indigenous and campesino land rights,B,"Partially implemented / steps taken, further action needed",Address the ongoing violations of the land rights of indigenous communities,"Paraguay acquired 3,115 ha for Indigenous communities (2020-2025) and settled three communities under Inter-American Court judgments, but the Special Rapporteur and civil society report inadequate protection of Indigenous lands, stalled restitution and rising forced evictions, and high concentration of agricultural land ownership.",A/HRC/WG.6/52/PRY/2 para. 68; A/HRC/WG.6/52/PRY/1 para. 149,"UN Compilation (A/HRC/WG.6/52/PRY/2), para. 68 — Special Rapporteur on minority issues: ""Indigenous Peoples' lands were not adequately protected, and noted an increase in forced evictions affecting Indigenous Peoples""
National Report (A/HRC/WG.6/52/PRY/1), para. 149 — Paraguay: ""Between 2020 and 2025, the State acquired 3,115 ha for Indigenous communities"""
118.199,Malaysia,supported,Right to health,Access to health care; mental health; maternal mortality,B,"Partially implemented / steps taken, further action needed",Ensure access to education and health care for indigenous communities,"Paraguay is decentralising services through family and community health teams, doubled public-hospital mammography machines, enacted a mental-health Act (No. 7018/2022) with a 2024-2030 plan, and adopted a Plan to Reduce Maternal, Fetal and Neonatal Mortality 2023-2030; the UN country team and CRPD report continuing quality gaps in rural and Indigenous areas, prolonged institutionalisation without consent, and that Act 7018/2022 keeps a medical model of disability.",A/HRC/WG.6/52/PRY/1 para. 41; A/HRC/WG.6/52/PRY/2 para. 64; A/HRC/WG.6/52/PRY/2 para. 36,"National Report (A/HRC/WG.6/52/PRY/1), para. 41 — Paraguay: ""The enactment of Act No. 7018/2022 initiated the process of reforming mental healthcare""
UN Compilation (A/HRC/WG.6/52/PRY/2), para. 64 — United Nations country team: ""the enactment of the Mental Health Act and its National Plan 2024-2030. However, it added that serious shortcomings persisted, including the use of prolonged institutionalization without consent""
UN Compilation (A/HRC/WG.6/52/PRY/2), para. 36 — United Nations country team: ""challenges continued to surround the quality of healthcare, especially in rural areas and Indigenous communities"""
118.200,Marshall Islands,supported,National Human Rights Action Plans (or specific areas) / implementation plans,Implement the National Human Rights Plan,B,"Partially implemented / steps taken, further action needed",Create a national action plan on indigenous people ’ s rights,Paraguay approved the fourth Action Plan of the Human Rights Network (2024-2028) and coordinates implementation through the Ministry of Justice and the SIMORE Plus system; civil society reports the action plans were prepared without broad participation and there is no comprehensive new national plan.,A/HRC/WG.6/52/PRY/1 para. 9; A/HRC/WG.6/52/PRY/3 para. 17,"National Report (A/HRC/WG.6/52/PRY/1), para. 9 — Paraguay: ""the fourth Action Plan of the Human Rights Network (2024-2028) was approved in 2024 with the strategic aim of promoting inter-agency and intersectoral coordination to implement the National Human Rights Plan""
Stakeholders' Summary (A/HRC/WG.6/52/PRY/3), para. 17 — Joint Submission 5: ""authorities had prepared the III Action Plan 2021-2023 without broad citizen participation and so far, there was no evidence of a comprehensive new national plan"""
118.201,Mexico,supported,Land & property rights,Indigenous and campesino land rights,B,"Partially implemented / steps taken, further action needed","Implement public policies to effectively guarantee the right of access to land and housing for indigenous communities, incorporating international human rights standards","Paraguay acquired 3,115 ha for Indigenous communities (2020-2025) and settled three communities under Inter-American Court judgments, but the Special Rapporteur and civil society report inadequate protection of Indigenous lands, stalled restitution and rising forced evictions, and high concentration of agricultural land ownership.",A/HRC/WG.6/52/PRY/2 para. 68; A/HRC/WG.6/52/PRY/1 para. 149,"UN Compilation (A/HRC/WG.6/52/PRY/2), para. 68 — Special Rapporteur on minority issues: ""Indigenous Peoples' lands were not adequately protected, and noted an increase in forced evictions affecting Indigenous Peoples""
National Report (A/HRC/WG.6/52/PRY/1), para. 149 — Paraguay: ""Between 2020 and 2025, the State acquired 3,115 ha for Indigenous communities"""
118.202,Panama,supported,Right to participate in public affairs & right to vote,Political participation of women and Indigenous Peoples,C,Not implemented / no relevant action taken,Establish effective mechanisms that promote and facilitate the participation of indigenous peoples and Afro-Paraguayans in decision-making processes in political and public life,Women held only about 23 per cent of Congress in 2023 and the 'democratic parity' bill is not adopted; the Human Rights Committee and country team also note very low Indigenous participation in political life and public administration.,A/HRC/WG.6/52/PRY/3 para. 31; A/HRC/WG.6/52/PRY/1 para. 148,"Stakeholders' Summary (A/HRC/WG.6/52/PRY/3), para. 31 — Joint Submission 12: ""women accounted for only 23.2% of members of Congress and recommended the adoption of the bill on democratic parity""
National Report (A/HRC/WG.6/52/PRY/1), para. 148 — Paraguay: ""an inter-agency cooperation agreement between the High Court of Electoral Justice and the National Institute of Indigenous Affairs ... to guarantee the effective exercise of the civil and political rights of Indigenous communities"""
118.203,Peru,supported,Legal & institutional reform,Legal and institutional reform,C,Not implemented / no relevant action taken,Assess the need to strengthen the Paraguayan Indigenous Institute,"Key reforms sought - a comprehensive anti-discrimination law, a rights-compliant migration law, an 18-year minimum marriage age, criminalisation of criadazgo - remain unadopted.",A/HRC/WG.6/52/PRY/2 para. 12,"UN Compilation (A/HRC/WG.6/52/PRY/2), para. 12 — Special Rapporteur on minority issues; Committee on Migrant Workers: ""Paraguay still had not adopted a law against all forms of discrimination, despite the numerous international recommendations"""
118.204,Philippines,supported,Right to participate in public affairs & right to vote,Political participation of women and Indigenous Peoples,C,Not implemented / no relevant action taken,Ensure adequate measures for promoting the meaningful participation of indigenous peoples in all public decision-making processes affecting them,Women held only about 23 per cent of Congress in 2023 and the 'democratic parity' bill is not adopted; the Human Rights Committee and country team also note very low Indigenous participation in political life and public administration.,A/HRC/WG.6/52/PRY/3 para. 31; A/HRC/WG.6/52/PRY/1 para. 148,"Stakeholders' Summary (A/HRC/WG.6/52/PRY/3), para. 31 — Joint Submission 12: ""women accounted for only 23.2% of members of Congress and recommended the adoption of the bill on democratic parity""
National Report (A/HRC/WG.6/52/PRY/1), para. 148 — Paraguay: ""an inter-agency cooperation agreement between the High Court of Electoral Justice and the National Institute of Indigenous Affairs ... to guarantee the effective exercise of the civil and political rights of Indigenous communities"""
118.205,Republic of Korea,supported,Right to participate in public affairs & right to vote,Political participation of women and Indigenous Peoples,C,Not implemented / no relevant action taken,Ensure access to education and health care for all indigenous peoples and promote their participation in public decision-making processes by finalizing and implementing the Indigenous Peoples National Plan,Women held only about 23 per cent of Congress in 2023 and the 'democratic parity' bill is not adopted; the Human Rights Committee and country team also note very low Indigenous participation in political life and public administration.,A/HRC/WG.6/52/PRY/3 para. 31; A/HRC/WG.6/52/PRY/1 para. 148,"Stakeholders' Summary (A/HRC/WG.6/52/PRY/3), para. 31 — Joint Submission 12: ""women accounted for only 23.2% of members of Congress and recommended the adoption of the bill on democratic parity""
National Report (A/HRC/WG.6/52/PRY/1), para. 148 — Paraguay: ""an inter-agency cooperation agreement between the High Court of Electoral Justice and the National Institute of Indigenous Affairs ... to guarantee the effective exercise of the civil and political rights of Indigenous communities"""
118.206,Senegal,supported,Land & property rights,Indigenous and campesino land rights,B,"Partially implemented / steps taken, further action needed",Strengthen measures to ensure property rights and effective access to land for indigenous peoples,"Paraguay acquired 3,115 ha for Indigenous communities (2020-2025) and settled three communities under Inter-American Court judgments, but the Special Rapporteur and civil society report inadequate protection of Indigenous lands, stalled restitution and rising forced evictions, and high concentration of agricultural land ownership.",A/HRC/WG.6/52/PRY/2 para. 68; A/HRC/WG.6/52/PRY/1 para. 149,"UN Compilation (A/HRC/WG.6/52/PRY/2), para. 68 — Special Rapporteur on minority issues: ""Indigenous Peoples' lands were not adequately protected, and noted an increase in forced evictions affecting Indigenous Peoples""
National Report (A/HRC/WG.6/52/PRY/1), para. 149 — Paraguay: ""Between 2020 and 2025, the State acquired 3,115 ha for Indigenous communities"""
118.207,United Kingdom of Great Britain and Northern Ireland,supported,Human trafficking & contemporary forms of slavery,Combat trafficking in persons,B,"Partially implemented / steps taken, further action needed","Safeguard the land tenure systems for all, including indigenous people, and ensure they are protected from all forms of modern slavery, such as forced or compulsory labour and debt bondage","Paraguay implemented a National Plan to Prevent and Combat Trafficking 2020-2024 (extended to 2025-2026), designated the Ministry of the Interior as lead agency with a dedicated fund (2025), opened the Nasaindy Protection Centre and maintains a specialised prosecution unit; the Committee on Migrant Workers finds standards still unsatisfactory, the ECLJ reports declining case numbers since 2019, and CRC calls for a national anti-trafficking strategy and elimination of criadazgo.",A/HRC/WG.6/52/PRY/1 para. 78; A/HRC/WG.6/52/PRY/2 para. 26; A/HRC/WG.6/52/PRY/3 para. 34,"National Report (A/HRC/WG.6/52/PRY/1), para. 78 — Paraguay: ""The implementation of the National Plan to Prevent and Combat Trafficking in Persons 2020-2024 consolidated the State's response ... It was therefore decided to extend the implementation of the Plan for the period 2025-2026""
UN Compilation (A/HRC/WG.6/52/PRY/2), para. 26 — Committee on Migrant Workers: ""Paraguay had not yet achieved satisfactory standards in its fight against trafficking in persons and that children, especially those living on the street in the tri-border area, continued to be subjected to exploitation""
Stakeholders' Summary (A/HRC/WG.6/52/PRY/3), para. 34 — European Centre for Law and Justice: ""the number of human trafficking cases that opened every year had decreased since 2019 due to corruption, impunity, lack of resources and inadequate victim support"""
118.208,Japan,supported,"Persons with disabilities: protection against exploitation, violence & abuse",Miscellaneous,D,No information available on implementation,Strengthen efforts to promote and protect the right of persons with disabilities,No cluster rule matched and the evidence base contains no specific information on this recommendation.,,
118.209,Bulgaria,supported,"Persons with disabilities: definition, general principles",Rights of persons with disabilities,B,"Partially implemented / steps taken, further action needed",Continue to harmonize national legislation and public policies with the Convention on the Rights of Persons with Disabilities,"The National Action Plan 2015-2030 is being implemented and disability certification digitalised, but CRPD reports the accessibility law is barely implemented, involuntary treatment continues and Act 7018/2022 keeps a medical model of disability.",A/HRC/WG.6/52/PRY/2 para. 41; A/HRC/WG.6/52/PRY/1 para. 166,"UN Compilation (A/HRC/WG.6/52/PRY/2), para. 41 — Committee on the Rights of Persons with Disabilities: ""the persistence of the medical model of disability in Act No. 7018/2022""
National Report (A/HRC/WG.6/52/PRY/1), para. 166 — Paraguay: ""The disability certification process has been modernized, migrating to a digital system"""
118.210,,supported,"Persons with disabilities: definition, general principles",Rights of persons with disabilities,B,"Partially implemented / steps taken, further action needed",Continue its efforts aimed at guaranteeing the rights of persons with disabilities (Azerbaijan).,"The National Action Plan 2015-2030 is being implemented and disability certification digitalised, but CRPD reports the accessibility law is barely implemented, involuntary treatment continues and Act 7018/2022 keeps a medical model of disability.",A/HRC/WG.6/52/PRY/2 para. 41; A/HRC/WG.6/52/PRY/1 para. 166,"UN Compilation (A/HRC/WG.6/52/PRY/2), para. 41 — Committee on the Rights of Persons with Disabilities: ""the persistence of the medical model of disability in Act No. 7018/2022""
National Report (A/HRC/WG.6/52/PRY/1), para. 166 — Paraguay: ""The disability certification process has been modernized, migrating to a digital system"""
