paragraph,recommending_state,position,primary_theme,action_summary,grade,grade_label,text,rationale,sources,evidence_quotes
138.1,Uruguay,noted,Ratification of & accession to international instruments,Ratify outstanding international instruments,B,"Partially implemented / steps taken, further action needed","Accelerate national discussions on the ratification of the main international instruments to which the country is not yet a party, including the International Convention on the Protection of the Rights of All Migrant Workers and Members of Their Families, and request technical support from OHCHR to facilitate their implementation","Namibia ratified ILO Conventions No. 190 and No. 156 in August 2025, but has not ratified OP-CAT (with a national preventive mechanism), the Enforced Disappearance Convention, the 1954 and 1961 Statelessness Conventions or ILO Convention No. 129; consultations on the Statelessness Convention are reported.",A/HRC/WG.6/52/NAM/1 para. 16; A/HRC/WG.6/52/NAM/2 para. 2; A/HRC/WG.6/52/NAM/2 para. 3,"National Report (A/HRC/WG.6/52/NAM/1), para. 16 — Namibia: ""Namibia became a state party to the International Labour Organisation (ILO) Convention 190 on sexual harassment and ILO Convention 156 on workers with families and responsibilities ratified on the 14 August 2025""
UN Compilation (A/HRC/WG.6/52/NAM/2), para. 2 — Committee against Torture; Human Rights Committee: ""Namibia should consider ratifying the Optional Protocol to the Convention against Torture ... with the aim of establishing a national preventive mechanism""
UN Compilation (A/HRC/WG.6/52/NAM/2), para. 3 — Committee on the Rights of the Child; Committee on the Elimination of Discrimination against Women: ""recommended that Namibia ratify the Convention relating to the Status of Stateless Persons of 1954 and the Convention on the Reduction of Statelessness of 1961"""
138.2,Paraguay,supported,Ratification of & accession to international instruments,Ratify outstanding international instruments,B,"Partially implemented / steps taken, further action needed","Ratify the main international human rights treaties that are still pending in order to make progress on Sustainable Development Goals 5, 11, 13 and 16","Namibia ratified ILO Conventions No. 190 and No. 156 in August 2025, but has not ratified OP-CAT (with a national preventive mechanism), the Enforced Disappearance Convention, the 1954 and 1961 Statelessness Conventions or ILO Convention No. 129; consultations on the Statelessness Convention are reported.",A/HRC/WG.6/52/NAM/1 para. 16; A/HRC/WG.6/52/NAM/2 para. 2; A/HRC/WG.6/52/NAM/2 para. 3,"National Report (A/HRC/WG.6/52/NAM/1), para. 16 — Namibia: ""Namibia became a state party to the International Labour Organisation (ILO) Convention 190 on sexual harassment and ILO Convention 156 on workers with families and responsibilities ratified on the 14 August 2025""
UN Compilation (A/HRC/WG.6/52/NAM/2), para. 2 — Committee against Torture; Human Rights Committee: ""Namibia should consider ratifying the Optional Protocol to the Convention against Torture ... with the aim of establishing a national preventive mechanism""
UN Compilation (A/HRC/WG.6/52/NAM/2), para. 3 — Committee on the Rights of the Child; Committee on the Elimination of Discrimination against Women: ""recommended that Namibia ratify the Convention relating to the Status of Stateless Persons of 1954 and the Convention on the Reduction of Statelessness of 1961"""
138.3,Argentina,noted,Ratification of & accession to international instruments,Ratify the Convention against Enforced Disappearance,C,Not implemented / no relevant action taken,Consider ratifying the International Convention for the Protection of All Persons from Enforced Disappearance,"Namibia has not ratified the Enforced Disappearance Convention; CAT encourages ratification, and stakeholders link the unresolved fate of persons who disappeared in SWAPO exile camps to non-compliance with ICPPED, CAT and the ICCPR.",A/HRC/WG.6/52/NAM/2 para. 4; A/HRC/WG.6/52/NAM/3 para. 18,"UN Compilation (A/HRC/WG.6/52/NAM/2), para. 4 — Committee against Torture: ""encouraged Namibia to consider ratifying the International Convention for the Protection of All Persons from Enforced Disappearance""
Stakeholders' Summary (A/HRC/WG.6/52/NAM/3), para. 18 — Breaking the Wall of Silence: ""an estimated 2000 persons had been listed as disappeared ... Namibia had not complied with ICPPED, CAT, and ICCPR"""
138.4,France,noted,Ratification of & accession to international instruments,Ratify the Convention against Enforced Disappearance,C,Not implemented / no relevant action taken,Ratify without delay the International Convention for the Protection of All Persons from Enforced Disappearance,"Namibia has not ratified the Enforced Disappearance Convention; CAT encourages ratification, and stakeholders link the unresolved fate of persons who disappeared in SWAPO exile camps to non-compliance with ICPPED, CAT and the ICCPR.",A/HRC/WG.6/52/NAM/2 para. 4; A/HRC/WG.6/52/NAM/3 para. 18,"UN Compilation (A/HRC/WG.6/52/NAM/2), para. 4 — Committee against Torture: ""encouraged Namibia to consider ratifying the International Convention for the Protection of All Persons from Enforced Disappearance""
Stakeholders' Summary (A/HRC/WG.6/52/NAM/3), para. 18 — Breaking the Wall of Silence: ""an estimated 2000 persons had been listed as disappeared ... Namibia had not complied with ICPPED, CAT, and ICCPR"""
138.5,Iraq,noted,Ratification of & accession to international instruments,Ratify the Convention against Enforced Disappearance,C,Not implemented / no relevant action taken,Consider the possibility of ratifying the International Convention for the Protection of All Persons from Enforced Disappearance,"Namibia has not ratified the Enforced Disappearance Convention; CAT encourages ratification, and stakeholders link the unresolved fate of persons who disappeared in SWAPO exile camps to non-compliance with ICPPED, CAT and the ICCPR.",A/HRC/WG.6/52/NAM/2 para. 4; A/HRC/WG.6/52/NAM/3 para. 18,"UN Compilation (A/HRC/WG.6/52/NAM/2), para. 4 — Committee against Torture: ""encouraged Namibia to consider ratifying the International Convention for the Protection of All Persons from Enforced Disappearance""
Stakeholders' Summary (A/HRC/WG.6/52/NAM/3), para. 18 — Breaking the Wall of Silence: ""an estimated 2000 persons had been listed as disappeared ... Namibia had not complied with ICPPED, CAT, and ICCPR"""
138.6,Ukraine,noted,Ratification of & accession to international instruments,Ratify the Convention against Enforced Disappearance,C,Not implemented / no relevant action taken,Ratify the International Convention for the Protection of All Persons from Enforced Disappearance,"Namibia has not ratified the Enforced Disappearance Convention; CAT encourages ratification, and stakeholders link the unresolved fate of persons who disappeared in SWAPO exile camps to non-compliance with ICPPED, CAT and the ICCPR.",A/HRC/WG.6/52/NAM/2 para. 4; A/HRC/WG.6/52/NAM/3 para. 18,"UN Compilation (A/HRC/WG.6/52/NAM/2), para. 4 — Committee against Torture: ""encouraged Namibia to consider ratifying the International Convention for the Protection of All Persons from Enforced Disappearance""
Stakeholders' Summary (A/HRC/WG.6/52/NAM/3), para. 18 — Breaking the Wall of Silence: ""an estimated 2000 persons had been listed as disappeared ... Namibia had not complied with ICPPED, CAT, and ICCPR"""
138.7,Japan,noted,Ratification of & accession to international instruments,Ratify the Convention against Enforced Disappearance,C,Not implemented / no relevant action taken,Ratify the International Convention for the Protection of All Persons from Enforced Disappearance,"Namibia has not ratified the Enforced Disappearance Convention; CAT encourages ratification, and stakeholders link the unresolved fate of persons who disappeared in SWAPO exile camps to non-compliance with ICPPED, CAT and the ICCPR.",A/HRC/WG.6/52/NAM/2 para. 4; A/HRC/WG.6/52/NAM/3 para. 18,"UN Compilation (A/HRC/WG.6/52/NAM/2), para. 4 — Committee against Torture: ""encouraged Namibia to consider ratifying the International Convention for the Protection of All Persons from Enforced Disappearance""
Stakeholders' Summary (A/HRC/WG.6/52/NAM/3), para. 18 — Breaking the Wall of Silence: ""an estimated 2000 persons had been listed as disappeared ... Namibia had not complied with ICPPED, CAT, and ICCPR"""
138.8,Italy,noted,Ratification of & accession to international instruments,Ratify the Convention against Enforced Disappearance,C,Not implemented / no relevant action taken,Ratify the International Convention for the Protection of All Persons from Enforced Disappearance,"Namibia has not ratified the Enforced Disappearance Convention; CAT encourages ratification, and stakeholders link the unresolved fate of persons who disappeared in SWAPO exile camps to non-compliance with ICPPED, CAT and the ICCPR.",A/HRC/WG.6/52/NAM/2 para. 4; A/HRC/WG.6/52/NAM/3 para. 18,"UN Compilation (A/HRC/WG.6/52/NAM/2), para. 4 — Committee against Torture: ""encouraged Namibia to consider ratifying the International Convention for the Protection of All Persons from Enforced Disappearance""
Stakeholders' Summary (A/HRC/WG.6/52/NAM/3), para. 18 — Breaking the Wall of Silence: ""an estimated 2000 persons had been listed as disappeared ... Namibia had not complied with ICPPED, CAT, and ICCPR"""
138.9,Estonia,noted,"International criminal & humanitarian law (including crimes against humanity, war crimes, genocide)",Miscellaneous,D,No information available on implementation,Ratify the Kampala amendments to the Rome Statute of the International Criminal Court,No cluster rule matched and the evidence base contains no specific information on this recommendation.,,
138.10,Colombia,noted,Ratification of & accession to international instruments,Ratify outstanding international instruments,B,"Partially implemented / steps taken, further action needed","Consider ratifying the Indigenous and Tribal Peoples Convention, 1989 (No. 169), of the International Labour Organization and the International Convention on the Protection of the Rights of All Migrant Workers and Members of Their Families","Namibia ratified ILO Conventions No. 190 and No. 156 in August 2025, but has not ratified OP-CAT (with a national preventive mechanism), the Enforced Disappearance Convention, the 1954 and 1961 Statelessness Conventions or ILO Convention No. 129; consultations on the Statelessness Convention are reported.",A/HRC/WG.6/52/NAM/1 para. 16; A/HRC/WG.6/52/NAM/2 para. 2; A/HRC/WG.6/52/NAM/2 para. 3,"National Report (A/HRC/WG.6/52/NAM/1), para. 16 — Namibia: ""Namibia became a state party to the International Labour Organisation (ILO) Convention 190 on sexual harassment and ILO Convention 156 on workers with families and responsibilities ratified on the 14 August 2025""
UN Compilation (A/HRC/WG.6/52/NAM/2), para. 2 — Committee against Torture; Human Rights Committee: ""Namibia should consider ratifying the Optional Protocol to the Convention against Torture ... with the aim of establishing a national preventive mechanism""
UN Compilation (A/HRC/WG.6/52/NAM/2), para. 3 — Committee on the Rights of the Child; Committee on the Elimination of Discrimination against Women: ""recommended that Namibia ratify the Convention relating to the Status of Stateless Persons of 1954 and the Convention on the Reduction of Statelessness of 1961"""
138.11,Cote d’Ivoire,noted,Ratification of & accession to international instruments,Ratify outstanding international instruments,B,"Partially implemented / steps taken, further action needed","Ratify the Indigenous and Tribal Peoples Convention, 1989 (No. 169) of the International Labour Organization","Namibia ratified ILO Conventions No. 190 and No. 156 in August 2025, but has not ratified OP-CAT (with a national preventive mechanism), the Enforced Disappearance Convention, the 1954 and 1961 Statelessness Conventions or ILO Convention No. 129; consultations on the Statelessness Convention are reported.",A/HRC/WG.6/52/NAM/1 para. 16; A/HRC/WG.6/52/NAM/2 para. 2; A/HRC/WG.6/52/NAM/2 para. 3,"National Report (A/HRC/WG.6/52/NAM/1), para. 16 — Namibia: ""Namibia became a state party to the International Labour Organisation (ILO) Convention 190 on sexual harassment and ILO Convention 156 on workers with families and responsibilities ratified on the 14 August 2025""
UN Compilation (A/HRC/WG.6/52/NAM/2), para. 2 — Committee against Torture; Human Rights Committee: ""Namibia should consider ratifying the Optional Protocol to the Convention against Torture ... with the aim of establishing a national preventive mechanism""
UN Compilation (A/HRC/WG.6/52/NAM/2), para. 3 — Committee on the Rights of the Child; Committee on the Elimination of Discrimination against Women: ""recommended that Namibia ratify the Convention relating to the Status of Stateless Persons of 1954 and the Convention on the Reduction of Statelessness of 1961"""
138.12,Portugal,noted,Ratification of & accession to international instruments,Ratify outstanding international instruments,B,"Partially implemented / steps taken, further action needed","Ratify the Optional Protocol to the International Covenant on Economic, Social and Cultural Rights","Namibia ratified ILO Conventions No. 190 and No. 156 in August 2025, but has not ratified OP-CAT (with a national preventive mechanism), the Enforced Disappearance Convention, the 1954 and 1961 Statelessness Conventions or ILO Convention No. 129; consultations on the Statelessness Convention are reported.",A/HRC/WG.6/52/NAM/1 para. 16; A/HRC/WG.6/52/NAM/2 para. 2; A/HRC/WG.6/52/NAM/2 para. 3,"National Report (A/HRC/WG.6/52/NAM/1), para. 16 — Namibia: ""Namibia became a state party to the International Labour Organisation (ILO) Convention 190 on sexual harassment and ILO Convention 156 on workers with families and responsibilities ratified on the 14 August 2025""
UN Compilation (A/HRC/WG.6/52/NAM/2), para. 2 — Committee against Torture; Human Rights Committee: ""Namibia should consider ratifying the Optional Protocol to the Convention against Torture ... with the aim of establishing a national preventive mechanism""
UN Compilation (A/HRC/WG.6/52/NAM/2), para. 3 — Committee on the Rights of the Child; Committee on the Elimination of Discrimination against Women: ""recommended that Namibia ratify the Convention relating to the Status of Stateless Persons of 1954 and the Convention on the Reduction of Statelessness of 1961"""
138.13,Italy,noted,Ratification of & accession to international instruments,Ratify outstanding international instruments,B,"Partially implemented / steps taken, further action needed","Ratify the Optional Protocol to the International Covenant on Economic, Social and Cultural Rights Ratify","Namibia ratified ILO Conventions No. 190 and No. 156 in August 2025, but has not ratified OP-CAT (with a national preventive mechanism), the Enforced Disappearance Convention, the 1954 and 1961 Statelessness Conventions or ILO Convention No. 129; consultations on the Statelessness Convention are reported.",A/HRC/WG.6/52/NAM/1 para. 16; A/HRC/WG.6/52/NAM/2 para. 2; A/HRC/WG.6/52/NAM/2 para. 3,"National Report (A/HRC/WG.6/52/NAM/1), para. 16 — Namibia: ""Namibia became a state party to the International Labour Organisation (ILO) Convention 190 on sexual harassment and ILO Convention 156 on workers with families and responsibilities ratified on the 14 August 2025""
UN Compilation (A/HRC/WG.6/52/NAM/2), para. 2 — Committee against Torture; Human Rights Committee: ""Namibia should consider ratifying the Optional Protocol to the Convention against Torture ... with the aim of establishing a national preventive mechanism""
UN Compilation (A/HRC/WG.6/52/NAM/2), para. 3 — Committee on the Rights of the Child; Committee on the Elimination of Discrimination against Women: ""recommended that Namibia ratify the Convention relating to the Status of Stateless Persons of 1954 and the Convention on the Reduction of Statelessness of 1961"""
138.14,Ukraine,noted,Ratification of & accession to international instruments,Ratify outstanding international instruments,B,"Partially implemented / steps taken, further action needed","Ratify the Optional Protocol to the International Covenant on Economic, Social and Cultural Rights","Namibia ratified ILO Conventions No. 190 and No. 156 in August 2025, but has not ratified OP-CAT (with a national preventive mechanism), the Enforced Disappearance Convention, the 1954 and 1961 Statelessness Conventions or ILO Convention No. 129; consultations on the Statelessness Convention are reported.",A/HRC/WG.6/52/NAM/1 para. 16; A/HRC/WG.6/52/NAM/2 para. 2; A/HRC/WG.6/52/NAM/2 para. 3,"National Report (A/HRC/WG.6/52/NAM/1), para. 16 — Namibia: ""Namibia became a state party to the International Labour Organisation (ILO) Convention 190 on sexual harassment and ILO Convention 156 on workers with families and responsibilities ratified on the 14 August 2025""
UN Compilation (A/HRC/WG.6/52/NAM/2), para. 2 — Committee against Torture; Human Rights Committee: ""Namibia should consider ratifying the Optional Protocol to the Convention against Torture ... with the aim of establishing a national preventive mechanism""
UN Compilation (A/HRC/WG.6/52/NAM/2), para. 3 — Committee on the Rights of the Child; Committee on the Elimination of Discrimination against Women: ""recommended that Namibia ratify the Convention relating to the Status of Stateless Persons of 1954 and the Convention on the Reduction of Statelessness of 1961"""
138.15,Ukraine,noted,Ratification of & accession to international instruments,Ratify outstanding international instruments,B,"Partially implemented / steps taken, further action needed",Ratify the Optional Protocol to the Convention on the Rights of the Child on a communications procedure,"Namibia ratified ILO Conventions No. 190 and No. 156 in August 2025, but has not ratified OP-CAT (with a national preventive mechanism), the Enforced Disappearance Convention, the 1954 and 1961 Statelessness Conventions or ILO Convention No. 129; consultations on the Statelessness Convention are reported.",A/HRC/WG.6/52/NAM/1 para. 16; A/HRC/WG.6/52/NAM/2 para. 2; A/HRC/WG.6/52/NAM/2 para. 3,"National Report (A/HRC/WG.6/52/NAM/1), para. 16 — Namibia: ""Namibia became a state party to the International Labour Organisation (ILO) Convention 190 on sexual harassment and ILO Convention 156 on workers with families and responsibilities ratified on the 14 August 2025""
UN Compilation (A/HRC/WG.6/52/NAM/2), para. 2 — Committee against Torture; Human Rights Committee: ""Namibia should consider ratifying the Optional Protocol to the Convention against Torture ... with the aim of establishing a national preventive mechanism""
UN Compilation (A/HRC/WG.6/52/NAM/2), para. 3 — Committee on the Rights of the Child; Committee on the Elimination of Discrimination against Women: ""recommended that Namibia ratify the Convention relating to the Status of Stateless Persons of 1954 and the Convention on the Reduction of Statelessness of 1961"""
138.16,Portugal,noted,Ratification of & accession to international instruments,End child marriage,B,"Partially implemented / steps taken, further action needed","Ratify the Optional Protocol to the Convention on the Rights of the Child on a communications procedure and take all necessary action to protect children from all forms of violence and exploitation, including early marriage","The Marriage Act (2024) and Child Care and Protection Act set the minimum marriage age at 18 and an Ending Child Marriage Strategy is being developed, but CAT and others report child marriage persists under customary law.",A/HRC/WG.6/52/NAM/1 para. 120; A/HRC/WG.6/52/NAM/2 para. 66,"National Report (A/HRC/WG.6/52/NAM/1), para. 120 — Namibia: ""the Marriage Act 2024 which prohibits practices of marrying of children ... Development of Ending Child Marriage strategy is underway""
UN Compilation (A/HRC/WG.6/52/NAM/2), para. 66 — Committee against Torture: ""the harmful traditional practice of child marriage under customary law persisted in some communities"""
138.17,Rwanda,noted,Ratification of & accession to international instruments,Ratify outstanding international instruments,B,"Partially implemented / steps taken, further action needed",Ratify the International Convention on the Protection of the Rights of All Migrant Workers and Members of Their Families,"Namibia ratified ILO Conventions No. 190 and No. 156 in August 2025, but has not ratified OP-CAT (with a national preventive mechanism), the Enforced Disappearance Convention, the 1954 and 1961 Statelessness Conventions or ILO Convention No. 129; consultations on the Statelessness Convention are reported.",A/HRC/WG.6/52/NAM/1 para. 16; A/HRC/WG.6/52/NAM/2 para. 2; A/HRC/WG.6/52/NAM/2 para. 3,"National Report (A/HRC/WG.6/52/NAM/1), para. 16 — Namibia: ""Namibia became a state party to the International Labour Organisation (ILO) Convention 190 on sexual harassment and ILO Convention 156 on workers with families and responsibilities ratified on the 14 August 2025""
UN Compilation (A/HRC/WG.6/52/NAM/2), para. 2 — Committee against Torture; Human Rights Committee: ""Namibia should consider ratifying the Optional Protocol to the Convention against Torture ... with the aim of establishing a national preventive mechanism""
UN Compilation (A/HRC/WG.6/52/NAM/2), para. 3 — Committee on the Rights of the Child; Committee on the Elimination of Discrimination against Women: ""recommended that Namibia ratify the Convention relating to the Status of Stateless Persons of 1954 and the Convention on the Reduction of Statelessness of 1961"""
138.18,Chile,noted,Ratification of & accession to international instruments,Ratify outstanding international instruments,B,"Partially implemented / steps taken, further action needed",Ratify the International Convention on the Protection of the Rights of All Migrant Workers and Members of Their Families,"Namibia ratified ILO Conventions No. 190 and No. 156 in August 2025, but has not ratified OP-CAT (with a national preventive mechanism), the Enforced Disappearance Convention, the 1954 and 1961 Statelessness Conventions or ILO Convention No. 129; consultations on the Statelessness Convention are reported.",A/HRC/WG.6/52/NAM/1 para. 16; A/HRC/WG.6/52/NAM/2 para. 2; A/HRC/WG.6/52/NAM/2 para. 3,"National Report (A/HRC/WG.6/52/NAM/1), para. 16 — Namibia: ""Namibia became a state party to the International Labour Organisation (ILO) Convention 190 on sexual harassment and ILO Convention 156 on workers with families and responsibilities ratified on the 14 August 2025""
UN Compilation (A/HRC/WG.6/52/NAM/2), para. 2 — Committee against Torture; Human Rights Committee: ""Namibia should consider ratifying the Optional Protocol to the Convention against Torture ... with the aim of establishing a national preventive mechanism""
UN Compilation (A/HRC/WG.6/52/NAM/2), para. 3 — Committee on the Rights of the Child; Committee on the Elimination of Discrimination against Women: ""recommended that Namibia ratify the Convention relating to the Status of Stateless Persons of 1954 and the Convention on the Reduction of Statelessness of 1961"""
138.19,Senegal,noted,Ratification of & accession to international instruments,Ratify outstanding international instruments,B,"Partially implemented / steps taken, further action needed",Accede to the International Convention on the Protection of the Rights of All Migrant Workers and Members of Their Families,"Namibia ratified ILO Conventions No. 190 and No. 156 in August 2025, but has not ratified OP-CAT (with a national preventive mechanism), the Enforced Disappearance Convention, the 1954 and 1961 Statelessness Conventions or ILO Convention No. 129; consultations on the Statelessness Convention are reported.",A/HRC/WG.6/52/NAM/1 para. 16; A/HRC/WG.6/52/NAM/2 para. 2; A/HRC/WG.6/52/NAM/2 para. 3,"National Report (A/HRC/WG.6/52/NAM/1), para. 16 — Namibia: ""Namibia became a state party to the International Labour Organisation (ILO) Convention 190 on sexual harassment and ILO Convention 156 on workers with families and responsibilities ratified on the 14 August 2025""
UN Compilation (A/HRC/WG.6/52/NAM/2), para. 2 — Committee against Torture; Human Rights Committee: ""Namibia should consider ratifying the Optional Protocol to the Convention against Torture ... with the aim of establishing a national preventive mechanism""
UN Compilation (A/HRC/WG.6/52/NAM/2), para. 3 — Committee on the Rights of the Child; Committee on the Elimination of Discrimination against Women: ""recommended that Namibia ratify the Convention relating to the Status of Stateless Persons of 1954 and the Convention on the Reduction of Statelessness of 1961"""
138.20,Sierra Leone,noted,Ratification of & accession to international instruments,Ratify outstanding international instruments,B,"Partially implemented / steps taken, further action needed",Consider ratifying the International Convention on the Protection of the Rights of All Migrant Workers and Members of Their Families,"Namibia ratified ILO Conventions No. 190 and No. 156 in August 2025, but has not ratified OP-CAT (with a national preventive mechanism), the Enforced Disappearance Convention, the 1954 and 1961 Statelessness Conventions or ILO Convention No. 129; consultations on the Statelessness Convention are reported.",A/HRC/WG.6/52/NAM/1 para. 16; A/HRC/WG.6/52/NAM/2 para. 2; A/HRC/WG.6/52/NAM/2 para. 3,"National Report (A/HRC/WG.6/52/NAM/1), para. 16 — Namibia: ""Namibia became a state party to the International Labour Organisation (ILO) Convention 190 on sexual harassment and ILO Convention 156 on workers with families and responsibilities ratified on the 14 August 2025""
UN Compilation (A/HRC/WG.6/52/NAM/2), para. 2 — Committee against Torture; Human Rights Committee: ""Namibia should consider ratifying the Optional Protocol to the Convention against Torture ... with the aim of establishing a national preventive mechanism""
UN Compilation (A/HRC/WG.6/52/NAM/2), para. 3 — Committee on the Rights of the Child; Committee on the Elimination of Discrimination against Women: ""recommended that Namibia ratify the Convention relating to the Status of Stateless Persons of 1954 and the Convention on the Reduction of Statelessness of 1961"""
138.21,Somalia,noted,Ratification of & accession to international instruments,Ratify outstanding international instruments,B,"Partially implemented / steps taken, further action needed",Consider ratifying the International Convention on the Protection of the Rights of All Migrant Workers and Members of Their Families,"Namibia ratified ILO Conventions No. 190 and No. 156 in August 2025, but has not ratified OP-CAT (with a national preventive mechanism), the Enforced Disappearance Convention, the 1954 and 1961 Statelessness Conventions or ILO Convention No. 129; consultations on the Statelessness Convention are reported.",A/HRC/WG.6/52/NAM/1 para. 16; A/HRC/WG.6/52/NAM/2 para. 2; A/HRC/WG.6/52/NAM/2 para. 3,"National Report (A/HRC/WG.6/52/NAM/1), para. 16 — Namibia: ""Namibia became a state party to the International Labour Organisation (ILO) Convention 190 on sexual harassment and ILO Convention 156 on workers with families and responsibilities ratified on the 14 August 2025""
UN Compilation (A/HRC/WG.6/52/NAM/2), para. 2 — Committee against Torture; Human Rights Committee: ""Namibia should consider ratifying the Optional Protocol to the Convention against Torture ... with the aim of establishing a national preventive mechanism""
UN Compilation (A/HRC/WG.6/52/NAM/2), para. 3 — Committee on the Rights of the Child; Committee on the Elimination of Discrimination against Women: ""recommended that Namibia ratify the Convention relating to the Status of Stateless Persons of 1954 and the Convention on the Reduction of Statelessness of 1961"""
138.22,Congo,noted,Ratification of & accession to international instruments,Ratify outstanding international instruments,B,"Partially implemented / steps taken, further action needed",Ratify the International Convention on the Protection of the Rights of All Migrant Workers and Members of Their Families,"Namibia ratified ILO Conventions No. 190 and No. 156 in August 2025, but has not ratified OP-CAT (with a national preventive mechanism), the Enforced Disappearance Convention, the 1954 and 1961 Statelessness Conventions or ILO Convention No. 129; consultations on the Statelessness Convention are reported.",A/HRC/WG.6/52/NAM/1 para. 16; A/HRC/WG.6/52/NAM/2 para. 2; A/HRC/WG.6/52/NAM/2 para. 3,"National Report (A/HRC/WG.6/52/NAM/1), para. 16 — Namibia: ""Namibia became a state party to the International Labour Organisation (ILO) Convention 190 on sexual harassment and ILO Convention 156 on workers with families and responsibilities ratified on the 14 August 2025""
UN Compilation (A/HRC/WG.6/52/NAM/2), para. 2 — Committee against Torture; Human Rights Committee: ""Namibia should consider ratifying the Optional Protocol to the Convention against Torture ... with the aim of establishing a national preventive mechanism""
UN Compilation (A/HRC/WG.6/52/NAM/2), para. 3 — Committee on the Rights of the Child; Committee on the Elimination of Discrimination against Women: ""recommended that Namibia ratify the Convention relating to the Status of Stateless Persons of 1954 and the Convention on the Reduction of Statelessness of 1961"""
138.23,Côte d’Ivoire,noted,Ratification of & accession to international instruments,Ratify outstanding international instruments,B,"Partially implemented / steps taken, further action needed",Ratify the International Convention on the Protection of the Rights of All Migrant Workers and Members of Their Families,"Namibia ratified ILO Conventions No. 190 and No. 156 in August 2025, but has not ratified OP-CAT (with a national preventive mechanism), the Enforced Disappearance Convention, the 1954 and 1961 Statelessness Conventions or ILO Convention No. 129; consultations on the Statelessness Convention are reported.",A/HRC/WG.6/52/NAM/1 para. 16; A/HRC/WG.6/52/NAM/2 para. 2; A/HRC/WG.6/52/NAM/2 para. 3,"National Report (A/HRC/WG.6/52/NAM/1), para. 16 — Namibia: ""Namibia became a state party to the International Labour Organisation (ILO) Convention 190 on sexual harassment and ILO Convention 156 on workers with families and responsibilities ratified on the 14 August 2025""
UN Compilation (A/HRC/WG.6/52/NAM/2), para. 2 — Committee against Torture; Human Rights Committee: ""Namibia should consider ratifying the Optional Protocol to the Convention against Torture ... with the aim of establishing a national preventive mechanism""
UN Compilation (A/HRC/WG.6/52/NAM/2), para. 3 — Committee on the Rights of the Child; Committee on the Elimination of Discrimination against Women: ""recommended that Namibia ratify the Convention relating to the Status of Stateless Persons of 1954 and the Convention on the Reduction of Statelessness of 1961"""
138.24,Egypt,noted,Ratification of & accession to international instruments,Ratify outstanding international instruments,B,"Partially implemented / steps taken, further action needed",Ratify the International Convention on the Protection of the Rights of All Migrant Workers and Members of Their Families,"Namibia ratified ILO Conventions No. 190 and No. 156 in August 2025, but has not ratified OP-CAT (with a national preventive mechanism), the Enforced Disappearance Convention, the 1954 and 1961 Statelessness Conventions or ILO Convention No. 129; consultations on the Statelessness Convention are reported.",A/HRC/WG.6/52/NAM/1 para. 16; A/HRC/WG.6/52/NAM/2 para. 2; A/HRC/WG.6/52/NAM/2 para. 3,"National Report (A/HRC/WG.6/52/NAM/1), para. 16 — Namibia: ""Namibia became a state party to the International Labour Organisation (ILO) Convention 190 on sexual harassment and ILO Convention 156 on workers with families and responsibilities ratified on the 14 August 2025""
UN Compilation (A/HRC/WG.6/52/NAM/2), para. 2 — Committee against Torture; Human Rights Committee: ""Namibia should consider ratifying the Optional Protocol to the Convention against Torture ... with the aim of establishing a national preventive mechanism""
UN Compilation (A/HRC/WG.6/52/NAM/2), para. 3 — Committee on the Rights of the Child; Committee on the Elimination of Discrimination against Women: ""recommended that Namibia ratify the Convention relating to the Status of Stateless Persons of 1954 and the Convention on the Reduction of Statelessness of 1961"""
138.25,Philippines,noted,Ratification of & accession to international instruments,Ratify outstanding international instruments,B,"Partially implemented / steps taken, further action needed",Consider ratifying the International Convention on the Protection of the Rights of All Migrant Workers and Members of Their Families,"Namibia ratified ILO Conventions No. 190 and No. 156 in August 2025, but has not ratified OP-CAT (with a national preventive mechanism), the Enforced Disappearance Convention, the 1954 and 1961 Statelessness Conventions or ILO Convention No. 129; consultations on the Statelessness Convention are reported.",A/HRC/WG.6/52/NAM/1 para. 16; A/HRC/WG.6/52/NAM/2 para. 2; A/HRC/WG.6/52/NAM/2 para. 3,"National Report (A/HRC/WG.6/52/NAM/1), para. 16 — Namibia: ""Namibia became a state party to the International Labour Organisation (ILO) Convention 190 on sexual harassment and ILO Convention 156 on workers with families and responsibilities ratified on the 14 August 2025""
UN Compilation (A/HRC/WG.6/52/NAM/2), para. 2 — Committee against Torture; Human Rights Committee: ""Namibia should consider ratifying the Optional Protocol to the Convention against Torture ... with the aim of establishing a national preventive mechanism""
UN Compilation (A/HRC/WG.6/52/NAM/2), para. 3 — Committee on the Rights of the Child; Committee on the Elimination of Discrimination against Women: ""recommended that Namibia ratify the Convention relating to the Status of Stateless Persons of 1954 and the Convention on the Reduction of Statelessness of 1961"""
138.26,France,supported,Ratification of & accession to international instruments,Ratify OP-CAT and establish a national preventive mechanism,C,Not implemented / no relevant action taken,"Ratify without delay the Optional Protocol to the Convention against Torture and Other Cruel, Inhuman or Degrading Treatment or Punishment",Namibia has not ratified OP-CAT and has not established a national preventive mechanism.,A/HRC/WG.6/52/NAM/2 para. 2,"UN Compilation (A/HRC/WG.6/52/NAM/2), para. 2 — Committee against Torture; Human Rights Committee: ""Namibia should consider ratifying the Optional Protocol to the Convention against Torture and Other Cruel, Inhuman or Degrading Treatment or Punishment with the aim of establishing a national preventive mechanism"""
138.27,Togo,supported,Ratification of & accession to international instruments,Ratify outstanding international instruments,B,"Partially implemented / steps taken, further action needed","Ratify the Optional Protocol relating to the Convention against Torture and Other Cruel, Inhuman or Degrading Treatment or Punishment","Namibia ratified ILO Conventions No. 190 and No. 156 in August 2025, but has not ratified OP-CAT (with a national preventive mechanism), the Enforced Disappearance Convention, the 1954 and 1961 Statelessness Conventions or ILO Convention No. 129; consultations on the Statelessness Convention are reported.",A/HRC/WG.6/52/NAM/1 para. 16; A/HRC/WG.6/52/NAM/2 para. 2; A/HRC/WG.6/52/NAM/2 para. 3,"National Report (A/HRC/WG.6/52/NAM/1), para. 16 — Namibia: ""Namibia became a state party to the International Labour Organisation (ILO) Convention 190 on sexual harassment and ILO Convention 156 on workers with families and responsibilities ratified on the 14 August 2025""
UN Compilation (A/HRC/WG.6/52/NAM/2), para. 2 — Committee against Torture; Human Rights Committee: ""Namibia should consider ratifying the Optional Protocol to the Convention against Torture ... with the aim of establishing a national preventive mechanism""
UN Compilation (A/HRC/WG.6/52/NAM/2), para. 3 — Committee on the Rights of the Child; Committee on the Elimination of Discrimination against Women: ""recommended that Namibia ratify the Convention relating to the Status of Stateless Persons of 1954 and the Convention on the Reduction of Statelessness of 1961"""
138.28,Italy,supported,Ratification of & accession to international instruments,Ratify OP-CAT and establish a national preventive mechanism,C,Not implemented / no relevant action taken,"Ratify the Optional Protocol to the Convention against Torture and Other Cruel, Inhuman or Degrading Treatment or Punishment",Namibia has not ratified OP-CAT and has not established a national preventive mechanism.,A/HRC/WG.6/52/NAM/2 para. 2,"UN Compilation (A/HRC/WG.6/52/NAM/2), para. 2 — Committee against Torture; Human Rights Committee: ""Namibia should consider ratifying the Optional Protocol to the Convention against Torture and Other Cruel, Inhuman or Degrading Treatment or Punishment with the aim of establishing a national preventive mechanism"""
138.29,Ukraine,supported,Ratification of & accession to international instruments,Ratify OP-CAT and establish a national preventive mechanism,C,Not implemented / no relevant action taken,"Ratify the Optional Protocol to the Convention against Torture and Other Cruel, Inhuman or Degrading Treatment or Punishment",Namibia has not ratified OP-CAT and has not established a national preventive mechanism.,A/HRC/WG.6/52/NAM/2 para. 2,"UN Compilation (A/HRC/WG.6/52/NAM/2), para. 2 — Committee against Torture; Human Rights Committee: ""Namibia should consider ratifying the Optional Protocol to the Convention against Torture and Other Cruel, Inhuman or Degrading Treatment or Punishment with the aim of establishing a national preventive mechanism"""
138.30,Armenia,supported,Ratification of & accession to international instruments,Ratify OP-CAT and establish a national preventive mechanism,C,Not implemented / no relevant action taken,"Consider acceding to the Optional Protocol to the Convention against Torture and Other Cruel, Inhuman or Degrading Treatment or Punishment",Namibia has not ratified OP-CAT and has not established a national preventive mechanism.,A/HRC/WG.6/52/NAM/2 para. 2,"UN Compilation (A/HRC/WG.6/52/NAM/2), para. 2 — Committee against Torture; Human Rights Committee: ""Namibia should consider ratifying the Optional Protocol to the Convention against Torture and Other Cruel, Inhuman or Degrading Treatment or Punishment with the aim of establishing a national preventive mechanism"""
138.31,Chile,supported,Ratification of & accession to international instruments,Ratify OP-CAT and establish a national preventive mechanism,C,Not implemented / no relevant action taken,"Ratify the Optional Protocol to the Convention against Torture and Other Cruel, Inhuman or Degrading Treatment or Punishment",Namibia has not ratified OP-CAT and has not established a national preventive mechanism.,A/HRC/WG.6/52/NAM/2 para. 2,"UN Compilation (A/HRC/WG.6/52/NAM/2), para. 2 — Committee against Torture; Human Rights Committee: ""Namibia should consider ratifying the Optional Protocol to the Convention against Torture and Other Cruel, Inhuman or Degrading Treatment or Punishment with the aim of establishing a national preventive mechanism"""
138.32,Denmark,supported,Ratification of & accession to international instruments,Ratify OP-CAT and establish a national preventive mechanism,C,Not implemented / no relevant action taken,"Ratify the Optional Protocol to the Convention against Torture and Other Cruel, Inhuman or Degrading Treatment or Punishment",Namibia has not ratified OP-CAT and has not established a national preventive mechanism.,A/HRC/WG.6/52/NAM/2 para. 2,"UN Compilation (A/HRC/WG.6/52/NAM/2), para. 2 — Committee against Torture; Human Rights Committee: ""Namibia should consider ratifying the Optional Protocol to the Convention against Torture and Other Cruel, Inhuman or Degrading Treatment or Punishment with the aim of establishing a national preventive mechanism"""
138.33,Ghana,supported,Ratification of & accession to international instruments,Ratify OP-CAT and establish a national preventive mechanism,C,Not implemented / no relevant action taken,"Intensity efforts to adopt the Optional Protocol to the Convention against Torture and Other Cruel, Inhuman or Degrading Treatment or Punishment",Namibia has not ratified OP-CAT and has not established a national preventive mechanism.,A/HRC/WG.6/52/NAM/2 para. 2,"UN Compilation (A/HRC/WG.6/52/NAM/2), para. 2 — Committee against Torture; Human Rights Committee: ""Namibia should consider ratifying the Optional Protocol to the Convention against Torture and Other Cruel, Inhuman or Degrading Treatment or Punishment with the aim of establishing a national preventive mechanism"""
138.34,Switzerland,supported,Ratification of & accession to international instruments,Ratify OP-CAT and establish a national preventive mechanism,C,Not implemented / no relevant action taken,"Ratify the Optional Protocol to the Convention against Torture and Other Cruel, Inhuman or Degrading Treatment or Punishment and establish a national mechanism for the prevention of torture",Namibia has not ratified OP-CAT and has not established a national preventive mechanism.,A/HRC/WG.6/52/NAM/2 para. 2,"UN Compilation (A/HRC/WG.6/52/NAM/2), para. 2 — Committee against Torture; Human Rights Committee: ""Namibia should consider ratifying the Optional Protocol to the Convention against Torture and Other Cruel, Inhuman or Degrading Treatment or Punishment with the aim of establishing a national preventive mechanism"""
138.35,Liechtenstein,supported,Ratification of & accession to international instruments,Ratify OP-CAT and establish a national preventive mechanism,C,Not implemented / no relevant action taken,"Ratify the Optional Protocol to the Convention against Torture and Other Cruel, Inhuman or Degrading Treatment or Punishment",Namibia has not ratified OP-CAT and has not established a national preventive mechanism.,A/HRC/WG.6/52/NAM/2 para. 2,"UN Compilation (A/HRC/WG.6/52/NAM/2), para. 2 — Committee against Torture; Human Rights Committee: ""Namibia should consider ratifying the Optional Protocol to the Convention against Torture and Other Cruel, Inhuman or Degrading Treatment or Punishment with the aim of establishing a national preventive mechanism"""
138.36,Mauritania,supported,Ratification of & accession to international instruments,Ratify OP-CAT and establish a national preventive mechanism,C,Not implemented / no relevant action taken,"Consider ratifying the Optional Protocol to the Convention against Torture and Other Cruel, Inhuman or Degrading Treatment or Punishment",Namibia has not ratified OP-CAT and has not established a national preventive mechanism.,A/HRC/WG.6/52/NAM/2 para. 2,"UN Compilation (A/HRC/WG.6/52/NAM/2), para. 2 — Committee against Torture; Human Rights Committee: ""Namibia should consider ratifying the Optional Protocol to the Convention against Torture and Other Cruel, Inhuman or Degrading Treatment or Punishment with the aim of establishing a national preventive mechanism"""
138.37,Mauritius,supported,Ratification of & accession to international instruments,Ratify OP-CAT and establish a national preventive mechanism,C,Not implemented / no relevant action taken,"Ratify the Optional Protocol to the Convention against Torture and Other Cruel, Inhuman or Degrading Treatment or Punishment",Namibia has not ratified OP-CAT and has not established a national preventive mechanism.,A/HRC/WG.6/52/NAM/2 para. 2,"UN Compilation (A/HRC/WG.6/52/NAM/2), para. 2 — Committee against Torture; Human Rights Committee: ""Namibia should consider ratifying the Optional Protocol to the Convention against Torture and Other Cruel, Inhuman or Degrading Treatment or Punishment with the aim of establishing a national preventive mechanism"""
138.38,Mexico,supported,Ratification of & accession to international instruments,Ratify OP-CAT and establish a national preventive mechanism,C,Not implemented / no relevant action taken,"Accede to the Optional Protocol to the Convention against Torture and Other Cruel, Inhuman or Degrading Treatment or Punishment and criminalize this offence at the national level",Namibia has not ratified OP-CAT and has not established a national preventive mechanism.,A/HRC/WG.6/52/NAM/2 para. 2,"UN Compilation (A/HRC/WG.6/52/NAM/2), para. 2 — Committee against Torture; Human Rights Committee: ""Namibia should consider ratifying the Optional Protocol to the Convention against Torture and Other Cruel, Inhuman or Degrading Treatment or Punishment with the aim of establishing a national preventive mechanism"""
138.39,Mongolia,supported,Ratification of & accession to international instruments,Ratify OP-CAT and establish a national preventive mechanism,C,Not implemented / no relevant action taken,"Ratify the Optional Protocol to the Convention against Torture and Other Cruel, Inhuman or Degrading Treatment or Punishment",Namibia has not ratified OP-CAT and has not established a national preventive mechanism.,A/HRC/WG.6/52/NAM/2 para. 2,"UN Compilation (A/HRC/WG.6/52/NAM/2), para. 2 — Committee against Torture; Human Rights Committee: ""Namibia should consider ratifying the Optional Protocol to the Convention against Torture and Other Cruel, Inhuman or Degrading Treatment or Punishment with the aim of establishing a national preventive mechanism"""
138.40,Niger,noted,Ratification of & accession to international instruments,Ratify outstanding international instruments,B,"Partially implemented / steps taken, further action needed",Explore the possibility of ratifying the International Convention on the Protection of the Rights of All Migrant Workers and Members of Their Families,"Namibia ratified ILO Conventions No. 190 and No. 156 in August 2025, but has not ratified OP-CAT (with a national preventive mechanism), the Enforced Disappearance Convention, the 1954 and 1961 Statelessness Conventions or ILO Convention No. 129; consultations on the Statelessness Convention are reported.",A/HRC/WG.6/52/NAM/1 para. 16; A/HRC/WG.6/52/NAM/2 para. 2; A/HRC/WG.6/52/NAM/2 para. 3,"National Report (A/HRC/WG.6/52/NAM/1), para. 16 — Namibia: ""Namibia became a state party to the International Labour Organisation (ILO) Convention 190 on sexual harassment and ILO Convention 156 on workers with families and responsibilities ratified on the 14 August 2025""
UN Compilation (A/HRC/WG.6/52/NAM/2), para. 2 — Committee against Torture; Human Rights Committee: ""Namibia should consider ratifying the Optional Protocol to the Convention against Torture ... with the aim of establishing a national preventive mechanism""
UN Compilation (A/HRC/WG.6/52/NAM/2), para. 3 — Committee on the Rights of the Child; Committee on the Elimination of Discrimination against Women: ""recommended that Namibia ratify the Convention relating to the Status of Stateless Persons of 1954 and the Convention on the Reduction of Statelessness of 1961"""
138.41,Ukraine,supported,Cooperation & Follow up with Special Procedures,Extend a standing invitation to special procedures,C,Not implemented / no relevant action taken,Issue a standing invitation to the special procedure mechanisms of the Human Rights Council,"Namibia has still not issued a standing invitation to the special procedures, a recommendation it supported at the previous review; requests for visits by mandate holders are pending.",A/HRC/WG.6/52/NAM/2 para. 6; A/HRC/WG.6/52/NAM/3 para. 3,"UN Compilation (A/HRC/WG.6/52/NAM/2), para. 6 — United Nations country team: ""Namibia had not issued a standing invitation to the special procedures of the Human Rights Council and that requests for visits by mandate holders were pending""
Stakeholders' Summary (A/HRC/WG.6/52/NAM/3), para. 3 — Joint submission 2: ""at the previous review, Namibia had supported a recommendation to extend a standing invitation to the special procedures of the Human Rights Council, which had not been implemented"""
138.42,Timor-Leste,supported,"Economic, social & cultural rights - general measures of implementation","Give effect to economic, social and cultural rights",C,Not implemented / no relevant action taken,"Continue to promote the rights contained in the International Covenant on Economic, Social and Cultural Rights","JS7 reports that most economic, social and cultural rights are not guaranteed as enforceable rights in the Constitution and are treated as aspirational policy goals; Namibia has not acceded to the Optional Protocol to the ICESCR.",A/HRC/WG.6/52/NAM/3 para. 4,"Stakeholders' Summary (A/HRC/WG.6/52/NAM/3), para. 4 — Joint submission 7: ""the enforceability of most of the internationally recognised economic, social and cultural rights had not been guaranteed in the Constitution. As a result, those rights had been treated as aspirational policy goals"""
138.43,United Kingdom of Great Britain and Northern Ireland,noted,Cooperation & Follow up with Treaty Bodies,Cooperate with treaty bodies,A,Largely implemented / action largely satisfactory,"Adopt an open, merit-based process when selecting national candidates for United Nations treaty body elections",Namibia has no overdue reports and has submitted all reports to the UN treaty bodies; in 2024 it was reviewed by the Committee against Torture and the Human Rights Committee.,A/HRC/WG.6/52/NAM/1 para. 17,"National Report (A/HRC/WG.6/52/NAM/1), para. 17 — Namibia: ""Namibia has no overdue reports and has submitted all the reports to all UN treaty bodies. During 2024, Namibia was reviewed by the Committee against Torture and the Human Rights Committee"""
138.44,Azerbaijan,supported,Cooperation & Follow up with Treaty Bodies,Cooperate with treaty bodies,A,Largely implemented / action largely satisfactory,Continue its cooperation with the treaty bodies and special procedures of the United Nations,Namibia has no overdue reports and has submitted all reports to the UN treaty bodies; in 2024 it was reviewed by the Committee against Torture and the Human Rights Committee.,A/HRC/WG.6/52/NAM/1 para. 17,"National Report (A/HRC/WG.6/52/NAM/1), para. 17 — Namibia: ""Namibia has no overdue reports and has submitted all the reports to all UN treaty bodies. During 2024, Namibia was reviewed by the Committee against Torture and the Human Rights Committee"""
138.45,Niger,supported,Cooperation with human rights mechanisms & requests for technical assistance,Standing invitation to special procedures,C,Not implemented / no relevant action taken,Continue to cooperate with human rights mechanisms,"Namibia reports full cooperation with treaty bodies (no overdue reports) and accepted a Special Rapporteur visit request in 2024, but has not issued a standing invitation to special procedures and requests for visits by mandate holders are pending.",A/HRC/WG.6/52/NAM/2 para. 6; A/HRC/WG.6/52/NAM/1 para. 17,"UN Compilation (A/HRC/WG.6/52/NAM/2), para. 6 — United Nations country team: ""Namibia had not issued a standing invitation to the special procedures of the Human Rights Council and that requests for visits by mandate holders were pending""
National Report (A/HRC/WG.6/52/NAM/1), para. 17 — Namibia: ""In 2024, Namibia accepted a request from special rapporteur on freedom of expression and the Government is currently liaising with the special rapporteur for scheduled visit"""
138.46,Paraguay,supported,National Mechanisms for Reporting & Follow-up (NMRF),Miscellaneous,D,No information available on implementation,"Establish a permanent national mechanism for implementation, reporting and follow-up of human rights recommendations and consider the possibility of receiving cooperation for this purpose, in the framework of Sustainable Development Goals 16 and 17",No cluster rule matched and the evidence base contains no specific information on this recommendation.,,
138.47,Latvia,supported,Cooperation & Follow up with Special Procedures,Extend a standing invitation to special procedures,C,Not implemented / no relevant action taken,"Consider extending a standing invitation to all special procedure mandate holders of the Human Rights Council, as previously recommended","Namibia has still not issued a standing invitation to the special procedures, a recommendation it supported at the previous review; requests for visits by mandate holders are pending.",A/HRC/WG.6/52/NAM/2 para. 6; A/HRC/WG.6/52/NAM/3 para. 3,"UN Compilation (A/HRC/WG.6/52/NAM/2), para. 6 — United Nations country team: ""Namibia had not issued a standing invitation to the special procedures of the Human Rights Council and that requests for visits by mandate holders were pending""
Stakeholders' Summary (A/HRC/WG.6/52/NAM/3), para. 3 — Joint submission 2: ""at the previous review, Namibia had supported a recommendation to extend a standing invitation to the special procedures of the Human Rights Council, which had not been implemented"""
138.48,Lesotho,supported,Cooperation with human rights mechanisms & requests for technical assistance,Standing invitation to special procedures,C,Not implemented / no relevant action taken,Strengthen cooperation with international rights protection mechanisms such as the United Nations special procedure mandate holders,"Namibia reports full cooperation with treaty bodies (no overdue reports) and accepted a Special Rapporteur visit request in 2024, but has not issued a standing invitation to special procedures and requests for visits by mandate holders are pending.",A/HRC/WG.6/52/NAM/2 para. 6; A/HRC/WG.6/52/NAM/1 para. 17,"UN Compilation (A/HRC/WG.6/52/NAM/2), para. 6 — United Nations country team: ""Namibia had not issued a standing invitation to the special procedures of the Human Rights Council and that requests for visits by mandate holders were pending""
National Report (A/HRC/WG.6/52/NAM/1), para. 17 — Namibia: ""In 2024, Namibia accepted a request from special rapporteur on freedom of expression and the Government is currently liaising with the special rapporteur for scheduled visit"""
138.49,Paraguay,supported,Cooperation & Follow up with Special Procedures,Extend a standing invitation to special procedures,C,Not implemented / no relevant action taken,Extend an open and standing invitation to the special procedure mandate holders of the Human Rights Council,"Namibia has still not issued a standing invitation to the special procedures, a recommendation it supported at the previous review; requests for visits by mandate holders are pending.",A/HRC/WG.6/52/NAM/2 para. 6; A/HRC/WG.6/52/NAM/3 para. 3,"UN Compilation (A/HRC/WG.6/52/NAM/2), para. 6 — United Nations country team: ""Namibia had not issued a standing invitation to the special procedures of the Human Rights Council and that requests for visits by mandate holders were pending""
Stakeholders' Summary (A/HRC/WG.6/52/NAM/3), para. 3 — Joint submission 2: ""at the previous review, Namibia had supported a recommendation to extend a standing invitation to the special procedures of the Human Rights Council, which had not been implemented"""
138.50,Tunisia,supported,Cooperation with human rights mechanisms & requests for technical assistance,Standing invitation to special procedures,C,Not implemented / no relevant action taken,Continue the efforts made to further enhance cooperation and technical assistance programmes with the United Nations High Commissioner for Human Rights to address the challenges facing the protection and promotion of human rights,"Namibia reports full cooperation with treaty bodies (no overdue reports) and accepted a Special Rapporteur visit request in 2024, but has not issued a standing invitation to special procedures and requests for visits by mandate holders are pending.",A/HRC/WG.6/52/NAM/2 para. 6; A/HRC/WG.6/52/NAM/1 para. 17,"UN Compilation (A/HRC/WG.6/52/NAM/2), para. 6 — United Nations country team: ""Namibia had not issued a standing invitation to the special procedures of the Human Rights Council and that requests for visits by mandate holders were pending""
National Report (A/HRC/WG.6/52/NAM/1), para. 17 — Namibia: ""In 2024, Namibia accepted a request from special rapporteur on freedom of expression and the Government is currently liaising with the special rapporteur for scheduled visit"""
138.51,Democratic People’s Republic of Korea,supported,National Human Rights Action Plans (or specific areas) / implementation plans,Adopt a National Human Rights Action Plan,C,Not implemented / no relevant action taken,Continue its efforts to fulfil international obligations by further developing and implementing comprehensive national plans and programmes,"The National Human Rights Action Plan 2015-2019 lapsed; Cabinet issued a directive in 2024 to review it and develop a successor, which is not yet adopted.",A/HRC/WG.6/52/NAM/1 para. 9,"National Report (A/HRC/WG.6/52/NAM/1), para. 9 — Namibia: ""In 2024 Cabinet issued a directive that the Government should conduct a review of the National Human Rights Action Plan (NHRAP) 2015-2019 and develop a successor plan"""
138.52,Argentina,noted,Constitutional & legislative framework,"Legislative reforms (torture bill, marriage/family laws, data protection)",B,"Partially implemented / steps taken, further action needed","Include all the rights set forth in the International Covenant on Economic, Social and Cultural Rights among the fundamental rights and freedoms protected in the Constitution","Namibia passed the Marriage Act and Dissolution of Marriages Act (2024) and amended the High Court and Magistrates' Courts Acts, but the revised Torture Bill has been pending since 2019, the Ombudsman Bill (2024) was withdrawn, and the Data Protection and Cybercrime Bills remain in draft.",A/HRC/WG.6/52/NAM/2 para. 7; A/HRC/WG.6/52/NAM/1 para. 51; A/HRC/WG.6/52/NAM/1 para. 56,"UN Compilation (A/HRC/WG.6/52/NAM/2), para. 7 — Committee against Torture: ""the revised bill on preventing and combating torture had been awaiting parliamentary approval since 2019, and urged Namibia to adopt the bill as soon as possible and to ensure that its provisions defined torture as a specific offence""
National Report (A/HRC/WG.6/52/NAM/1), para. 51 — Namibia: ""The process to enact the Torture Bill is ongoing. The Torture Bill was withdrawn from the National Assembly to finalize outstanding issues relating to penalties for offences""
National Report (A/HRC/WG.6/52/NAM/1), para. 56 — Namibia: ""Namibia is yet to enact laws on Data Protection and or Cyber Crime. The Data Protection Bill and Cybercrime Bill are still at drafting and consultations ... stage"""
138.53,Italy,noted,Constitutional & legislative framework,"Legislative reforms (torture bill, marriage/family laws, data protection)",B,"Partially implemented / steps taken, further action needed","Modify the definition of the child in the Constitution as a person below the age of 18, continue its efforts to end child, early and forced marriage and accede to the Optional Protocol to the Convention on the Rights of the Child on a communications procedure","Namibia passed the Marriage Act and Dissolution of Marriages Act (2024) and amended the High Court and Magistrates' Courts Acts, but the revised Torture Bill has been pending since 2019, the Ombudsman Bill (2024) was withdrawn, and the Data Protection and Cybercrime Bills remain in draft.",A/HRC/WG.6/52/NAM/2 para. 7; A/HRC/WG.6/52/NAM/1 para. 51; A/HRC/WG.6/52/NAM/1 para. 56,"UN Compilation (A/HRC/WG.6/52/NAM/2), para. 7 — Committee against Torture: ""the revised bill on preventing and combating torture had been awaiting parliamentary approval since 2019, and urged Namibia to adopt the bill as soon as possible and to ensure that its provisions defined torture as a specific offence""
National Report (A/HRC/WG.6/52/NAM/1), para. 51 — Namibia: ""The process to enact the Torture Bill is ongoing. The Torture Bill was withdrawn from the National Assembly to finalize outstanding issues relating to penalties for offences""
National Report (A/HRC/WG.6/52/NAM/1), para. 56 — Namibia: ""Namibia is yet to enact laws on Data Protection and or Cyber Crime. The Data Protection Bill and Cybercrime Bill are still at drafting and consultations ... stage"""
138.54,Slovenia,supported,Constitutional & legislative framework,Prohibit corporal punishment in all settings,B,"Partially implemented / steps taken, further action needed","Enact legislation explicitly prohibiting all corporal punishment of children in all settings, including in the home, and repeal all legal defences for its use","Corporal punishment is prohibited in schools and institutional settings and past whipping and caning provisions were struck down by the Supreme Court; it is not yet explicitly outlawed in the home, addressed for now through a positive-parenting manual.",A/HRC/WG.6/52/NAM/1 para. 19,"National Report (A/HRC/WG.6/52/NAM/1), para. 19 — Namibia: ""The Child Care and Protection Act of 2015 ... prohibits corporal punishment in settings such as schools, foster care, shelters, prisons, and police cells ... However, it does not explicitly outlaw corporal punishment in the home"""
138.55,Togo,supported,Constitutional & legislative framework,"Legislative reforms (torture bill, marriage/family laws, data protection)",B,"Partially implemented / steps taken, further action needed","Adopt legislative measures in line with the provisions of the Convention on the Rights of Persons with Disabilities and intensify actions aimed at protecting the rights of persons with disabilities, particularly in the areas of access to education and to justice","Namibia passed the Marriage Act and Dissolution of Marriages Act (2024) and amended the High Court and Magistrates' Courts Acts, but the revised Torture Bill has been pending since 2019, the Ombudsman Bill (2024) was withdrawn, and the Data Protection and Cybercrime Bills remain in draft.",A/HRC/WG.6/52/NAM/2 para. 7; A/HRC/WG.6/52/NAM/1 para. 51; A/HRC/WG.6/52/NAM/1 para. 56,"UN Compilation (A/HRC/WG.6/52/NAM/2), para. 7 — Committee against Torture: ""the revised bill on preventing and combating torture had been awaiting parliamentary approval since 2019, and urged Namibia to adopt the bill as soon as possible and to ensure that its provisions defined torture as a specific offence""
National Report (A/HRC/WG.6/52/NAM/1), para. 51 — Namibia: ""The process to enact the Torture Bill is ongoing. The Torture Bill was withdrawn from the National Assembly to finalize outstanding issues relating to penalties for offences""
National Report (A/HRC/WG.6/52/NAM/1), para. 56 — Namibia: ""Namibia is yet to enact laws on Data Protection and or Cyber Crime. The Data Protection Bill and Cybercrime Bill are still at drafting and consultations ... stage"""
138.56,Uganda,supported,Constitutional & legislative framework,"Legislative reforms (torture bill, marriage/family laws, data protection)",B,"Partially implemented / steps taken, further action needed",Continue to work towards creating a specific law against torture and other cruel or inhuman treatment and punishment,"Namibia passed the Marriage Act and Dissolution of Marriages Act (2024) and amended the High Court and Magistrates' Courts Acts, but the revised Torture Bill has been pending since 2019, the Ombudsman Bill (2024) was withdrawn, and the Data Protection and Cybercrime Bills remain in draft.",A/HRC/WG.6/52/NAM/2 para. 7; A/HRC/WG.6/52/NAM/1 para. 51; A/HRC/WG.6/52/NAM/1 para. 56,"UN Compilation (A/HRC/WG.6/52/NAM/2), para. 7 — Committee against Torture: ""the revised bill on preventing and combating torture had been awaiting parliamentary approval since 2019, and urged Namibia to adopt the bill as soon as possible and to ensure that its provisions defined torture as a specific offence""
National Report (A/HRC/WG.6/52/NAM/1), para. 51 — Namibia: ""The process to enact the Torture Bill is ongoing. The Torture Bill was withdrawn from the National Assembly to finalize outstanding issues relating to penalties for offences""
National Report (A/HRC/WG.6/52/NAM/1), para. 56 — Namibia: ""Namibia is yet to enact laws on Data Protection and or Cyber Crime. The Data Protection Bill and Cybercrime Bill are still at drafting and consultations ... stage"""
138.57,Zambia,noted,Constitutional & legislative framework,"Legislative reforms (torture bill, marriage/family laws, data protection)",B,"Partially implemented / steps taken, further action needed",Adopt a law that clearly defines international crimes,"Namibia passed the Marriage Act and Dissolution of Marriages Act (2024) and amended the High Court and Magistrates' Courts Acts, but the revised Torture Bill has been pending since 2019, the Ombudsman Bill (2024) was withdrawn, and the Data Protection and Cybercrime Bills remain in draft.",A/HRC/WG.6/52/NAM/2 para. 7; A/HRC/WG.6/52/NAM/1 para. 51; A/HRC/WG.6/52/NAM/1 para. 56,"UN Compilation (A/HRC/WG.6/52/NAM/2), para. 7 — Committee against Torture: ""the revised bill on preventing and combating torture had been awaiting parliamentary approval since 2019, and urged Namibia to adopt the bill as soon as possible and to ensure that its provisions defined torture as a specific offence""
National Report (A/HRC/WG.6/52/NAM/1), para. 51 — Namibia: ""The process to enact the Torture Bill is ongoing. The Torture Bill was withdrawn from the National Assembly to finalize outstanding issues relating to penalties for offences""
National Report (A/HRC/WG.6/52/NAM/1), para. 56 — Namibia: ""Namibia is yet to enact laws on Data Protection and or Cyber Crime. The Data Protection Bill and Cybercrime Bill are still at drafting and consultations ... stage"""
138.58,Bahamas,supported,Constitutional & legislative framework,"Legislative reforms (torture bill, marriage/family laws, data protection)",B,"Partially implemented / steps taken, further action needed","Enact legislation specifically prohibiting discrimination based on age and disability status and legislation aimed at reducing de facto discrimination, in all forms","Namibia passed the Marriage Act and Dissolution of Marriages Act (2024) and amended the High Court and Magistrates' Courts Acts, but the revised Torture Bill has been pending since 2019, the Ombudsman Bill (2024) was withdrawn, and the Data Protection and Cybercrime Bills remain in draft.",A/HRC/WG.6/52/NAM/2 para. 7; A/HRC/WG.6/52/NAM/1 para. 51; A/HRC/WG.6/52/NAM/1 para. 56,"UN Compilation (A/HRC/WG.6/52/NAM/2), para. 7 — Committee against Torture: ""the revised bill on preventing and combating torture had been awaiting parliamentary approval since 2019, and urged Namibia to adopt the bill as soon as possible and to ensure that its provisions defined torture as a specific offence""
National Report (A/HRC/WG.6/52/NAM/1), para. 51 — Namibia: ""The process to enact the Torture Bill is ongoing. The Torture Bill was withdrawn from the National Assembly to finalize outstanding issues relating to penalties for offences""
National Report (A/HRC/WG.6/52/NAM/1), para. 56 — Namibia: ""Namibia is yet to enact laws on Data Protection and or Cyber Crime. The Data Protection Bill and Cybercrime Bill are still at drafting and consultations ... stage"""
138.59,Bahamas,supported,Constitutional & legislative framework,"Legislative reforms (torture bill, marriage/family laws, data protection)",B,"Partially implemented / steps taken, further action needed","Enact legislation to improve women ’ s and girls ’ rights by protecting them from gender-based violence, increasing their access to health care and increasing their representation in government and political life","Namibia passed the Marriage Act and Dissolution of Marriages Act (2024) and amended the High Court and Magistrates' Courts Acts, but the revised Torture Bill has been pending since 2019, the Ombudsman Bill (2024) was withdrawn, and the Data Protection and Cybercrime Bills remain in draft.",A/HRC/WG.6/52/NAM/2 para. 7; A/HRC/WG.6/52/NAM/1 para. 51; A/HRC/WG.6/52/NAM/1 para. 56,"UN Compilation (A/HRC/WG.6/52/NAM/2), para. 7 — Committee against Torture: ""the revised bill on preventing and combating torture had been awaiting parliamentary approval since 2019, and urged Namibia to adopt the bill as soon as possible and to ensure that its provisions defined torture as a specific offence""
National Report (A/HRC/WG.6/52/NAM/1), para. 51 — Namibia: ""The process to enact the Torture Bill is ongoing. The Torture Bill was withdrawn from the National Assembly to finalize outstanding issues relating to penalties for offences""
National Report (A/HRC/WG.6/52/NAM/1), para. 56 — Namibia: ""Namibia is yet to enact laws on Data Protection and or Cyber Crime. The Data Protection Bill and Cybercrime Bill are still at drafting and consultations ... stage"""
138.60,Barbados,supported,Legal & institutional reform,"Institutional reform (Ombudsman, anti-corruption, oversight)",B,"Partially implemented / steps taken, further action needed","Build on the legislative interventions made to enhance the enjoyment of human rights for vulnerable populations, including women, girls and persons living with disabilities","The Ombudsman retains A-status but the Ombudsman Bill (2024) to secure its independence and funding was withdrawn following parliamentary objections, and stakeholders report the Anti-Corruption Commission remains under-resourced and Ombudsman recommendations are frequently ignored.",A/HRC/WG.6/52/NAM/1 para. 31; A/HRC/WG.6/52/NAM/3 para. 11,"National Report (A/HRC/WG.6/52/NAM/1), para. 31 — Namibia: ""the Ombudsman Bill 2024 was drafted and tabled during 2025. However, it was withdrawn for further consultations""
Stakeholders' Summary (A/HRC/WG.6/52/NAM/3), para. 11 — Joint submission 7: ""the effectiveness of the Office of the Ombudsman had remained constrained due to persistent financial and staffing shortages"""
138.61,Costa Rica,supported,Constitutional & legislative framework,"Legislative reforms (torture bill, marriage/family laws, data protection)",B,"Partially implemented / steps taken, further action needed","Guarantee approval of the bill on torture and other cruel, inhuman or degrading treatment. Likewise, the creation of national mechanisms that reinforce prevention","Namibia passed the Marriage Act and Dissolution of Marriages Act (2024) and amended the High Court and Magistrates' Courts Acts, but the revised Torture Bill has been pending since 2019, the Ombudsman Bill (2024) was withdrawn, and the Data Protection and Cybercrime Bills remain in draft.",A/HRC/WG.6/52/NAM/2 para. 7; A/HRC/WG.6/52/NAM/1 para. 51; A/HRC/WG.6/52/NAM/1 para. 56,"UN Compilation (A/HRC/WG.6/52/NAM/2), para. 7 — Committee against Torture: ""the revised bill on preventing and combating torture had been awaiting parliamentary approval since 2019, and urged Namibia to adopt the bill as soon as possible and to ensure that its provisions defined torture as a specific offence""
National Report (A/HRC/WG.6/52/NAM/1), para. 51 — Namibia: ""The process to enact the Torture Bill is ongoing. The Torture Bill was withdrawn from the National Assembly to finalize outstanding issues relating to penalties for offences""
National Report (A/HRC/WG.6/52/NAM/1), para. 56 — Namibia: ""Namibia is yet to enact laws on Data Protection and or Cyber Crime. The Data Protection Bill and Cybercrime Bill are still at drafting and consultations ... stage"""
138.62,Democratic Republic of the Congo,supported,Constitutional & legislative framework,"Legislative reforms (torture bill, marriage/family laws, data protection)",B,"Partially implemented / steps taken, further action needed","Finalize the adoption of the law on the prohibition of torture and other cruel, inhuman or degrading treatment","Namibia passed the Marriage Act and Dissolution of Marriages Act (2024) and amended the High Court and Magistrates' Courts Acts, but the revised Torture Bill has been pending since 2019, the Ombudsman Bill (2024) was withdrawn, and the Data Protection and Cybercrime Bills remain in draft.",A/HRC/WG.6/52/NAM/2 para. 7; A/HRC/WG.6/52/NAM/1 para. 51; A/HRC/WG.6/52/NAM/1 para. 56,"UN Compilation (A/HRC/WG.6/52/NAM/2), para. 7 — Committee against Torture: ""the revised bill on preventing and combating torture had been awaiting parliamentary approval since 2019, and urged Namibia to adopt the bill as soon as possible and to ensure that its provisions defined torture as a specific offence""
National Report (A/HRC/WG.6/52/NAM/1), para. 51 — Namibia: ""The process to enact the Torture Bill is ongoing. The Torture Bill was withdrawn from the National Assembly to finalize outstanding issues relating to penalties for offences""
National Report (A/HRC/WG.6/52/NAM/1), para. 56 — Namibia: ""Namibia is yet to enact laws on Data Protection and or Cyber Crime. The Data Protection Bill and Cybercrime Bill are still at drafting and consultations ... stage"""
138.63,Democratic Republic of the Congo,supported,Legal & institutional reform,"Institutional reform (Ombudsman, anti-corruption, oversight)",B,"Partially implemented / steps taken, further action needed",Finalize the entry into force of the law on water resources management,"The Ombudsman retains A-status but the Ombudsman Bill (2024) to secure its independence and funding was withdrawn following parliamentary objections, and stakeholders report the Anti-Corruption Commission remains under-resourced and Ombudsman recommendations are frequently ignored.",A/HRC/WG.6/52/NAM/1 para. 31; A/HRC/WG.6/52/NAM/3 para. 11,"National Report (A/HRC/WG.6/52/NAM/1), para. 31 — Namibia: ""the Ombudsman Bill 2024 was drafted and tabled during 2025. However, it was withdrawn for further consultations""
Stakeholders' Summary (A/HRC/WG.6/52/NAM/3), para. 11 — Joint submission 7: ""the effectiveness of the Office of the Ombudsman had remained constrained due to persistent financial and staffing shortages"""
138.64,Ecuador,supported,Constitutional & legislative framework,End child marriage,B,"Partially implemented / steps taken, further action needed","Adopt legal measures to criminalize any practice that promotes child marriage or sexual initiation rites and, on the other hand, to register customary marriages in order to protect inheritance and property rights of women and children","The Marriage Act (2024) and Child Care and Protection Act set the minimum marriage age at 18 and an Ending Child Marriage Strategy is being developed, but CAT and others report child marriage persists under customary law.",A/HRC/WG.6/52/NAM/1 para. 120; A/HRC/WG.6/52/NAM/2 para. 66,"National Report (A/HRC/WG.6/52/NAM/1), para. 120 — Namibia: ""the Marriage Act 2024 which prohibits practices of marrying of children ... Development of Ending Child Marriage strategy is underway""
UN Compilation (A/HRC/WG.6/52/NAM/2), para. 66 — Committee against Torture: ""the harmful traditional practice of child marriage under customary law persisted in some communities"""
138.65,Ecuador,supported,Constitutional & legislative framework,"Legislative reforms (torture bill, marriage/family laws, data protection)",B,"Partially implemented / steps taken, further action needed",Conclude the domestic legal procedure to enact the divorce law and reform the law that regulates marriage and the law against domestic violence,"Namibia passed the Marriage Act and Dissolution of Marriages Act (2024) and amended the High Court and Magistrates' Courts Acts, but the revised Torture Bill has been pending since 2019, the Ombudsman Bill (2024) was withdrawn, and the Data Protection and Cybercrime Bills remain in draft.",A/HRC/WG.6/52/NAM/2 para. 7; A/HRC/WG.6/52/NAM/1 para. 51; A/HRC/WG.6/52/NAM/1 para. 56,"UN Compilation (A/HRC/WG.6/52/NAM/2), para. 7 — Committee against Torture: ""the revised bill on preventing and combating torture had been awaiting parliamentary approval since 2019, and urged Namibia to adopt the bill as soon as possible and to ensure that its provisions defined torture as a specific offence""
National Report (A/HRC/WG.6/52/NAM/1), para. 51 — Namibia: ""The process to enact the Torture Bill is ongoing. The Torture Bill was withdrawn from the National Assembly to finalize outstanding issues relating to penalties for offences""
National Report (A/HRC/WG.6/52/NAM/1), para. 56 — Namibia: ""Namibia is yet to enact laws on Data Protection and or Cyber Crime. The Data Protection Bill and Cybercrime Bill are still at drafting and consultations ... stage"""
138.66,Malawi,noted,Constitutional & legislative framework,"Legislative reforms (torture bill, marriage/family laws, data protection)",B,"Partially implemented / steps taken, further action needed",Take necessary measures to protect the rights of refugees and migrant workers by adopting specific legislation to provide for their proper management and ratify the International Convention on the Protection of the Rights of All Migrant Workers and Members of Their Families,"Namibia passed the Marriage Act and Dissolution of Marriages Act (2024) and amended the High Court and Magistrates' Courts Acts, but the revised Torture Bill has been pending since 2019, the Ombudsman Bill (2024) was withdrawn, and the Data Protection and Cybercrime Bills remain in draft.",A/HRC/WG.6/52/NAM/2 para. 7; A/HRC/WG.6/52/NAM/1 para. 51; A/HRC/WG.6/52/NAM/1 para. 56,"UN Compilation (A/HRC/WG.6/52/NAM/2), para. 7 — Committee against Torture: ""the revised bill on preventing and combating torture had been awaiting parliamentary approval since 2019, and urged Namibia to adopt the bill as soon as possible and to ensure that its provisions defined torture as a specific offence""
National Report (A/HRC/WG.6/52/NAM/1), para. 51 — Namibia: ""The process to enact the Torture Bill is ongoing. The Torture Bill was withdrawn from the National Assembly to finalize outstanding issues relating to penalties for offences""
National Report (A/HRC/WG.6/52/NAM/1), para. 56 — Namibia: ""Namibia is yet to enact laws on Data Protection and or Cyber Crime. The Data Protection Bill and Cybercrime Bill are still at drafting and consultations ... stage"""
138.67,Maldives,supported,Constitutional & legislative framework,"Legislative reforms (torture bill, marriage/family laws, data protection)",B,"Partially implemented / steps taken, further action needed",Enact the prevention and combating of torture bill and provide necessary technical and financial support to all concerned authorities for its implementation,"Namibia passed the Marriage Act and Dissolution of Marriages Act (2024) and amended the High Court and Magistrates' Courts Acts, but the revised Torture Bill has been pending since 2019, the Ombudsman Bill (2024) was withdrawn, and the Data Protection and Cybercrime Bills remain in draft.",A/HRC/WG.6/52/NAM/2 para. 7; A/HRC/WG.6/52/NAM/1 para. 51; A/HRC/WG.6/52/NAM/1 para. 56,"UN Compilation (A/HRC/WG.6/52/NAM/2), para. 7 — Committee against Torture: ""the revised bill on preventing and combating torture had been awaiting parliamentary approval since 2019, and urged Namibia to adopt the bill as soon as possible and to ensure that its provisions defined torture as a specific offence""
National Report (A/HRC/WG.6/52/NAM/1), para. 51 — Namibia: ""The process to enact the Torture Bill is ongoing. The Torture Bill was withdrawn from the National Assembly to finalize outstanding issues relating to penalties for offences""
National Report (A/HRC/WG.6/52/NAM/1), para. 56 — Namibia: ""Namibia is yet to enact laws on Data Protection and or Cyber Crime. The Data Protection Bill and Cybercrime Bill are still at drafting and consultations ... stage"""
138.68,Pakistan,supported,Constitutional & legislative framework,"Legislative reforms (torture bill, marriage/family laws, data protection)",B,"Partially implemented / steps taken, further action needed","Expedite the adoption of the bill on preventing and combating torture and make national laws compatible with the Convention against Torture and Other Cruel, Inhuman or Degrading Treatment or Punishment","Namibia passed the Marriage Act and Dissolution of Marriages Act (2024) and amended the High Court and Magistrates' Courts Acts, but the revised Torture Bill has been pending since 2019, the Ombudsman Bill (2024) was withdrawn, and the Data Protection and Cybercrime Bills remain in draft.",A/HRC/WG.6/52/NAM/2 para. 7; A/HRC/WG.6/52/NAM/1 para. 51; A/HRC/WG.6/52/NAM/1 para. 56,"UN Compilation (A/HRC/WG.6/52/NAM/2), para. 7 — Committee against Torture: ""the revised bill on preventing and combating torture had been awaiting parliamentary approval since 2019, and urged Namibia to adopt the bill as soon as possible and to ensure that its provisions defined torture as a specific offence""
National Report (A/HRC/WG.6/52/NAM/1), para. 51 — Namibia: ""The process to enact the Torture Bill is ongoing. The Torture Bill was withdrawn from the National Assembly to finalize outstanding issues relating to penalties for offences""
National Report (A/HRC/WG.6/52/NAM/1), para. 56 — Namibia: ""Namibia is yet to enact laws on Data Protection and or Cyber Crime. The Data Protection Bill and Cybercrime Bill are still at drafting and consultations ... stage"""
138.69,France,supported,National Human Rights Institution (NHRI),Strengthen the Ombudsman (national human rights institution),B,"Partially implemented / steps taken, further action needed",Strengthen the mandate of the Ombudsman so that he operates in accordance with the Paris Principles,"The Office of the Ombudsman is accredited A-status and has been decentralised to six regional offices with a rising budget, but the Ombudsman Bill (2024) to fully align it with the Paris Principles and secure its independence was withdrawn after parliamentary objections.",A/HRC/WG.6/52/NAM/1 para. 31; A/HRC/WG.6/52/NAM/3 para. 7,"National Report (A/HRC/WG.6/52/NAM/1), para. 31 — Namibia: ""The Ombudsman was accredited as an A status institution in 2019 ... the Ombudsman Bill 2024 was drafted and tabled during 2025. However, it was withdrawn for further consultations""
Stakeholders' Summary (A/HRC/WG.6/52/NAM/3), para. 7 — Joint submission 7: ""The Ombudsman Bill (2024) ... had been withdrawn for further consultations following parliamentary objections"""
138.70,Timor-Leste,supported,Right to food,Right to food and nutrition security,B,"Partially implemented / steps taken, further action needed",Continue developing agriculture and vocational training programmes in rural areas,"Namibia revised its National Food and Nutrition Security Policy (2021) and runs food-bank and school-feeding programmes and drought relief, but the UN country team and CRC record continuing child malnutrition and stunting and high food insecurity.",A/HRC/WG.6/52/NAM/1 para. 100; A/HRC/WG.6/52/NAM/2 para. 45,"National Report (A/HRC/WG.6/52/NAM/1), para. 100 — Namibia: ""Namibia has a National Food and Nutrition Security policy which was revised during 2021, its implementation plan and, Food and Nutrition Security Coordination structures""
UN Compilation (A/HRC/WG.6/52/NAM/2), para. 45 — Committee on the Rights of the Child: ""strengthen efforts to reduce infant mortality rates and to eliminate malnutrition, stunting and micronutrient deficiency among children"""
138.71,Uruguay,supported,"Human rights education, trainings & awareness raising",Human rights training for officials,C,Not implemented / no relevant action taken,"Carry out awareness campaigns for the public, health personnel and educators on the right to health, sexual and reproductive rights and gender-based violence, and ensure that adolescents and young people have access to information and comprehensive education on the subject","The Namibian Police conducts ongoing human-rights and torture-prevention training and the Ombudsman developed a torture-prevention training manual; JS2 reports there is still no consistent, comprehensive human-rights curriculum for all public officials.",A/HRC/WG.6/52/NAM/1 para. 50; A/HRC/WG.6/52/NAM/3 para. 14,"National Report (A/HRC/WG.6/52/NAM/1), para. 50 — Namibia: ""The Namibian Police Force has ongoing workshops to train police officers on human rights in accordance with the Namibian Police Human Rights Training Manual""
Stakeholders' Summary (A/HRC/WG.6/52/NAM/3), para. 14 — Joint submission 2: ""there was a lack of a consistent and comprehensive curriculum to ensure that all public officials, particularly those in law enforcement, received adequate human rights training"""
138.72,Somalia,supported,"Human rights education, trainings & awareness raising",Human rights training for officials,C,Not implemented / no relevant action taken,Continue to uphold the capacities of government officials and citizens on the principles of human rights values through education and training programmes,"The Namibian Police conducts ongoing human-rights and torture-prevention training and the Ombudsman developed a torture-prevention training manual; JS2 reports there is still no consistent, comprehensive human-rights curriculum for all public officials.",A/HRC/WG.6/52/NAM/1 para. 50; A/HRC/WG.6/52/NAM/3 para. 14,"National Report (A/HRC/WG.6/52/NAM/1), para. 50 — Namibia: ""The Namibian Police Force has ongoing workshops to train police officers on human rights in accordance with the Namibian Police Human Rights Training Manual""
Stakeholders' Summary (A/HRC/WG.6/52/NAM/3), para. 14 — Joint submission 2: ""there was a lack of a consistent and comprehensive curriculum to ensure that all public officials, particularly those in law enforcement, received adequate human rights training"""
138.73,Zimbabwe,supported,"Human rights education, trainings & awareness raising",Human rights training for officials,C,Not implemented / no relevant action taken,Consider extending the human rights education and training programme to include more categories of public service officials,"The Namibian Police conducts ongoing human-rights and torture-prevention training and the Ombudsman developed a torture-prevention training manual; JS2 reports there is still no consistent, comprehensive human-rights curriculum for all public officials.",A/HRC/WG.6/52/NAM/1 para. 50; A/HRC/WG.6/52/NAM/3 para. 14,"National Report (A/HRC/WG.6/52/NAM/1), para. 50 — Namibia: ""The Namibian Police Force has ongoing workshops to train police officers on human rights in accordance with the Namibian Police Human Rights Training Manual""
Stakeholders' Summary (A/HRC/WG.6/52/NAM/3), para. 14 — Joint submission 2: ""there was a lack of a consistent and comprehensive curriculum to ensure that all public officials, particularly those in law enforcement, received adequate human rights training"""
138.74,Angola,supported,"Human rights education, trainings & awareness raising",Human rights training for officials,C,Not implemented / no relevant action taken,Strengthen education and training on HIV programmes in order to reduce discrimination against affected people,"The Namibian Police conducts ongoing human-rights and torture-prevention training and the Ombudsman developed a torture-prevention training manual; JS2 reports there is still no consistent, comprehensive human-rights curriculum for all public officials.",A/HRC/WG.6/52/NAM/1 para. 50; A/HRC/WG.6/52/NAM/3 para. 14,"National Report (A/HRC/WG.6/52/NAM/1), para. 50 — Namibia: ""The Namibian Police Force has ongoing workshops to train police officers on human rights in accordance with the Namibian Police Human Rights Training Manual""
Stakeholders' Summary (A/HRC/WG.6/52/NAM/3), para. 14 — Joint submission 2: ""there was a lack of a consistent and comprehensive curriculum to ensure that all public officials, particularly those in law enforcement, received adequate human rights training"""
138.75,Botswana,supported,"Human rights education, trainings & awareness raising",Human rights training for officials,C,Not implemented / no relevant action taken,"Strengthen efforts by providing specialized training to law enforcement and follow up on measures to ensure the investigation and prosecution of perpetrators of gender-based violence, as well as the provision of shelter and protection for victims","The Namibian Police conducts ongoing human-rights and torture-prevention training and the Ombudsman developed a torture-prevention training manual; JS2 reports there is still no consistent, comprehensive human-rights curriculum for all public officials.",A/HRC/WG.6/52/NAM/1 para. 50; A/HRC/WG.6/52/NAM/3 para. 14,"National Report (A/HRC/WG.6/52/NAM/1), para. 50 — Namibia: ""The Namibian Police Force has ongoing workshops to train police officers on human rights in accordance with the Namibian Police Human Rights Training Manual""
Stakeholders' Summary (A/HRC/WG.6/52/NAM/3), para. 14 — Joint submission 2: ""there was a lack of a consistent and comprehensive curriculum to ensure that all public officials, particularly those in law enforcement, received adequate human rights training"""
138.76,Greece,supported,"Human rights education, trainings & awareness raising",Human rights training for officials,C,Not implemented / no relevant action taken,"Strengthen its efforts to raise awareness about violence against women and children, including by providing specialized training to police and law enforcement forces","The Namibian Police conducts ongoing human-rights and torture-prevention training and the Ombudsman developed a torture-prevention training manual; JS2 reports there is still no consistent, comprehensive human-rights curriculum for all public officials.",A/HRC/WG.6/52/NAM/1 para. 50; A/HRC/WG.6/52/NAM/3 para. 14,"National Report (A/HRC/WG.6/52/NAM/1), para. 50 — Namibia: ""The Namibian Police Force has ongoing workshops to train police officers on human rights in accordance with the Namibian Police Human Rights Training Manual""
Stakeholders' Summary (A/HRC/WG.6/52/NAM/3), para. 14 — Joint submission 2: ""there was a lack of a consistent and comprehensive curriculum to ensure that all public officials, particularly those in law enforcement, received adequate human rights training"""
138.77,Indonesia,supported,"Human rights education, trainings & awareness raising",Human rights training for officials,C,Not implemented / no relevant action taken,Continue advancing human rights-based training programmes for public service and law enforcement officials and the development of community policing initiatives with a view to eradicating the practice of torture and other forms of ill-treatment,"The Namibian Police conducts ongoing human-rights and torture-prevention training and the Ombudsman developed a torture-prevention training manual; JS2 reports there is still no consistent, comprehensive human-rights curriculum for all public officials.",A/HRC/WG.6/52/NAM/1 para. 50; A/HRC/WG.6/52/NAM/3 para. 14,"National Report (A/HRC/WG.6/52/NAM/1), para. 50 — Namibia: ""The Namibian Police Force has ongoing workshops to train police officers on human rights in accordance with the Namibian Police Human Rights Training Manual""
Stakeholders' Summary (A/HRC/WG.6/52/NAM/3), para. 14 — Joint submission 2: ""there was a lack of a consistent and comprehensive curriculum to ensure that all public officials, particularly those in law enforcement, received adequate human rights training"""
138.78,Uruguay,noted,Equality & non-discrimination,Protect LGBTI persons from discrimination and violence,C,Not implemented / no relevant action taken,"Accelerate efforts to review its legislation to ensure that it does not discriminate on the basis of sexual orientation and gender identity, including through the prompt decriminalization of consensual sexual relations between adults of the same sex","The Constitution and key statutes still do not protect against discrimination on grounds of sexual orientation or gender identity, stakeholders report escalating hate crimes and violence against LGBTQI+ people, and the draft Hate Speech Bill omits these grounds.",A/HRC/WG.6/52/NAM/2 para. 77; A/HRC/WG.6/52/NAM/3 para. 19,"UN Compilation (A/HRC/WG.6/52/NAM/2), para. 77 — Human Rights Committee: ""Namibia should amend the Labour Act, the Combating of Domestic Violence Act and the Combating of Rape Act (Act No. 8 of 2000) to extend the protection provided under those Acts to lesbian, gay, bisexual and transgender persons""
Stakeholders' Summary (A/HRC/WG.6/52/NAM/3), para. 19 — Joint submission 3: ""the period under review had witnessed a concerning escalation in violence directed at LGBTQI+ individuals, with reports indicating a substantial increase in hate crimes and homicides"""
138.79,Argentina,supported,Equality & non-discrimination,Protect LGBTI persons from discrimination and violence,C,Not implemented / no relevant action taken,"Adopt the necessary measures to accelerate the current review of laws and policies in order to rectify provisions that discriminate against lesbian, gay, bisexual, transgender and intersex persons and older persons, including those with disabilities","The Constitution and key statutes still do not protect against discrimination on grounds of sexual orientation or gender identity, stakeholders report escalating hate crimes and violence against LGBTQI+ people, and the draft Hate Speech Bill omits these grounds.",A/HRC/WG.6/52/NAM/2 para. 77; A/HRC/WG.6/52/NAM/3 para. 19,"UN Compilation (A/HRC/WG.6/52/NAM/2), para. 77 — Human Rights Committee: ""Namibia should amend the Labour Act, the Combating of Domestic Violence Act and the Combating of Rape Act (Act No. 8 of 2000) to extend the protection provided under those Acts to lesbian, gay, bisexual and transgender persons""
Stakeholders' Summary (A/HRC/WG.6/52/NAM/3), para. 19 — Joint submission 3: ""the period under review had witnessed a concerning escalation in violence directed at LGBTQI+ individuals, with reports indicating a substantial increase in hate crimes and homicides"""
138.80,21 of 1980; Denmark,noted,Equality & non-discrimination,Protect LGBTI persons from discrimination and violence,C,Not implemented / no relevant action taken,"Repeal all laws that discriminate on the basis of sexual orientation and gender identity, including the Criminal Procedure Act (51 of 1977), the Labour Act (11 of 2007) and the Combating of Immoral Practices Act","The Constitution and key statutes still do not protect against discrimination on grounds of sexual orientation or gender identity, stakeholders report escalating hate crimes and violence against LGBTQI+ people, and the draft Hate Speech Bill omits these grounds.",A/HRC/WG.6/52/NAM/2 para. 77; A/HRC/WG.6/52/NAM/3 para. 19,"UN Compilation (A/HRC/WG.6/52/NAM/2), para. 77 — Human Rights Committee: ""Namibia should amend the Labour Act, the Combating of Domestic Violence Act and the Combating of Rape Act (Act No. 8 of 2000) to extend the protection provided under those Acts to lesbian, gay, bisexual and transgender persons""
Stakeholders' Summary (A/HRC/WG.6/52/NAM/3), para. 19 — Joint submission 3: ""the period under review had witnessed a concerning escalation in violence directed at LGBTQI+ individuals, with reports indicating a substantial increase in hate crimes and homicides"""
138.81,Kenya,supported,Equality & non-discrimination,Comprehensive anti-discrimination legislation,C,Not implemented / no relevant action taken,"Intensify the implementation of the relevant legal framework to fully eliminate discrimination against minorities, women, persons with disabilities and other vulnerable groups","Namibia enforces the Racial Discrimination Prohibition Act (1991) and has closed most of its gender gap, but has no comprehensive anti-discrimination law - a 2021 Ombudsman bill on discrimination, discriminatory harassment and hate speech is unenacted, the Constitution does not protect against discrimination on grounds of sexual orientation or gender identity, and vast racial economic inequalities persist.",A/HRC/WG.6/52/NAM/2 para. 16; A/HRC/WG.6/52/NAM/3 para. 8; A/HRC/WG.6/52/NAM/2 para. 15,"UN Compilation (A/HRC/WG.6/52/NAM/2), para. 16 — Human Rights Committee: ""the prevalence of discrimination and stated that Namibia should ... take measures to eliminate all forms of discrimination""
Stakeholders' Summary (A/HRC/WG.6/52/NAM/3), para. 8 — Joint submission 2: ""in 2021, the Office of the Ombudsman submitted a bill on combating discrimination, discriminatory harassment and hate speech to the government which had yet to be enacted""
UN Compilation (A/HRC/WG.6/52/NAM/2), para. 15 — Special procedure mandate holders: ""There were currently vast inequalities between white and black Namibians, with white Namibians still controlling a large share of the economy"""
138.82,Mongolia,supported,Legal & institutional reform,"Institutional reform (Ombudsman, anti-corruption, oversight)",B,"Partially implemented / steps taken, further action needed","Develop a comprehensive national strategy to reduce gender inequality and enhance its efforts to eliminate all forms of violence against women, persons with disabilities and other vulnerable groups","The Ombudsman retains A-status but the Ombudsman Bill (2024) to secure its independence and funding was withdrawn following parliamentary objections, and stakeholders report the Anti-Corruption Commission remains under-resourced and Ombudsman recommendations are frequently ignored.",A/HRC/WG.6/52/NAM/1 para. 31; A/HRC/WG.6/52/NAM/3 para. 11,"National Report (A/HRC/WG.6/52/NAM/1), para. 31 — Namibia: ""the Ombudsman Bill 2024 was drafted and tabled during 2025. However, it was withdrawn for further consultations""
Stakeholders' Summary (A/HRC/WG.6/52/NAM/3), para. 11 — Joint submission 7: ""the effectiveness of the Office of the Ombudsman had remained constrained due to persistent financial and staffing shortages"""
138.83,Mozambique,supported,Legal & institutional reform,"Institutional reform (Ombudsman, anti-corruption, oversight)",B,"Partially implemented / steps taken, further action needed",Approve and implement a new national gender policy to ensure action towards the integration and mainstreaming of gender in the broader development framework,"The Ombudsman retains A-status but the Ombudsman Bill (2024) to secure its independence and funding was withdrawn following parliamentary objections, and stakeholders report the Anti-Corruption Commission remains under-resourced and Ombudsman recommendations are frequently ignored.",A/HRC/WG.6/52/NAM/1 para. 31; A/HRC/WG.6/52/NAM/3 para. 11,"National Report (A/HRC/WG.6/52/NAM/1), para. 31 — Namibia: ""the Ombudsman Bill 2024 was drafted and tabled during 2025. However, it was withdrawn for further consultations""
Stakeholders' Summary (A/HRC/WG.6/52/NAM/3), para. 11 — Joint submission 7: ""the effectiveness of the Office of the Ombudsman had remained constrained due to persistent financial and staffing shortages"""
138.84,Cameroon,supported,Equality & non-discrimination,Comprehensive anti-discrimination legislation,C,Not implemented / no relevant action taken,"Accelerate the promotion of non-discrimination against minorities, women, people with disabilities and other vulnerable groups","Namibia enforces the Racial Discrimination Prohibition Act (1991) and has closed most of its gender gap, but has no comprehensive anti-discrimination law - a 2021 Ombudsman bill on discrimination, discriminatory harassment and hate speech is unenacted, the Constitution does not protect against discrimination on grounds of sexual orientation or gender identity, and vast racial economic inequalities persist.",A/HRC/WG.6/52/NAM/2 para. 16; A/HRC/WG.6/52/NAM/3 para. 8; A/HRC/WG.6/52/NAM/2 para. 15,"UN Compilation (A/HRC/WG.6/52/NAM/2), para. 16 — Human Rights Committee: ""the prevalence of discrimination and stated that Namibia should ... take measures to eliminate all forms of discrimination""
Stakeholders' Summary (A/HRC/WG.6/52/NAM/3), para. 8 — Joint submission 2: ""in 2021, the Office of the Ombudsman submitted a bill on combating discrimination, discriminatory harassment and hate speech to the government which had yet to be enacted""
UN Compilation (A/HRC/WG.6/52/NAM/2), para. 15 — Special procedure mandate holders: ""There were currently vast inequalities between white and black Namibians, with white Namibians still controlling a large share of the economy"""
138.85,China,supported,Equality & non-discrimination,Comprehensive anti-discrimination legislation,C,Not implemented / no relevant action taken,Continue to promote gender equality and better protect the rights of women and children,"Namibia enforces the Racial Discrimination Prohibition Act (1991) and has closed most of its gender gap, but has no comprehensive anti-discrimination law - a 2021 Ombudsman bill on discrimination, discriminatory harassment and hate speech is unenacted, the Constitution does not protect against discrimination on grounds of sexual orientation or gender identity, and vast racial economic inequalities persist.",A/HRC/WG.6/52/NAM/2 para. 16; A/HRC/WG.6/52/NAM/3 para. 8; A/HRC/WG.6/52/NAM/2 para. 15,"UN Compilation (A/HRC/WG.6/52/NAM/2), para. 16 — Human Rights Committee: ""the prevalence of discrimination and stated that Namibia should ... take measures to eliminate all forms of discrimination""
Stakeholders' Summary (A/HRC/WG.6/52/NAM/3), para. 8 — Joint submission 2: ""in 2021, the Office of the Ombudsman submitted a bill on combating discrimination, discriminatory harassment and hate speech to the government which had yet to be enacted""
UN Compilation (A/HRC/WG.6/52/NAM/2), para. 15 — Special procedure mandate holders: ""There were currently vast inequalities between white and black Namibians, with white Namibians still controlling a large share of the economy"""
138.86,Ecuador,supported,Equality & non-discrimination,Protect LGBTI persons from discrimination and violence,C,Not implemented / no relevant action taken,"Adopt effective measures to combat de facto racial discrimination and discrimination against indigenous peoples, persons with disabilities, HIV-positive persons and lesbian, gay, bisexual and transgender persons","The Constitution and key statutes still do not protect against discrimination on grounds of sexual orientation or gender identity, stakeholders report escalating hate crimes and violence against LGBTQI+ people, and the draft Hate Speech Bill omits these grounds.",A/HRC/WG.6/52/NAM/2 para. 77; A/HRC/WG.6/52/NAM/3 para. 19,"UN Compilation (A/HRC/WG.6/52/NAM/2), para. 77 — Human Rights Committee: ""Namibia should amend the Labour Act, the Combating of Domestic Violence Act and the Combating of Rape Act (Act No. 8 of 2000) to extend the protection provided under those Acts to lesbian, gay, bisexual and transgender persons""
Stakeholders' Summary (A/HRC/WG.6/52/NAM/3), para. 19 — Joint submission 3: ""the period under review had witnessed a concerning escalation in violence directed at LGBTQI+ individuals, with reports indicating a substantial increase in hate crimes and homicides"""
138.87,Argentina,supported,Violence against women,Prevent and address violence against women,B,"Partially implemented / steps taken, further action needed",Prohibit expressly the traditional practices that endanger the physical and psychological integrity of women and girls,"Namibia amended the Combating of Rape and Combating of Domestic Violence Acts (2022) and ran a National Plan of Action on GBV 2019-2023 and an #EndGBV campaign; prevalence remains high, prosecutions and convictions low, shelters and protection orders limited, and the GBV plan lapsed in 2023 without a replacement.",A/HRC/WG.6/52/NAM/1 para. 116; A/HRC/WG.6/52/NAM/2 para. 60,"National Report (A/HRC/WG.6/52/NAM/1), para. 116 — Namibia: ""Namibia has amended and promulgated legislation to address Gender Based Violence and Violence against Children. These include the Combating of Rape Amendment Act 2022, Combating of Domestic Violence Amendment Act 2022""
UN Compilation (A/HRC/WG.6/52/NAM/2), para. 60 — Committee on the Elimination of Discrimination against Women: ""the high prevalence of intimate partner violence and other forms of gender-based violence against women, and the limited access for women to protection orders, reparations, shelters and psychological treatment"""
138.88,Iceland,supported,Violence against women,Prevent and address violence against women,B,"Partially implemented / steps taken, further action needed",Strengthen efforts to eliminate harmful traditional practices and take comprehensive measures to eliminate stereotypical conceptions of gender roles,"Namibia amended the Combating of Rape and Combating of Domestic Violence Acts (2022) and ran a National Plan of Action on GBV 2019-2023 and an #EndGBV campaign; prevalence remains high, prosecutions and convictions low, shelters and protection orders limited, and the GBV plan lapsed in 2023 without a replacement.",A/HRC/WG.6/52/NAM/1 para. 116; A/HRC/WG.6/52/NAM/2 para. 60,"National Report (A/HRC/WG.6/52/NAM/1), para. 116 — Namibia: ""Namibia has amended and promulgated legislation to address Gender Based Violence and Violence against Children. These include the Combating of Rape Amendment Act 2022, Combating of Domestic Violence Amendment Act 2022""
UN Compilation (A/HRC/WG.6/52/NAM/2), para. 60 — Committee on the Elimination of Discrimination against Women: ""the high prevalence of intimate partner violence and other forms of gender-based violence against women, and the limited access for women to protection orders, reparations, shelters and psychological treatment"""
138.89,India,supported,Equality & non-discrimination,Comprehensive anti-discrimination legislation,C,Not implemented / no relevant action taken,"Take necessary measures for combating discriminatory practices against women and girls, including gender-based violence","Namibia enforces the Racial Discrimination Prohibition Act (1991) and has closed most of its gender gap, but has no comprehensive anti-discrimination law - a 2021 Ombudsman bill on discrimination, discriminatory harassment and hate speech is unenacted, the Constitution does not protect against discrimination on grounds of sexual orientation or gender identity, and vast racial economic inequalities persist.",A/HRC/WG.6/52/NAM/2 para. 16; A/HRC/WG.6/52/NAM/3 para. 8; A/HRC/WG.6/52/NAM/2 para. 15,"UN Compilation (A/HRC/WG.6/52/NAM/2), para. 16 — Human Rights Committee: ""the prevalence of discrimination and stated that Namibia should ... take measures to eliminate all forms of discrimination""
Stakeholders' Summary (A/HRC/WG.6/52/NAM/3), para. 8 — Joint submission 2: ""in 2021, the Office of the Ombudsman submitted a bill on combating discrimination, discriminatory harassment and hate speech to the government which had yet to be enacted""
UN Compilation (A/HRC/WG.6/52/NAM/2), para. 15 — Special procedure mandate holders: ""There were currently vast inequalities between white and black Namibians, with white Namibians still controlling a large share of the economy"""
138.90,Malawi,noted,Members of minorities,Recognise and protect Indigenous Peoples and minorities,C,Not implemented / no relevant action taken,"Take effective measures to ensure equal opportunities for minority groups, including for the political participation of indigenous communities, and ratify the Indigenous and Tribal Peoples Convention, 1989 (No. 169), of the International Labour Organization","Namibia reserves higher-education and public-service quotas for marginalized communities and finalised the Ombudsman's White Paper on Indigenous Peoples' Rights, but the Human Rights Committee and stakeholders report Namibia still does not recognise the San, Himba and others as Indigenous Peoples, the White Paper is unadopted, and ancestral-land restitution has stalled.",A/HRC/WG.6/52/NAM/2 para. 71; A/HRC/WG.6/52/NAM/3 para. 55,"UN Compilation (A/HRC/WG.6/52/NAM/2), para. 71 — Human Rights Committee: ""Namibia did not recognize certain communities as Indigenous Peoples, instead referring to them as marginalized communities ... consider recognizing communities such as the San, Himba, Ovatue, Ovatjimba and Ovazemba as Indigenous Peoples""
Stakeholders' Summary (A/HRC/WG.6/52/NAM/3), para. 55 — Joint submission 6: ""the White Paper had not been adopted nor implemented by Namibia and consequently considered the recommendations to have not been implemented"""
138.91,Montenegro,supported,Violence against women,Prevent and address violence against women,B,"Partially implemented / steps taken, further action needed",Eliminate traditional harmful practices to women and girls by criminalizing them and prosecuting alleged perpetrators,"Namibia amended the Combating of Rape and Combating of Domestic Violence Acts (2022) and ran a National Plan of Action on GBV 2019-2023 and an #EndGBV campaign; prevalence remains high, prosecutions and convictions low, shelters and protection orders limited, and the GBV plan lapsed in 2023 without a replacement.",A/HRC/WG.6/52/NAM/1 para. 116; A/HRC/WG.6/52/NAM/2 para. 60,"National Report (A/HRC/WG.6/52/NAM/1), para. 116 — Namibia: ""Namibia has amended and promulgated legislation to address Gender Based Violence and Violence against Children. These include the Combating of Rape Amendment Act 2022, Combating of Domestic Violence Amendment Act 2022""
UN Compilation (A/HRC/WG.6/52/NAM/2), para. 60 — Committee on the Elimination of Discrimination against Women: ""the high prevalence of intimate partner violence and other forms of gender-based violence against women, and the limited access for women to protection orders, reparations, shelters and psychological treatment"""
138.92,South Africa,supported,Equality & non-discrimination,Comprehensive anti-discrimination legislation,C,Not implemented / no relevant action taken,"Increase its efforts to tackle stigmatization of and discrimination against persons, especially women and girls infected with HIV/AIDS, by prioritizing support and education","Namibia enforces the Racial Discrimination Prohibition Act (1991) and has closed most of its gender gap, but has no comprehensive anti-discrimination law - a 2021 Ombudsman bill on discrimination, discriminatory harassment and hate speech is unenacted, the Constitution does not protect against discrimination on grounds of sexual orientation or gender identity, and vast racial economic inequalities persist.",A/HRC/WG.6/52/NAM/2 para. 16; A/HRC/WG.6/52/NAM/3 para. 8; A/HRC/WG.6/52/NAM/2 para. 15,"UN Compilation (A/HRC/WG.6/52/NAM/2), para. 16 — Human Rights Committee: ""the prevalence of discrimination and stated that Namibia should ... take measures to eliminate all forms of discrimination""
Stakeholders' Summary (A/HRC/WG.6/52/NAM/3), para. 8 — Joint submission 2: ""in 2021, the Office of the Ombudsman submitted a bill on combating discrimination, discriminatory harassment and hate speech to the government which had yet to be enacted""
UN Compilation (A/HRC/WG.6/52/NAM/2), para. 15 — Special procedure mandate holders: ""There were currently vast inequalities between white and black Namibians, with white Namibians still controlling a large share of the economy"""
138.93,Costa Rica,supported,Violence against women,Protect LGBTI persons from discrimination and violence,C,Not implemented / no relevant action taken,"Strengthen measures to combat violence against women and girls and establish clear and efficient mechanisms to combat the different forms of discrimination faced by people with disabilities, indigenous peoples and members of the lesbian, gay, bisexual, transgender and intersex community","The Constitution and key statutes still do not protect against discrimination on grounds of sexual orientation or gender identity, stakeholders report escalating hate crimes and violence against LGBTQI+ people, and the draft Hate Speech Bill omits these grounds.",A/HRC/WG.6/52/NAM/2 para. 77; A/HRC/WG.6/52/NAM/3 para. 19,"UN Compilation (A/HRC/WG.6/52/NAM/2), para. 77 — Human Rights Committee: ""Namibia should amend the Labour Act, the Combating of Domestic Violence Act and the Combating of Rape Act (Act No. 8 of 2000) to extend the protection provided under those Acts to lesbian, gay, bisexual and transgender persons""
Stakeholders' Summary (A/HRC/WG.6/52/NAM/3), para. 19 — Joint submission 3: ""the period under review had witnessed a concerning escalation in violence directed at LGBTQI+ individuals, with reports indicating a substantial increase in hate crimes and homicides"""
138.94,4 of 2003; United States of America,noted,Equality & non-discrimination,Comprehensive anti-discrimination legislation,C,Not implemented / no relevant action taken,Include the protection of same-sex couples in reforms and proposed amendments to the Combating of Domestic Violence Act,"Namibia enforces the Racial Discrimination Prohibition Act (1991) and has closed most of its gender gap, but has no comprehensive anti-discrimination law - a 2021 Ombudsman bill on discrimination, discriminatory harassment and hate speech is unenacted, the Constitution does not protect against discrimination on grounds of sexual orientation or gender identity, and vast racial economic inequalities persist.",A/HRC/WG.6/52/NAM/2 para. 16; A/HRC/WG.6/52/NAM/3 para. 8; A/HRC/WG.6/52/NAM/2 para. 15,"UN Compilation (A/HRC/WG.6/52/NAM/2), para. 16 — Human Rights Committee: ""the prevalence of discrimination and stated that Namibia should ... take measures to eliminate all forms of discrimination""
Stakeholders' Summary (A/HRC/WG.6/52/NAM/3), para. 8 — Joint submission 2: ""in 2021, the Office of the Ombudsman submitted a bill on combating discrimination, discriminatory harassment and hate speech to the government which had yet to be enacted""
UN Compilation (A/HRC/WG.6/52/NAM/2), para. 15 — Special procedure mandate holders: ""There were currently vast inequalities between white and black Namibians, with white Namibians still controlling a large share of the economy"""
138.95,Australia,noted,Equality & non-discrimination,Decriminalise consensual same-sex relations,C,Not implemented / no relevant action taken,Formally repeal the legacy common law prohibition of sodomy,Consensual same-sex relations remain criminalised under Roman-Dutch common law; the High Court struck down the sodomy offences in 2024 but the Government has appealed to the Supreme Court.,A/HRC/WG.6/52/NAM/2 para. 78; A/HRC/WG.6/52/NAM/3 para. 61,"UN Compilation (A/HRC/WG.6/52/NAM/2), para. 78 — Committee against Torture: ""the criminalization of consensual sexual relations between persons of the same sex, and recommended that Namibia decriminalize consensual same-sex relations""
Stakeholders' Summary (A/HRC/WG.6/52/NAM/3), para. 61 — Joint submission 2: ""In 2024, the High Court had struck down the common law offences of sodomy and unnatural offences, and the government has since filed an appeal against this decision to the Supreme Court"""
138.96,21 of 1980; Austria,noted,Equality & non-discrimination,Protect LGBTI persons from discrimination and violence,C,Not implemented / no relevant action taken,"Repeal laws that criminalize and discriminate on the basis of sexual orientation and gender identity or expression, especially sodomy under the schedule 1 offences in the Criminal Procedure Act (51 of 1977), the Labour Act (11 of 2007) and the Combating of Immoral Practices Act","The Constitution and key statutes still do not protect against discrimination on grounds of sexual orientation or gender identity, stakeholders report escalating hate crimes and violence against LGBTQI+ people, and the draft Hate Speech Bill omits these grounds.",A/HRC/WG.6/52/NAM/2 para. 77; A/HRC/WG.6/52/NAM/3 para. 19,"UN Compilation (A/HRC/WG.6/52/NAM/2), para. 77 — Human Rights Committee: ""Namibia should amend the Labour Act, the Combating of Domestic Violence Act and the Combating of Rape Act (Act No. 8 of 2000) to extend the protection provided under those Acts to lesbian, gay, bisexual and transgender persons""
Stakeholders' Summary (A/HRC/WG.6/52/NAM/3), para. 19 — Joint submission 3: ""the period under review had witnessed a concerning escalation in violence directed at LGBTQI+ individuals, with reports indicating a substantial increase in hate crimes and homicides"""
138.97,Spain,noted,Equality & non-discrimination,Comprehensive anti-discrimination legislation,C,Not implemented / no relevant action taken,Decriminalize consensual sexual relations between adults of the same sex,"Namibia enforces the Racial Discrimination Prohibition Act (1991) and has closed most of its gender gap, but has no comprehensive anti-discrimination law - a 2021 Ombudsman bill on discrimination, discriminatory harassment and hate speech is unenacted, the Constitution does not protect against discrimination on grounds of sexual orientation or gender identity, and vast racial economic inequalities persist.",A/HRC/WG.6/52/NAM/2 para. 16; A/HRC/WG.6/52/NAM/3 para. 8; A/HRC/WG.6/52/NAM/2 para. 15,"UN Compilation (A/HRC/WG.6/52/NAM/2), para. 16 — Human Rights Committee: ""the prevalence of discrimination and stated that Namibia should ... take measures to eliminate all forms of discrimination""
Stakeholders' Summary (A/HRC/WG.6/52/NAM/3), para. 8 — Joint submission 2: ""in 2021, the Office of the Ombudsman submitted a bill on combating discrimination, discriminatory harassment and hate speech to the government which had yet to be enacted""
UN Compilation (A/HRC/WG.6/52/NAM/2), para. 15 — Special procedure mandate holders: ""There were currently vast inequalities between white and black Namibians, with white Namibians still controlling a large share of the economy"""
138.98,Canada,noted,Equality & non-discrimination,Decriminalise consensual same-sex relations,C,Not implemented / no relevant action taken,Decriminalize sexual activities between same-sex consenting adults and ensure full legal equality and protections against discrimination,Consensual same-sex relations remain criminalised under Roman-Dutch common law; the High Court struck down the sodomy offences in 2024 but the Government has appealed to the Supreme Court.,A/HRC/WG.6/52/NAM/2 para. 78; A/HRC/WG.6/52/NAM/3 para. 61,"UN Compilation (A/HRC/WG.6/52/NAM/2), para. 78 — Committee against Torture: ""the criminalization of consensual sexual relations between persons of the same sex, and recommended that Namibia decriminalize consensual same-sex relations""
Stakeholders' Summary (A/HRC/WG.6/52/NAM/3), para. 61 — Joint submission 2: ""In 2024, the High Court had struck down the common law offences of sodomy and unnatural offences, and the government has since filed an appeal against this decision to the Supreme Court"""
138.99,Dominican Republic,supported,Equality & non-discrimination,Protect LGBTI persons from discrimination and violence,C,Not implemented / no relevant action taken,"Implement further measures targeting equality before the law for members of the lesbian, gay, bisexual, transgender and intersex community","The Constitution and key statutes still do not protect against discrimination on grounds of sexual orientation or gender identity, stakeholders report escalating hate crimes and violence against LGBTQI+ people, and the draft Hate Speech Bill omits these grounds.",A/HRC/WG.6/52/NAM/2 para. 77; A/HRC/WG.6/52/NAM/3 para. 19,"UN Compilation (A/HRC/WG.6/52/NAM/2), para. 77 — Human Rights Committee: ""Namibia should amend the Labour Act, the Combating of Domestic Violence Act and the Combating of Rape Act (Act No. 8 of 2000) to extend the protection provided under those Acts to lesbian, gay, bisexual and transgender persons""
Stakeholders' Summary (A/HRC/WG.6/52/NAM/3), para. 19 — Joint submission 3: ""the period under review had witnessed a concerning escalation in violence directed at LGBTQI+ individuals, with reports indicating a substantial increase in hate crimes and homicides"""
138.100,Finland,supported,Right to health,Protect LGBTI persons from discrimination and violence,C,Not implemented / no relevant action taken,"Take concrete action to ensure access to health services for lesbian, gay, bisexual, transgender and intersex persons, especially transgender persons, and to combat all forms of discrimination against lesbian, gay, bisexual, transgender and intersex persons in relation to employment opportunities and treatment by the police forces","The Constitution and key statutes still do not protect against discrimination on grounds of sexual orientation or gender identity, stakeholders report escalating hate crimes and violence against LGBTQI+ people, and the draft Hate Speech Bill omits these grounds.",A/HRC/WG.6/52/NAM/2 para. 77; A/HRC/WG.6/52/NAM/3 para. 19,"UN Compilation (A/HRC/WG.6/52/NAM/2), para. 77 — Human Rights Committee: ""Namibia should amend the Labour Act, the Combating of Domestic Violence Act and the Combating of Rape Act (Act No. 8 of 2000) to extend the protection provided under those Acts to lesbian, gay, bisexual and transgender persons""
Stakeholders' Summary (A/HRC/WG.6/52/NAM/3), para. 19 — Joint submission 3: ""the period under review had witnessed a concerning escalation in violence directed at LGBTQI+ individuals, with reports indicating a substantial increase in hate crimes and homicides"""
138.101,France,noted,Equality & non-discrimination,Protect LGBTI persons from discrimination and violence,C,Not implemented / no relevant action taken,"Decriminalize sexual relations between people of the same sex and promote equality and non-discrimination, including on the grounds of sexual orientation and gender identity","The Constitution and key statutes still do not protect against discrimination on grounds of sexual orientation or gender identity, stakeholders report escalating hate crimes and violence against LGBTQI+ people, and the draft Hate Speech Bill omits these grounds.",A/HRC/WG.6/52/NAM/2 para. 77; A/HRC/WG.6/52/NAM/3 para. 19,"UN Compilation (A/HRC/WG.6/52/NAM/2), para. 77 — Human Rights Committee: ""Namibia should amend the Labour Act, the Combating of Domestic Violence Act and the Combating of Rape Act (Act No. 8 of 2000) to extend the protection provided under those Acts to lesbian, gay, bisexual and transgender persons""
Stakeholders' Summary (A/HRC/WG.6/52/NAM/3), para. 19 — Joint submission 3: ""the period under review had witnessed a concerning escalation in violence directed at LGBTQI+ individuals, with reports indicating a substantial increase in hate crimes and homicides"""
138.102,Germany,noted,Equality & non-discrimination,Protect LGBTI persons from discrimination and violence,C,Not implemented / no relevant action taken,"Revise laws discriminating against persons based on their sexual orientation and gender identity, especially LGBTI+ persons, in particular the law which criminalizes sodomy between consenting adult men","The Constitution and key statutes still do not protect against discrimination on grounds of sexual orientation or gender identity, stakeholders report escalating hate crimes and violence against LGBTQI+ people, and the draft Hate Speech Bill omits these grounds.",A/HRC/WG.6/52/NAM/2 para. 77; A/HRC/WG.6/52/NAM/3 para. 19,"UN Compilation (A/HRC/WG.6/52/NAM/2), para. 77 — Human Rights Committee: ""Namibia should amend the Labour Act, the Combating of Domestic Violence Act and the Combating of Rape Act (Act No. 8 of 2000) to extend the protection provided under those Acts to lesbian, gay, bisexual and transgender persons""
Stakeholders' Summary (A/HRC/WG.6/52/NAM/3), para. 19 — Joint submission 3: ""the period under review had witnessed a concerning escalation in violence directed at LGBTQI+ individuals, with reports indicating a substantial increase in hate crimes and homicides"""
138.103,Iceland,noted,Equality & non-discrimination,Protect LGBTI persons from discrimination and violence,C,Not implemented / no relevant action taken,Decriminalize consensual sexual relations between adults of the same sex and expand its anti-discrimination legislation to include a prohibition of discrimination on the basis of sexual orientation and gender identity,"The Constitution and key statutes still do not protect against discrimination on grounds of sexual orientation or gender identity, stakeholders report escalating hate crimes and violence against LGBTQI+ people, and the draft Hate Speech Bill omits these grounds.",A/HRC/WG.6/52/NAM/2 para. 77; A/HRC/WG.6/52/NAM/3 para. 19,"UN Compilation (A/HRC/WG.6/52/NAM/2), para. 77 — Human Rights Committee: ""Namibia should amend the Labour Act, the Combating of Domestic Violence Act and the Combating of Rape Act (Act No. 8 of 2000) to extend the protection provided under those Acts to lesbian, gay, bisexual and transgender persons""
Stakeholders' Summary (A/HRC/WG.6/52/NAM/3), para. 19 — Joint submission 3: ""the period under review had witnessed a concerning escalation in violence directed at LGBTQI+ individuals, with reports indicating a substantial increase in hate crimes and homicides"""
138.104,Ireland,noted,Equality & non-discrimination,Decriminalise consensual same-sex relations,C,Not implemented / no relevant action taken,Decriminalize consensual same-sex relations,Consensual same-sex relations remain criminalised under Roman-Dutch common law; the High Court struck down the sodomy offences in 2024 but the Government has appealed to the Supreme Court.,A/HRC/WG.6/52/NAM/2 para. 78; A/HRC/WG.6/52/NAM/3 para. 61,"UN Compilation (A/HRC/WG.6/52/NAM/2), para. 78 — Committee against Torture: ""the criminalization of consensual sexual relations between persons of the same sex, and recommended that Namibia decriminalize consensual same-sex relations""
Stakeholders' Summary (A/HRC/WG.6/52/NAM/3), para. 61 — Joint submission 2: ""In 2024, the High Court had struck down the common law offences of sodomy and unnatural offences, and the government has since filed an appeal against this decision to the Supreme Court"""
138.105,Ireland,noted,Equality & non-discrimination,Protect LGBTI persons from discrimination and violence,C,Not implemented / no relevant action taken,Enshrine in legislation the prohibition of discrimination on the grounds of sexual orientation and gender identity,"The Constitution and key statutes still do not protect against discrimination on grounds of sexual orientation or gender identity, stakeholders report escalating hate crimes and violence against LGBTQI+ people, and the draft Hate Speech Bill omits these grounds.",A/HRC/WG.6/52/NAM/2 para. 77; A/HRC/WG.6/52/NAM/3 para. 19,"UN Compilation (A/HRC/WG.6/52/NAM/2), para. 77 — Human Rights Committee: ""Namibia should amend the Labour Act, the Combating of Domestic Violence Act and the Combating of Rape Act (Act No. 8 of 2000) to extend the protection provided under those Acts to lesbian, gay, bisexual and transgender persons""
Stakeholders' Summary (A/HRC/WG.6/52/NAM/3), para. 19 — Joint submission 3: ""the period under review had witnessed a concerning escalation in violence directed at LGBTQI+ individuals, with reports indicating a substantial increase in hate crimes and homicides"""
138.106,Italy,noted,Equality & non-discrimination,Protect LGBTI persons from discrimination and violence,C,Not implemented / no relevant action taken,Decriminalize consensual same-sex adult relations and adopt measures to combat all forms of discrimination based on sexual orientation and gender identity,"The Constitution and key statutes still do not protect against discrimination on grounds of sexual orientation or gender identity, stakeholders report escalating hate crimes and violence against LGBTQI+ people, and the draft Hate Speech Bill omits these grounds.",A/HRC/WG.6/52/NAM/2 para. 77; A/HRC/WG.6/52/NAM/3 para. 19,"UN Compilation (A/HRC/WG.6/52/NAM/2), para. 77 — Human Rights Committee: ""Namibia should amend the Labour Act, the Combating of Domestic Violence Act and the Combating of Rape Act (Act No. 8 of 2000) to extend the protection provided under those Acts to lesbian, gay, bisexual and transgender persons""
Stakeholders' Summary (A/HRC/WG.6/52/NAM/3), para. 19 — Joint submission 3: ""the period under review had witnessed a concerning escalation in violence directed at LGBTQI+ individuals, with reports indicating a substantial increase in hate crimes and homicides"""
138.107,Liechtenstein,noted,Equality & non-discrimination,Protect LGBTI persons from discrimination and violence,C,Not implemented / no relevant action taken,"Amend its legislation to abolish provisions discriminating against lesbian, gay, bisexual, transgender and intersex persons, including those criminalizing sexual acts between consenting adults of the same gender","The Constitution and key statutes still do not protect against discrimination on grounds of sexual orientation or gender identity, stakeholders report escalating hate crimes and violence against LGBTQI+ people, and the draft Hate Speech Bill omits these grounds.",A/HRC/WG.6/52/NAM/2 para. 77; A/HRC/WG.6/52/NAM/3 para. 19,"UN Compilation (A/HRC/WG.6/52/NAM/2), para. 77 — Human Rights Committee: ""Namibia should amend the Labour Act, the Combating of Domestic Violence Act and the Combating of Rape Act (Act No. 8 of 2000) to extend the protection provided under those Acts to lesbian, gay, bisexual and transgender persons""
Stakeholders' Summary (A/HRC/WG.6/52/NAM/3), para. 19 — Joint submission 3: ""the period under review had witnessed a concerning escalation in violence directed at LGBTQI+ individuals, with reports indicating a substantial increase in hate crimes and homicides"""
138.108,Malta,noted,Legal & institutional reform,Protect LGBTI persons from discrimination and violence,C,Not implemented / no relevant action taken,"Consider appointing a diversity liaison officer from the lesbian, gay, bisexual, transgender and intersex community in government","The Constitution and key statutes still do not protect against discrimination on grounds of sexual orientation or gender identity, stakeholders report escalating hate crimes and violence against LGBTQI+ people, and the draft Hate Speech Bill omits these grounds.",A/HRC/WG.6/52/NAM/2 para. 77; A/HRC/WG.6/52/NAM/3 para. 19,"UN Compilation (A/HRC/WG.6/52/NAM/2), para. 77 — Human Rights Committee: ""Namibia should amend the Labour Act, the Combating of Domestic Violence Act and the Combating of Rape Act (Act No. 8 of 2000) to extend the protection provided under those Acts to lesbian, gay, bisexual and transgender persons""
Stakeholders' Summary (A/HRC/WG.6/52/NAM/3), para. 19 — Joint submission 3: ""the period under review had witnessed a concerning escalation in violence directed at LGBTQI+ individuals, with reports indicating a substantial increase in hate crimes and homicides"""
138.109,Mexico,noted,Equality & non-discrimination,Protect LGBTI persons from discrimination and violence,C,Not implemented / no relevant action taken,Decriminalize consensual same-sex sexual relations and adopt legislation prohibiting discrimination on the basis of sexual orientation and gender identity,"The Constitution and key statutes still do not protect against discrimination on grounds of sexual orientation or gender identity, stakeholders report escalating hate crimes and violence against LGBTQI+ people, and the draft Hate Speech Bill omits these grounds.",A/HRC/WG.6/52/NAM/2 para. 77; A/HRC/WG.6/52/NAM/3 para. 19,"UN Compilation (A/HRC/WG.6/52/NAM/2), para. 77 — Human Rights Committee: ""Namibia should amend the Labour Act, the Combating of Domestic Violence Act and the Combating of Rape Act (Act No. 8 of 2000) to extend the protection provided under those Acts to lesbian, gay, bisexual and transgender persons""
Stakeholders' Summary (A/HRC/WG.6/52/NAM/3), para. 19 — Joint submission 3: ""the period under review had witnessed a concerning escalation in violence directed at LGBTQI+ individuals, with reports indicating a substantial increase in hate crimes and homicides"""
138.110,Netherlands,noted,Equality & non-discrimination,Protect LGBTI persons from discrimination and violence,C,Not implemented / no relevant action taken,"Amend legislation in order to abolish any provisions discriminating against lesbian, gay, bisexual, transgender and intersex persons, including those provisions criminalizing consensual acts between adults of the same sex","The Constitution and key statutes still do not protect against discrimination on grounds of sexual orientation or gender identity, stakeholders report escalating hate crimes and violence against LGBTQI+ people, and the draft Hate Speech Bill omits these grounds.",A/HRC/WG.6/52/NAM/2 para. 77; A/HRC/WG.6/52/NAM/3 para. 19,"UN Compilation (A/HRC/WG.6/52/NAM/2), para. 77 — Human Rights Committee: ""Namibia should amend the Labour Act, the Combating of Domestic Violence Act and the Combating of Rape Act (Act No. 8 of 2000) to extend the protection provided under those Acts to lesbian, gay, bisexual and transgender persons""
Stakeholders' Summary (A/HRC/WG.6/52/NAM/3), para. 19 — Joint submission 3: ""the period under review had witnessed a concerning escalation in violence directed at LGBTQI+ individuals, with reports indicating a substantial increase in hate crimes and homicides"""
138.111,Chad,supported,Constitutional & legislative framework,"Legislative reforms (torture bill, marriage/family laws, data protection)",B,"Partially implemented / steps taken, further action needed",Adopt laws to ensure that people living in or close to resource-rich areas benefit from social services and development projects,"Namibia passed the Marriage Act and Dissolution of Marriages Act (2024) and amended the High Court and Magistrates' Courts Acts, but the revised Torture Bill has been pending since 2019, the Ombudsman Bill (2024) was withdrawn, and the Data Protection and Cybercrime Bills remain in draft.",A/HRC/WG.6/52/NAM/2 para. 7; A/HRC/WG.6/52/NAM/1 para. 51; A/HRC/WG.6/52/NAM/1 para. 56,"UN Compilation (A/HRC/WG.6/52/NAM/2), para. 7 — Committee against Torture: ""the revised bill on preventing and combating torture had been awaiting parliamentary approval since 2019, and urged Namibia to adopt the bill as soon as possible and to ensure that its provisions defined torture as a specific offence""
National Report (A/HRC/WG.6/52/NAM/1), para. 51 — Namibia: ""The process to enact the Torture Bill is ongoing. The Torture Bill was withdrawn from the National Assembly to finalize outstanding issues relating to penalties for offences""
National Report (A/HRC/WG.6/52/NAM/1), para. 56 — Namibia: ""Namibia is yet to enact laws on Data Protection and or Cyber Crime. The Data Protection Bill and Cybercrime Bill are still at drafting and consultations ... stage"""
138.112,China,supported,Right to development,National development planning,B,"Partially implemented / steps taken, further action needed",Continue to promote sustainable economic and social development so as to provide a solid foundation for the people to enjoy human rights,"Namibia launched its 6th National Development Plan (2025) with a costed implementation, monitoring and evaluation plan and poverty eradication as a cross-cutting issue; high unemployment and inequality remain the central challenges.",A/HRC/WG.6/52/NAM/1 para. 42; A/HRC/WG.6/52/NAM/1 para. 125,"National Report (A/HRC/WG.6/52/NAM/1), para. 42 — Namibia: ""In 2025, Namibia launched its National Development Plan Six (NDP 6) which focuses on four (4) pillars ... NDP 6 also has an Implementation, Monitoring and Evaluation Plan (IMEP)""
National Report (A/HRC/WG.6/52/NAM/1), para. 125 — Namibia: ""Namibia is experiencing a high unemployment rate and requires assistance from the international community"""
138.113,Ethiopia,supported,Right to development,National development planning,B,"Partially implemented / steps taken, further action needed","Scale up the implementation of a national development plan with a particular focus on children, women and girls","Namibia launched its 6th National Development Plan (2025) with a costed implementation, monitoring and evaluation plan and poverty eradication as a cross-cutting issue; high unemployment and inequality remain the central challenges.",A/HRC/WG.6/52/NAM/1 para. 42; A/HRC/WG.6/52/NAM/1 para. 125,"National Report (A/HRC/WG.6/52/NAM/1), para. 42 — Namibia: ""In 2025, Namibia launched its National Development Plan Six (NDP 6) which focuses on four (4) pillars ... NDP 6 also has an Implementation, Monitoring and Evaluation Plan (IMEP)""
National Report (A/HRC/WG.6/52/NAM/1), para. 125 — Namibia: ""Namibia is experiencing a high unemployment rate and requires assistance from the international community"""
138.114,United States of America,supported,Good governance & corruption,Strengthen anti-corruption capacity,C,Not implemented / no relevant action taken,"Prioritize fighting corruption by enacting an access-to-information law, fully implementing whistle-blower protections and empowering and adequately funding the Anti-Corruption Commission to fulfil its mandate","The Anti-Corruption Commission's budget rose modestly for 2025/2026, but stakeholders report it remains under-resourced - unable to establish an anti-money-laundering unit needed to exit the FATF grey list - and that most citizens believe corruption has worsened.",A/HRC/WG.6/52/NAM/1 para. 54; A/HRC/WG.6/52/NAM/3 para. 12,"National Report (A/HRC/WG.6/52/NAM/1), para. 54 — Namibia: ""For the 2025/2026 financial year, the Anti-Corruption Commission is allocated N$116,549,000 ... an increase of 9.96% compared to the 2024/2025 budgetary allocation""
Stakeholders' Summary (A/HRC/WG.6/52/NAM/3), para. 12 — Joint submission 7: ""The current level of funding did not allow for the establishment of specialized units, particularly an anti-money laundering unit ... The persistent under-resourcing of the Commission had hampered its ability to address increasingly sophisticated corruption schemes"""
138.115,Australia,supported,Good governance & corruption,Strengthen anti-corruption capacity,C,Not implemented / no relevant action taken,"Continue efforts to eradicate corruption, including by maximizing funding of the Anti-Corruption Commission and promoting corruption reporting from the public","The Anti-Corruption Commission's budget rose modestly for 2025/2026, but stakeholders report it remains under-resourced - unable to establish an anti-money-laundering unit needed to exit the FATF grey list - and that most citizens believe corruption has worsened.",A/HRC/WG.6/52/NAM/1 para. 54; A/HRC/WG.6/52/NAM/3 para. 12,"National Report (A/HRC/WG.6/52/NAM/1), para. 54 — Namibia: ""For the 2025/2026 financial year, the Anti-Corruption Commission is allocated N$116,549,000 ... an increase of 9.96% compared to the 2024/2025 budgetary allocation""
Stakeholders' Summary (A/HRC/WG.6/52/NAM/3), para. 12 — Joint submission 7: ""The current level of funding did not allow for the establishment of specialized units, particularly an anti-money laundering unit ... The persistent under-resourcing of the Commission had hampered its ability to address increasingly sophisticated corruption schemes"""
138.116,Angola,supported,Human rights & climate change,Climate change and human rights,B,"Partially implemented / steps taken, further action needed",Continue to put in place awareness-raising programmes on climate change and disaster risk reduction,Namibia has a National Policy on Climate Change (2011) and a Disaster Risk Management Act (2012) and built gender-responsive climate strategies into its NGEEP 2025-2035 and participated in the ICJ advisory proceedings on climate obligations; the UN country team says a human-rights-based approach to climate change is still limited.,A/HRC/WG.6/52/NAM/1 para. 44; A/HRC/WG.6/52/NAM/2 para. 55,"National Report (A/HRC/WG.6/52/NAM/1), para. 44 — Namibia: ""Namibia has a National Policy on Climate Change (2011). The third NGEEP 2025-2035 makes provision for the implementation of strategies to address the impact of climate change""
UN Compilation (A/HRC/WG.6/52/NAM/2), para. 55 — United Nations country team: ""the application of a human right-based approach in addressing climate change was still limited"""
138.117,Chile,supported,Human rights & climate change,Climate change and human rights,B,"Partially implemented / steps taken, further action needed","Address the effects of climate change, especially drought, including through measures to reduce the distance to water supply points in rural areas",Namibia has a National Policy on Climate Change (2011) and a Disaster Risk Management Act (2012) and built gender-responsive climate strategies into its NGEEP 2025-2035 and participated in the ICJ advisory proceedings on climate obligations; the UN country team says a human-rights-based approach to climate change is still limited.,A/HRC/WG.6/52/NAM/1 para. 44; A/HRC/WG.6/52/NAM/2 para. 55,"National Report (A/HRC/WG.6/52/NAM/1), para. 44 — Namibia: ""Namibia has a National Policy on Climate Change (2011). The third NGEEP 2025-2035 makes provision for the implementation of strategies to address the impact of climate change""
UN Compilation (A/HRC/WG.6/52/NAM/2), para. 55 — United Nations country team: ""the application of a human right-based approach in addressing climate change was still limited"""
138.118,Fiji,supported,Human rights & climate change,Climate change and human rights,B,"Partially implemented / steps taken, further action needed","Continue to explore progressive law and policy reforms to address cross-sectoral environmental challenges, including climate change adaptation and mitigation frameworks",Namibia has a National Policy on Climate Change (2011) and a Disaster Risk Management Act (2012) and built gender-responsive climate strategies into its NGEEP 2025-2035 and participated in the ICJ advisory proceedings on climate obligations; the UN country team says a human-rights-based approach to climate change is still limited.,A/HRC/WG.6/52/NAM/1 para. 44; A/HRC/WG.6/52/NAM/2 para. 55,"National Report (A/HRC/WG.6/52/NAM/1), para. 44 — Namibia: ""Namibia has a National Policy on Climate Change (2011). The third NGEEP 2025-2035 makes provision for the implementation of strategies to address the impact of climate change""
UN Compilation (A/HRC/WG.6/52/NAM/2), para. 55 — United Nations country team: ""the application of a human right-based approach in addressing climate change was still limited"""
138.119,Fiji,supported,Human rights & climate change,Climate change and human rights,B,"Partially implemented / steps taken, further action needed","Ensure that women, children, persons with disabilities, minority groups, and local communities are meaningfully engaged in the development and implementation of climate change and disaster risk reduction frameworks",Namibia has a National Policy on Climate Change (2011) and a Disaster Risk Management Act (2012) and built gender-responsive climate strategies into its NGEEP 2025-2035 and participated in the ICJ advisory proceedings on climate obligations; the UN country team says a human-rights-based approach to climate change is still limited.,A/HRC/WG.6/52/NAM/1 para. 44; A/HRC/WG.6/52/NAM/2 para. 55,"National Report (A/HRC/WG.6/52/NAM/1), para. 44 — Namibia: ""Namibia has a National Policy on Climate Change (2011). The third NGEEP 2025-2035 makes provision for the implementation of strategies to address the impact of climate change""
UN Compilation (A/HRC/WG.6/52/NAM/2), para. 55 — United Nations country team: ""the application of a human right-based approach in addressing climate change was still limited"""
138.120,Haiti,supported,Human rights & climate change,Climate change and human rights,B,"Partially implemented / steps taken, further action needed","Take additional concrete and sustainable measures at the national level to combat the negative effects of climate change, in particular in the agricultural sector, with a view to revitalizing the national policy to combat climate change in Namibia",Namibia has a National Policy on Climate Change (2011) and a Disaster Risk Management Act (2012) and built gender-responsive climate strategies into its NGEEP 2025-2035 and participated in the ICJ advisory proceedings on climate obligations; the UN country team says a human-rights-based approach to climate change is still limited.,A/HRC/WG.6/52/NAM/1 para. 44; A/HRC/WG.6/52/NAM/2 para. 55,"National Report (A/HRC/WG.6/52/NAM/1), para. 44 — Namibia: ""Namibia has a National Policy on Climate Change (2011). The third NGEEP 2025-2035 makes provision for the implementation of strategies to address the impact of climate change""
UN Compilation (A/HRC/WG.6/52/NAM/2), para. 55 — United Nations country team: ""the application of a human right-based approach in addressing climate change was still limited"""
138.121,Fiji,supported,"Prohibition of torture & ill-treatment (including cruel, inhuman or degrading treatment)",Criminalise torture; investigate ill-treatment,B,"Partially implemented / steps taken, further action needed","Strengthen initiatives aimed at preventing torture, including through workshops and trainings on the prevention of torture training manual for police officers and the prevention of torture project",Namibia criminalises torture only indirectly through general provisions and the stand-alone Torture Bill has been stalled since 2019; CAT and the Human Rights Committee call for an independent body to investigate all torture and ill-treatment complaints.,A/HRC/WG.6/52/NAM/2 para. 7; A/HRC/WG.6/52/NAM/1 para. 49,"UN Compilation (A/HRC/WG.6/52/NAM/2), para. 7 — Committee against Torture: ""the revised bill on preventing and combating torture had been awaiting parliamentary approval since 2019 ... ensure that its provisions defined torture as a specific offence""
National Report (A/HRC/WG.6/52/NAM/1), para. 49 — Namibia: ""Namibia criminalizes acts of torture through its Criminal Procedure Act (sections 40, 42 and 49 schedule 1), Common Law and other Statutes"""
138.122,Japan,supported,"Prohibition of torture & ill-treatment (including cruel, inhuman or degrading treatment)",Criminalise torture; investigate ill-treatment,B,"Partially implemented / steps taken, further action needed","Continue to strengthen efforts to combat acts of torture as a party to the Convention against Torture and Other Cruel, Inhuman or Degrading Treatment or Punishment, including by conducting training workshops on the prevention of torture for all police officers",Namibia criminalises torture only indirectly through general provisions and the stand-alone Torture Bill has been stalled since 2019; CAT and the Human Rights Committee call for an independent body to investigate all torture and ill-treatment complaints.,A/HRC/WG.6/52/NAM/2 para. 7; A/HRC/WG.6/52/NAM/1 para. 49,"UN Compilation (A/HRC/WG.6/52/NAM/2), para. 7 — Committee against Torture: ""the revised bill on preventing and combating torture had been awaiting parliamentary approval since 2019 ... ensure that its provisions defined torture as a specific offence""
National Report (A/HRC/WG.6/52/NAM/1), para. 49 — Namibia: ""Namibia criminalizes acts of torture through its Criminal Procedure Act (sections 40, 42 and 49 schedule 1), Common Law and other Statutes"""
138.123,Liechtenstein,supported,Cooperation & follow up with the Universal Periodic Review (UPR),Prohibit corporal punishment in all settings,B,"Partially implemented / steps taken, further action needed","Follow up on previous recommendations on corporal punishment of children and enact legislation explicitly prohibiting all forms of corporal punishment of children, including in the home","Corporal punishment is prohibited in schools and institutional settings and past whipping and caning provisions were struck down by the Supreme Court; it is not yet explicitly outlawed in the home, addressed for now through a positive-parenting manual.",A/HRC/WG.6/52/NAM/1 para. 19,"National Report (A/HRC/WG.6/52/NAM/1), para. 19 — Namibia: ""The Child Care and Protection Act of 2015 ... prohibits corporal punishment in settings such as schools, foster care, shelters, prisons, and police cells ... However, it does not explicitly outlaw corporal punishment in the home"""
138.124,Mauritius,supported,Legal & institutional reform,"Institutional reform (Ombudsman, anti-corruption, oversight)",B,"Partially implemented / steps taken, further action needed",Develop a framework on violence against and abuse and maltreatment of older persons,"The Ombudsman retains A-status but the Ombudsman Bill (2024) to secure its independence and funding was withdrawn following parliamentary objections, and stakeholders report the Anti-Corruption Commission remains under-resourced and Ombudsman recommendations are frequently ignored.",A/HRC/WG.6/52/NAM/1 para. 31; A/HRC/WG.6/52/NAM/3 para. 11,"National Report (A/HRC/WG.6/52/NAM/1), para. 31 — Namibia: ""the Ombudsman Bill 2024 was drafted and tabled during 2025. However, it was withdrawn for further consultations""
Stakeholders' Summary (A/HRC/WG.6/52/NAM/3), para. 11 — Joint submission 7: ""the effectiveness of the Office of the Ombudsman had remained constrained due to persistent financial and staffing shortages"""
138.125,Thailand,supported,Conditions of detention,Improve detention conditions; reduce pre-trial detention,C,Not implemented / no relevant action taken,"Strengthen its efforts to improve prison conditions, reduce the rate of overcrowding and implement the United Nations Rules for the Treatment of Women Prisoners and Non-custodial Measures for Women Offenders (the Bangkok Rules) and the Nelson Mandela Rules","Namibia rolled out Community Service Orders to reduce overcrowding and reports overall capacity exceeds the prisoner population, but CAT reports most pre-trial detainees held in poor, dilapidated and severely overcrowded police cells, pre-trial detention routinely exceeding legal limits, and inadequate separation of convicted and remand prisoners.",A/HRC/WG.6/52/NAM/2 para. 20; A/HRC/WG.6/52/NAM/2 para. 24; A/HRC/WG.6/52/NAM/1 para. 71,"UN Compilation (A/HRC/WG.6/52/NAM/2), para. 20 — Committee against Torture: ""most pretrial detainees were held in police detention facilities in poor, dilapidated and severely overcrowded holding cells""
UN Compilation (A/HRC/WG.6/52/NAM/2), para. 24 — Committee against Torture: ""reports of prolonged pretrial detention, which routinely exceeded legal limits""
National Report (A/HRC/WG.6/52/NAM/1), para. 71 — Namibia: ""The Namibian Correctional Service (NCS) ... introduced Community Service Orders (CSO) program in 2010 as a measure to reduce overcrowding in the correctional facilities"""
138.126,Portugal,supported,Conditions of detention,Improve detention conditions; reduce pre-trial detention,C,Not implemented / no relevant action taken,"Take concrete measures to improve detention conditions, namely by reducing prison overcrowding and ensuring adequate food, water and health care to persons deprived of their liberty","Namibia rolled out Community Service Orders to reduce overcrowding and reports overall capacity exceeds the prisoner population, but CAT reports most pre-trial detainees held in poor, dilapidated and severely overcrowded police cells, pre-trial detention routinely exceeding legal limits, and inadequate separation of convicted and remand prisoners.",A/HRC/WG.6/52/NAM/2 para. 20; A/HRC/WG.6/52/NAM/2 para. 24; A/HRC/WG.6/52/NAM/1 para. 71,"UN Compilation (A/HRC/WG.6/52/NAM/2), para. 20 — Committee against Torture: ""most pretrial detainees were held in police detention facilities in poor, dilapidated and severely overcrowded holding cells""
UN Compilation (A/HRC/WG.6/52/NAM/2), para. 24 — Committee against Torture: ""reports of prolonged pretrial detention, which routinely exceeded legal limits""
National Report (A/HRC/WG.6/52/NAM/1), para. 71 — Namibia: ""The Namibian Correctional Service (NCS) ... introduced Community Service Orders (CSO) program in 2010 as a measure to reduce overcrowding in the correctional facilities"""
138.127,Russian Federation,supported,Conditions of detention,Improve detention conditions; reduce pre-trial detention,C,Not implemented / no relevant action taken,Ensure that there is an adequate number of penitentiary facilities for minors to separate them from adults,"Namibia rolled out Community Service Orders to reduce overcrowding and reports overall capacity exceeds the prisoner population, but CAT reports most pre-trial detainees held in poor, dilapidated and severely overcrowded police cells, pre-trial detention routinely exceeding legal limits, and inadequate separation of convicted and remand prisoners.",A/HRC/WG.6/52/NAM/2 para. 20; A/HRC/WG.6/52/NAM/2 para. 24; A/HRC/WG.6/52/NAM/1 para. 71,"UN Compilation (A/HRC/WG.6/52/NAM/2), para. 20 — Committee against Torture: ""most pretrial detainees were held in police detention facilities in poor, dilapidated and severely overcrowded holding cells""
UN Compilation (A/HRC/WG.6/52/NAM/2), para. 24 — Committee against Torture: ""reports of prolonged pretrial detention, which routinely exceeded legal limits""
National Report (A/HRC/WG.6/52/NAM/1), para. 71 — Namibia: ""The Namibian Correctional Service (NCS) ... introduced Community Service Orders (CSO) program in 2010 as a measure to reduce overcrowding in the correctional facilities"""
138.128,Russian Federation,supported,Conditions of detention,Improve detention conditions; reduce pre-trial detention,C,Not implemented / no relevant action taken,Ensure that national laws and law enforcement practices comply with international standards on human rights and procedural safeguards for detainees,"Namibia rolled out Community Service Orders to reduce overcrowding and reports overall capacity exceeds the prisoner population, but CAT reports most pre-trial detainees held in poor, dilapidated and severely overcrowded police cells, pre-trial detention routinely exceeding legal limits, and inadequate separation of convicted and remand prisoners.",A/HRC/WG.6/52/NAM/2 para. 20; A/HRC/WG.6/52/NAM/2 para. 24; A/HRC/WG.6/52/NAM/1 para. 71,"UN Compilation (A/HRC/WG.6/52/NAM/2), para. 20 — Committee against Torture: ""most pretrial detainees were held in police detention facilities in poor, dilapidated and severely overcrowded holding cells""
UN Compilation (A/HRC/WG.6/52/NAM/2), para. 24 — Committee against Torture: ""reports of prolonged pretrial detention, which routinely exceeded legal limits""
National Report (A/HRC/WG.6/52/NAM/1), para. 71 — Namibia: ""The Namibian Correctional Service (NCS) ... introduced Community Service Orders (CSO) program in 2010 as a measure to reduce overcrowding in the correctional facilities"""
138.129,Zambia,supported,Conditions of detention,Improve detention conditions; reduce pre-trial detention,C,Not implemented / no relevant action taken,Ensure the availability of sufficient youth facilities so that all juveniles in pretrial detention are held separately from adults,"Namibia rolled out Community Service Orders to reduce overcrowding and reports overall capacity exceeds the prisoner population, but CAT reports most pre-trial detainees held in poor, dilapidated and severely overcrowded police cells, pre-trial detention routinely exceeding legal limits, and inadequate separation of convicted and remand prisoners.",A/HRC/WG.6/52/NAM/2 para. 20; A/HRC/WG.6/52/NAM/2 para. 24; A/HRC/WG.6/52/NAM/1 para. 71,"UN Compilation (A/HRC/WG.6/52/NAM/2), para. 20 — Committee against Torture: ""most pretrial detainees were held in police detention facilities in poor, dilapidated and severely overcrowded holding cells""
UN Compilation (A/HRC/WG.6/52/NAM/2), para. 24 — Committee against Torture: ""reports of prolonged pretrial detention, which routinely exceeded legal limits""
National Report (A/HRC/WG.6/52/NAM/1), para. 71 — Namibia: ""The Namibian Correctional Service (NCS) ... introduced Community Service Orders (CSO) program in 2010 as a measure to reduce overcrowding in the correctional facilities"""
138.130,Bulgaria,supported,Conditions of detention,Improve detention conditions; reduce pre-trial detention,C,Not implemented / no relevant action taken,Establish specialized juvenile detention centres in line with recently adopted internal rules and international standards,"Namibia rolled out Community Service Orders to reduce overcrowding and reports overall capacity exceeds the prisoner population, but CAT reports most pre-trial detainees held in poor, dilapidated and severely overcrowded police cells, pre-trial detention routinely exceeding legal limits, and inadequate separation of convicted and remand prisoners.",A/HRC/WG.6/52/NAM/2 para. 20; A/HRC/WG.6/52/NAM/2 para. 24; A/HRC/WG.6/52/NAM/1 para. 71,"UN Compilation (A/HRC/WG.6/52/NAM/2), para. 20 — Committee against Torture: ""most pretrial detainees were held in police detention facilities in poor, dilapidated and severely overcrowded holding cells""
UN Compilation (A/HRC/WG.6/52/NAM/2), para. 24 — Committee against Torture: ""reports of prolonged pretrial detention, which routinely exceeded legal limits""
National Report (A/HRC/WG.6/52/NAM/1), para. 71 — Namibia: ""The Namibian Correctional Service (NCS) ... introduced Community Service Orders (CSO) program in 2010 as a measure to reduce overcrowding in the correctional facilities"""
138.131,Burundi,supported,Conditions of detention,Improve detention conditions; reduce pre-trial detention,C,Not implemented / no relevant action taken,Step up efforts to reduce the prison population and improve living conditions in prisons,"Namibia rolled out Community Service Orders to reduce overcrowding and reports overall capacity exceeds the prisoner population, but CAT reports most pre-trial detainees held in poor, dilapidated and severely overcrowded police cells, pre-trial detention routinely exceeding legal limits, and inadequate separation of convicted and remand prisoners.",A/HRC/WG.6/52/NAM/2 para. 20; A/HRC/WG.6/52/NAM/2 para. 24; A/HRC/WG.6/52/NAM/1 para. 71,"UN Compilation (A/HRC/WG.6/52/NAM/2), para. 20 — Committee against Torture: ""most pretrial detainees were held in police detention facilities in poor, dilapidated and severely overcrowded holding cells""
UN Compilation (A/HRC/WG.6/52/NAM/2), para. 24 — Committee against Torture: ""reports of prolonged pretrial detention, which routinely exceeded legal limits""
National Report (A/HRC/WG.6/52/NAM/1), para. 71 — Namibia: ""The Namibian Correctional Service (NCS) ... introduced Community Service Orders (CSO) program in 2010 as a measure to reduce overcrowding in the correctional facilities"""
138.132,Germany,supported,Conditions of detention,Improve detention conditions; reduce pre-trial detention,C,Not implemented / no relevant action taken,Detain children only in specialized child detention facilities,"Namibia rolled out Community Service Orders to reduce overcrowding and reports overall capacity exceeds the prisoner population, but CAT reports most pre-trial detainees held in poor, dilapidated and severely overcrowded police cells, pre-trial detention routinely exceeding legal limits, and inadequate separation of convicted and remand prisoners.",A/HRC/WG.6/52/NAM/2 para. 20; A/HRC/WG.6/52/NAM/2 para. 24; A/HRC/WG.6/52/NAM/1 para. 71,"UN Compilation (A/HRC/WG.6/52/NAM/2), para. 20 — Committee against Torture: ""most pretrial detainees were held in police detention facilities in poor, dilapidated and severely overcrowded holding cells""
UN Compilation (A/HRC/WG.6/52/NAM/2), para. 24 — Committee against Torture: ""reports of prolonged pretrial detention, which routinely exceeded legal limits""
National Report (A/HRC/WG.6/52/NAM/1), para. 71 — Namibia: ""The Namibian Correctional Service (NCS) ... introduced Community Service Orders (CSO) program in 2010 as a measure to reduce overcrowding in the correctional facilities"""
138.133,Malawi,supported,Conditions of detention,Improve detention conditions; reduce pre-trial detention,C,Not implemented / no relevant action taken,"Develop and implement a policy to address public health concerns in prisons, especially in relation to the prevention and treatment of HIV/AIDS to enhance the right to life","Namibia rolled out Community Service Orders to reduce overcrowding and reports overall capacity exceeds the prisoner population, but CAT reports most pre-trial detainees held in poor, dilapidated and severely overcrowded police cells, pre-trial detention routinely exceeding legal limits, and inadequate separation of convicted and remand prisoners.",A/HRC/WG.6/52/NAM/2 para. 20; A/HRC/WG.6/52/NAM/2 para. 24; A/HRC/WG.6/52/NAM/1 para. 71,"UN Compilation (A/HRC/WG.6/52/NAM/2), para. 20 — Committee against Torture: ""most pretrial detainees were held in police detention facilities in poor, dilapidated and severely overcrowded holding cells""
UN Compilation (A/HRC/WG.6/52/NAM/2), para. 24 — Committee against Torture: ""reports of prolonged pretrial detention, which routinely exceeded legal limits""
National Report (A/HRC/WG.6/52/NAM/1), para. 71 — Namibia: ""The Namibian Correctional Service (NCS) ... introduced Community Service Orders (CSO) program in 2010 as a measure to reduce overcrowding in the correctional facilities"""
138.134,Mexico,supported,Conditions of detention,Improve detention conditions; reduce pre-trial detention,C,Not implemented / no relevant action taken,"Improve prison conditions, including by reducing overcrowding and adopting measures to curb the spread of HIV in prisons","Namibia rolled out Community Service Orders to reduce overcrowding and reports overall capacity exceeds the prisoner population, but CAT reports most pre-trial detainees held in poor, dilapidated and severely overcrowded police cells, pre-trial detention routinely exceeding legal limits, and inadequate separation of convicted and remand prisoners.",A/HRC/WG.6/52/NAM/2 para. 20; A/HRC/WG.6/52/NAM/2 para. 24; A/HRC/WG.6/52/NAM/1 para. 71,"UN Compilation (A/HRC/WG.6/52/NAM/2), para. 20 — Committee against Torture: ""most pretrial detainees were held in police detention facilities in poor, dilapidated and severely overcrowded holding cells""
UN Compilation (A/HRC/WG.6/52/NAM/2), para. 24 — Committee against Torture: ""reports of prolonged pretrial detention, which routinely exceeded legal limits""
National Report (A/HRC/WG.6/52/NAM/1), para. 71 — Namibia: ""The Namibian Correctional Service (NCS) ... introduced Community Service Orders (CSO) program in 2010 as a measure to reduce overcrowding in the correctional facilities"""
138.135,Spain,noted,Constitutional & legislative framework,"Legislative reforms (torture bill, marriage/family laws, data protection)",B,"Partially implemented / steps taken, further action needed",Adopt and enforce hate crime legislation that punishes homophobic and transphobic violence,"Namibia passed the Marriage Act and Dissolution of Marriages Act (2024) and amended the High Court and Magistrates' Courts Acts, but the revised Torture Bill has been pending since 2019, the Ombudsman Bill (2024) was withdrawn, and the Data Protection and Cybercrime Bills remain in draft.",A/HRC/WG.6/52/NAM/2 para. 7; A/HRC/WG.6/52/NAM/1 para. 51; A/HRC/WG.6/52/NAM/1 para. 56,"UN Compilation (A/HRC/WG.6/52/NAM/2), para. 7 — Committee against Torture: ""the revised bill on preventing and combating torture had been awaiting parliamentary approval since 2019, and urged Namibia to adopt the bill as soon as possible and to ensure that its provisions defined torture as a specific offence""
National Report (A/HRC/WG.6/52/NAM/1), para. 51 — Namibia: ""The process to enact the Torture Bill is ongoing. The Torture Bill was withdrawn from the National Assembly to finalize outstanding issues relating to penalties for offences""
National Report (A/HRC/WG.6/52/NAM/1), para. 56 — Namibia: ""Namibia is yet to enact laws on Data Protection and or Cyber Crime. The Data Protection Bill and Cybercrime Bill are still at drafting and consultations ... stage"""
138.136,Ukraine,supported,Legal & institutional reform,"Institutional reform (Ombudsman, anti-corruption, oversight)",B,"Partially implemented / steps taken, further action needed","Undertake further measures to protect vulnerable groups of the population, in particular women, persons with disabilities and children","The Ombudsman retains A-status but the Ombudsman Bill (2024) to secure its independence and funding was withdrawn following parliamentary objections, and stakeholders report the Anti-Corruption Commission remains under-resourced and Ombudsman recommendations are frequently ignored.",A/HRC/WG.6/52/NAM/1 para. 31; A/HRC/WG.6/52/NAM/3 para. 11,"National Report (A/HRC/WG.6/52/NAM/1), para. 31 — Namibia: ""the Ombudsman Bill 2024 was drafted and tabled during 2025. However, it was withdrawn for further consultations""
Stakeholders' Summary (A/HRC/WG.6/52/NAM/3), para. 11 — Joint submission 7: ""the effectiveness of the Office of the Ombudsman had remained constrained due to persistent financial and staffing shortages"""
138.137,Gabon,supported,Legal & institutional reform,"Institutional reform (Ombudsman, anti-corruption, oversight)",B,"Partially implemented / steps taken, further action needed",Continue reforms in the areas of the judiciary and the penitentiary system in order to strengthen social justice and ensure the reintegration of those who have committed crimes,"The Ombudsman retains A-status but the Ombudsman Bill (2024) to secure its independence and funding was withdrawn following parliamentary objections, and stakeholders report the Anti-Corruption Commission remains under-resourced and Ombudsman recommendations are frequently ignored.",A/HRC/WG.6/52/NAM/1 para. 31; A/HRC/WG.6/52/NAM/3 para. 11,"National Report (A/HRC/WG.6/52/NAM/1), para. 31 — Namibia: ""the Ombudsman Bill 2024 was drafted and tabled during 2025. However, it was withdrawn for further consultations""
Stakeholders' Summary (A/HRC/WG.6/52/NAM/3), para. 11 — Joint submission 7: ""the effectiveness of the Office of the Ombudsman had remained constrained due to persistent financial and staffing shortages"""
138.138,Russian Federation,supported,Legal & institutional reform,"Institutional reform (Ombudsman, anti-corruption, oversight)",B,"Partially implemented / steps taken, further action needed",Accelerate the process of reforming the justice system and take measures to reduce the length of pretrial detention,"The Ombudsman retains A-status but the Ombudsman Bill (2024) to secure its independence and funding was withdrawn following parliamentary objections, and stakeholders report the Anti-Corruption Commission remains under-resourced and Ombudsman recommendations are frequently ignored.",A/HRC/WG.6/52/NAM/1 para. 31; A/HRC/WG.6/52/NAM/3 para. 11,"National Report (A/HRC/WG.6/52/NAM/1), para. 31 — Namibia: ""the Ombudsman Bill 2024 was drafted and tabled during 2025. However, it was withdrawn for further consultations""
Stakeholders' Summary (A/HRC/WG.6/52/NAM/3), para. 11 — Joint submission 7: ""the effectiveness of the Office of the Ombudsman had remained constrained due to persistent financial and staffing shortages"""
138.139,Bolivarian Republic of Venezuela,supported,Legal & institutional reform,"Institutional reform (Ombudsman, anti-corruption, oversight)",B,"Partially implemented / steps taken, further action needed",Continue to strengthen measures to guarantee access to justice and to a fair trial,"The Ombudsman retains A-status but the Ombudsman Bill (2024) to secure its independence and funding was withdrawn following parliamentary objections, and stakeholders report the Anti-Corruption Commission remains under-resourced and Ombudsman recommendations are frequently ignored.",A/HRC/WG.6/52/NAM/1 para. 31; A/HRC/WG.6/52/NAM/3 para. 11,"National Report (A/HRC/WG.6/52/NAM/1), para. 31 — Namibia: ""the Ombudsman Bill 2024 was drafted and tabled during 2025. However, it was withdrawn for further consultations""
Stakeholders' Summary (A/HRC/WG.6/52/NAM/3), para. 11 — Joint submission 7: ""the effectiveness of the Office of the Ombudsman had remained constrained due to persistent financial and staffing shortages"""
138.140,Zambia,supported,Access to justice & remedy,Access to justice and effective remedies,B,"Partially implemented / steps taken, further action needed",Address the obstacles faced by victims of domestic violence in seeking remedies and obtaining protection,"Namibia raised the legal-aid threshold and expanded courts, but CEDAW recommends increased legal-aid funding and effective access to justice for women throughout the country, and stakeholders report impunity for bias-motivated violence.",A/HRC/WG.6/52/NAM/2 para. 26; A/HRC/WG.6/52/NAM/1 para. 28,"UN Compilation (A/HRC/WG.6/52/NAM/2), para. 26 — Committee on the Elimination of Discrimination against Women: ""increase funding for legal aid and ensure that women had effective access to justice throughout the country""
National Report (A/HRC/WG.6/52/NAM/1), para. 28 — Namibia: ""The qualifying amount for legal aid was increased from N$ 3500.00 to N$7000.00"""
138.141,Bulgaria,supported,Arbitrary arrest & detention,Miscellaneous,D,No information available on implementation,Take measures to avoid lengthy extrajudicial detention of suspects,No cluster rule matched and the evidence base contains no specific information on this recommendation.,,
138.142,Mozambique,supported,Access to justice & remedy,Access to justice and effective remedies,B,"Partially implemented / steps taken, further action needed",Continue efforts to improve access to justice for persons with disabilities,"Namibia raised the legal-aid threshold and expanded courts, but CEDAW recommends increased legal-aid funding and effective access to justice for women throughout the country, and stakeholders report impunity for bias-motivated violence.",A/HRC/WG.6/52/NAM/2 para. 26; A/HRC/WG.6/52/NAM/1 para. 28,"UN Compilation (A/HRC/WG.6/52/NAM/2), para. 26 — Committee on the Elimination of Discrimination against Women: ""increase funding for legal aid and ensure that women had effective access to justice throughout the country""
National Report (A/HRC/WG.6/52/NAM/1), para. 28 — Namibia: ""The qualifying amount for legal aid was increased from N$ 3500.00 to N$7000.00"""
138.143,State of Palestine,supported,Sexual & gender-based violence,Prevent and address sexual and gender-based violence,B,"Partially implemented / steps taken, further action needed","Continue its efforts in addressing gender-based violence and ensure the effective investigation, prosecution and punishment of perpetrators","Namibia amended the Combating of Rape Act and Combating of Domestic Violence Act (2022), operates 17 Gender-Based Violence Protection Units and implemented a National Plan of Action on GBV 2019-2023; CEDAW, CAT and the Human Rights Committee report high prevalence, low prosecution and conviction rates, few shelters, and that the GBV plan expired in 2023 without a successor.",A/HRC/WG.6/52/NAM/1 para. 109; A/HRC/WG.6/52/NAM/2 para. 61; A/HRC/WG.6/52/NAM/3 para. 50,"National Report (A/HRC/WG.6/52/NAM/1), para. 109 — Namibia: ""The Combating of Domestic Violence Act, 2003 and the Combating of Rape Act, 2000 were amended ... to strengthen and provide clarity to the provisions of the amended Acts""
UN Compilation (A/HRC/WG.6/52/NAM/2), para. 61 — Human Rights Committee: ""the low number of prosecutions and convictions handed down to perpetrators of gender-based violence""
Stakeholders' Summary (A/HRC/WG.6/52/NAM/3), para. 50 — Joint submission 2: ""With the expiration of the aforementioned [GBV] Plan in 2023, no replacement plan had been put in place, which diminished the ability of the government to address gender-based violence"""
138.144,Germany,supported,Violence against women,Prevent and address violence against women,B,"Partially implemented / steps taken, further action needed","Continue efforts to combat violence against women and children, with a particular emphasis on providing support measures to victims, such as access to magistrates’ courts and police stations","Namibia amended the Combating of Rape and Combating of Domestic Violence Acts (2022) and ran a National Plan of Action on GBV 2019-2023 and an #EndGBV campaign; prevalence remains high, prosecutions and convictions low, shelters and protection orders limited, and the GBV plan lapsed in 2023 without a replacement.",A/HRC/WG.6/52/NAM/1 para. 116; A/HRC/WG.6/52/NAM/2 para. 60,"National Report (A/HRC/WG.6/52/NAM/1), para. 116 — Namibia: ""Namibia has amended and promulgated legislation to address Gender Based Violence and Violence against Children. These include the Combating of Rape Amendment Act 2022, Combating of Domestic Violence Amendment Act 2022""
UN Compilation (A/HRC/WG.6/52/NAM/2), para. 60 — Committee on the Elimination of Discrimination against Women: ""the high prevalence of intimate partner violence and other forms of gender-based violence against women, and the limited access for women to protection orders, reparations, shelters and psychological treatment"""
138.145,Switzerland,supported,Violence against women,Prevent and address violence against women,B,"Partially implemented / steps taken, further action needed",Ensure that all cases of violence against women and girls are thoroughly and effectively investigated and that perpetrators are prosecuted and held to account,"Namibia amended the Combating of Rape and Combating of Domestic Violence Acts (2022) and ran a National Plan of Action on GBV 2019-2023 and an #EndGBV campaign; prevalence remains high, prosecutions and convictions low, shelters and protection orders limited, and the GBV plan lapsed in 2023 without a replacement.",A/HRC/WG.6/52/NAM/1 para. 116; A/HRC/WG.6/52/NAM/2 para. 60,"National Report (A/HRC/WG.6/52/NAM/1), para. 116 — Namibia: ""Namibia has amended and promulgated legislation to address Gender Based Violence and Violence against Children. These include the Combating of Rape Amendment Act 2022, Combating of Domestic Violence Amendment Act 2022""
UN Compilation (A/HRC/WG.6/52/NAM/2), para. 60 — Committee on the Elimination of Discrimination against Women: ""the high prevalence of intimate partner violence and other forms of gender-based violence against women, and the limited access for women to protection orders, reparations, shelters and psychological treatment"""
138.146,Estonia,supported,Freedom of opinion and expression & access to information,Freedom of expression and access to information,B,"Partially implemented / steps taken, further action needed",Ensure digital rights in accordance with international standards,"Namibia enacted the Access to Information Act (2022) but it is not yet operational, and the Whistleblower Protection Act (2017) remains non-operational; stakeholders report media pluralism constrained by reliance on state advertising and self-censorship on governance and corruption.",A/HRC/WG.6/52/NAM/3 para. 24; A/HRC/WG.6/52/NAM/3 para. 22,"Stakeholders' Summary (A/HRC/WG.6/52/NAM/3), para. 24 — Joint submission 7: ""the delay in bring[ing] this [Access to Information] Act into force had undermined the work of journalists, civil society organizations, and oversight bodies ... the Whistleblower Protection Act (2017), had remained non-operational""
Stakeholders' Summary (A/HRC/WG.6/52/NAM/3), para. 22 — NMT Media Foundation: ""instances where media outlets had self-censored coverage on governance and corruption due to reliance on government advertising"""
138.147,Greece,supported,Freedom of opinion and expression & access to information,Freedom of expression and access to information,B,"Partially implemented / steps taken, further action needed","Take concrete steps to improve the safety of journalists, investigate incidents of attacks on journalists and implement the United Nations Plan of Action on the Safety of Journalists and the Issue of Impunity","Namibia enacted the Access to Information Act (2022) but it is not yet operational, and the Whistleblower Protection Act (2017) remains non-operational; stakeholders report media pluralism constrained by reliance on state advertising and self-censorship on governance and corruption.",A/HRC/WG.6/52/NAM/3 para. 24; A/HRC/WG.6/52/NAM/3 para. 22,"Stakeholders' Summary (A/HRC/WG.6/52/NAM/3), para. 24 — Joint submission 7: ""the delay in bring[ing] this [Access to Information] Act into force had undermined the work of journalists, civil society organizations, and oversight bodies ... the Whistleblower Protection Act (2017), had remained non-operational""
Stakeholders' Summary (A/HRC/WG.6/52/NAM/3), para. 22 — NMT Media Foundation: ""instances where media outlets had self-censored coverage on governance and corruption due to reliance on government advertising"""
138.148,Latvia,supported,Freedom of opinion and expression & access to information,Freedom of expression and access to information,B,"Partially implemented / steps taken, further action needed","Promote and protect the right to freedom of expression and peaceful assembly, as well as media freedom and the safety of journalists","Namibia enacted the Access to Information Act (2022) but it is not yet operational, and the Whistleblower Protection Act (2017) remains non-operational; stakeholders report media pluralism constrained by reliance on state advertising and self-censorship on governance and corruption.",A/HRC/WG.6/52/NAM/3 para. 24; A/HRC/WG.6/52/NAM/3 para. 22,"Stakeholders' Summary (A/HRC/WG.6/52/NAM/3), para. 24 — Joint submission 7: ""the delay in bring[ing] this [Access to Information] Act into force had undermined the work of journalists, civil society organizations, and oversight bodies ... the Whistleblower Protection Act (2017), had remained non-operational""
Stakeholders' Summary (A/HRC/WG.6/52/NAM/3), para. 22 — NMT Media Foundation: ""instances where media outlets had self-censored coverage on governance and corruption due to reliance on government advertising"""
138.149,Albania,supported,Cooperation & consultation with civil society,Miscellaneous,D,No information available on implementation,Strengthen the representation of civil society in the country’s decision-making process,No cluster rule matched and the evidence base contains no specific information on this recommendation.,,
138.150,Malawi,supported,Participation of women in political & public life,Women's participation in political and public life,A,Largely implemented / action largely satisfactory,"Whereas female representation has improved, to the extent that 44 per cent of seats in the National Assembly are held by women (according to Inter-Parliamentary Union data), Namibia should continue to promote the representation of women in Parliament and in other decision-making institutions","After the 2024-2025 elections Namibia has a female President, Vice-President and Speaker and a 57 per cent female Cabinet and has ratified the SADC Protocol on Gender and Development; CEDAW still recommends accelerating parity in the judiciary and public service, and the 50/50 target is not legislated.",A/HRC/WG.6/52/NAM/1 para. 37; A/HRC/WG.6/52/NAM/2 para. 28,"National Report (A/HRC/WG.6/52/NAM/1), para. 37 — Namibia: ""Since 21 March 2025, Namibia has a female President, Vice President, Speaker of the National Assembly and the majority of Cabinet Ministers in Namibia are female. Currently, Namibia's Cabinet is composed of a majority of women (57%)""
UN Compilation (A/HRC/WG.6/52/NAM/2), para. 28 — Committee on the Elimination of Discrimination against Women: ""take measures to accelerate gender parity at the national and local levels of government, in particular in decision-making positions in the Cabinet, the judiciary, the public service"""
138.151,1 of 2018; United Kingdom of Great Britain and Northern Ireland,supported,Human trafficking & contemporary forms of slavery,Combat trafficking in persons,B,"Partially implemented / steps taken, further action needed",Enhance public education programmes on human trafficking and ensure sufficient resources to fully train law enforcement and judicial staff in support of the Combating of Trafficking in Persons Act,"Namibia implements the Combating of Trafficking in Persons Act, launched a National Plan of Action on Trafficking 2023-2027 and a National Referral Mechanism, provides victim services and increased investigations and prosecutions; the UN country team says the Act needs amendment to strengthen victim protection and CRC notes rising child trafficking.",A/HRC/WG.6/52/NAM/1 para. 59; A/HRC/WG.6/52/NAM/3 para. 34; A/HRC/WG.6/52/NAM/2 para. 33,"National Report (A/HRC/WG.6/52/NAM/1), para. 59 — Namibia: ""There is a National Action Plan on Trafficking in Persons for the period 2023-2027 which was officially launched on 28 July 2023""
Stakeholders' Summary (A/HRC/WG.6/52/NAM/3), para. 34 — European Centre for Law and Justice: ""those measures had led to an increase in the number of cases that had been investigated and prosecuted""
UN Compilation (A/HRC/WG.6/52/NAM/2), para. 33 — United Nations country team: ""the Combating of Trafficking in Persons Act (Act No. 1 of 2018) required amendments to strengthen the protection of victims"""
138.152,Azerbaijan,supported,Human trafficking & contemporary forms of slavery,Combat trafficking in persons,B,"Partially implemented / steps taken, further action needed",Intensify efforts to prevent and fight against trafficking in human beings,"Namibia implements the Combating of Trafficking in Persons Act, launched a National Plan of Action on Trafficking 2023-2027 and a National Referral Mechanism, provides victim services and increased investigations and prosecutions; the UN country team says the Act needs amendment to strengthen victim protection and CRC notes rising child trafficking.",A/HRC/WG.6/52/NAM/1 para. 59; A/HRC/WG.6/52/NAM/3 para. 34; A/HRC/WG.6/52/NAM/2 para. 33,"National Report (A/HRC/WG.6/52/NAM/1), para. 59 — Namibia: ""There is a National Action Plan on Trafficking in Persons for the period 2023-2027 which was officially launched on 28 July 2023""
Stakeholders' Summary (A/HRC/WG.6/52/NAM/3), para. 34 — European Centre for Law and Justice: ""those measures had led to an increase in the number of cases that had been investigated and prosecuted""
UN Compilation (A/HRC/WG.6/52/NAM/2), para. 33 — United Nations country team: ""the Combating of Trafficking in Persons Act (Act No. 1 of 2018) required amendments to strengthen the protection of victims"""
138.153,Nigeria,supported,Human trafficking & contemporary forms of slavery,Combat trafficking in persons,B,"Partially implemented / steps taken, further action needed","Sustain efforts in combating human trafficking, poverty reduction, as well as access to justice","Namibia implements the Combating of Trafficking in Persons Act, launched a National Plan of Action on Trafficking 2023-2027 and a National Referral Mechanism, provides victim services and increased investigations and prosecutions; the UN country team says the Act needs amendment to strengthen victim protection and CRC notes rising child trafficking.",A/HRC/WG.6/52/NAM/1 para. 59; A/HRC/WG.6/52/NAM/3 para. 34; A/HRC/WG.6/52/NAM/2 para. 33,"National Report (A/HRC/WG.6/52/NAM/1), para. 59 — Namibia: ""There is a National Action Plan on Trafficking in Persons for the period 2023-2027 which was officially launched on 28 July 2023""
Stakeholders' Summary (A/HRC/WG.6/52/NAM/3), para. 34 — European Centre for Law and Justice: ""those measures had led to an increase in the number of cases that had been investigated and prosecuted""
UN Compilation (A/HRC/WG.6/52/NAM/2), para. 33 — United Nations country team: ""the Combating of Trafficking in Persons Act (Act No. 1 of 2018) required amendments to strengthen the protection of victims"""
138.154,Philippines,supported,Human trafficking & contemporary forms of slavery,Combat trafficking in persons,B,"Partially implemented / steps taken, further action needed",Continue to conduct public awareness-raising and capacity-building programmes on trafficking in persons for duty bearers,"Namibia implements the Combating of Trafficking in Persons Act, launched a National Plan of Action on Trafficking 2023-2027 and a National Referral Mechanism, provides victim services and increased investigations and prosecutions; the UN country team says the Act needs amendment to strengthen victim protection and CRC notes rising child trafficking.",A/HRC/WG.6/52/NAM/1 para. 59; A/HRC/WG.6/52/NAM/3 para. 34; A/HRC/WG.6/52/NAM/2 para. 33,"National Report (A/HRC/WG.6/52/NAM/1), para. 59 — Namibia: ""There is a National Action Plan on Trafficking in Persons for the period 2023-2027 which was officially launched on 28 July 2023""
Stakeholders' Summary (A/HRC/WG.6/52/NAM/3), para. 34 — European Centre for Law and Justice: ""those measures had led to an increase in the number of cases that had been investigated and prosecuted""
UN Compilation (A/HRC/WG.6/52/NAM/2), para. 33 — United Nations country team: ""the Combating of Trafficking in Persons Act (Act No. 1 of 2018) required amendments to strengthen the protection of victims"""
138.155,Canada,supported,Private life & privacy,Miscellaneous,D,No information available on implementation,"Ensure that existing national cybercrime, data protection and privacy legislation is fully compliant with international human rights standards",No cluster rule matched and the evidence base contains no specific information on this recommendation.,,
138.156,Haiti,supported,Rights related to marriage & family,Reform discriminatory marriage and family laws,B,"Partially implemented / steps taken, further action needed","Continue to support, through economic and social policies and customary law, the institution of the family and the preservation of family values","Namibia passed the Marriage Act and Dissolution of Marriages Act (2024), abolishing common-law divorce grounds, but the Human Rights Committee criticises continuing delay in bills to remove gender-discriminatory aspects of customary marriage, polygamy and matrimonial property law.",A/HRC/WG.6/52/NAM/2 para. 8; A/HRC/WG.6/52/NAM/1 para. 62,"UN Compilation (A/HRC/WG.6/52/NAM/2), para. 8 — Human Rights Committee: ""the delay in adopting bills that sought to address discriminatory aspects of the legislative framework with regard to gender, including the marriage bill, the bill on the recognition of customary marriages, the divorce bill and the uniform matrimonial property bill""
National Report (A/HRC/WG.6/52/NAM/1), para. 62 — Namibia: ""Namibia passed the Marriage Act during 2024"""
138.157,Togo,supported,Labour rights and right to work,"Labour rights, minimum wage and equal pay",B,"Partially implemented / steps taken, further action needed",Take rigorous measures to stem occupational segregation based on sex in the labour market and strengthen the fight against traditional practices harmful to women and girls,"Namibia ratified ILO Conventions No. 190 and No. 156 (August 2025) and set a national minimum wage for domestic, agricultural and security workers (2024-2027); ILO reports continuing challenges implementing occupational safety and health, and CEDAW recommends equal pay for work of equal value and action on labour-market segregation.",A/HRC/WG.6/52/NAM/1 para. 103; A/HRC/WG.6/52/NAM/2 para. 36,"National Report (A/HRC/WG.6/52/NAM/1), para. 103 — Namibia: ""Government enacted a Wage Order Setting the National Minimum Wage for certain employees (domestic, agricultural and security), for the years 2024, 2025, 2026 and 2027""
UN Compilation (A/HRC/WG.6/52/NAM/2), para. 36 — International Labour Organization: ""Namibia continued to face challenges in effectively implementing policies on occupational safety and health"""
138.158,Chile,supported,Labour rights and right to work,"Labour rights, minimum wage and equal pay",B,"Partially implemented / steps taken, further action needed","Take actions to end job segregation based on sex, including measures to increase the participation of women in managerial positions","Namibia ratified ILO Conventions No. 190 and No. 156 (August 2025) and set a national minimum wage for domestic, agricultural and security workers (2024-2027); ILO reports continuing challenges implementing occupational safety and health, and CEDAW recommends equal pay for work of equal value and action on labour-market segregation.",A/HRC/WG.6/52/NAM/1 para. 103; A/HRC/WG.6/52/NAM/2 para. 36,"National Report (A/HRC/WG.6/52/NAM/1), para. 103 — Namibia: ""Government enacted a Wage Order Setting the National Minimum Wage for certain employees (domestic, agricultural and security), for the years 2024, 2025, 2026 and 2027""
UN Compilation (A/HRC/WG.6/52/NAM/2), para. 36 — International Labour Organization: ""Namibia continued to face challenges in effectively implementing policies on occupational safety and health"""
138.159,Indonesia,supported,Labour rights and right to work,"Labour rights, minimum wage and equal pay",B,"Partially implemented / steps taken, further action needed",Further recognize the role of health and essential workers in defending human rights during the COVID-19 pandemic and continue its work at the national and international levels in providing a safe and enabling environment for such workers,"Namibia ratified ILO Conventions No. 190 and No. 156 (August 2025) and set a national minimum wage for domestic, agricultural and security workers (2024-2027); ILO reports continuing challenges implementing occupational safety and health, and CEDAW recommends equal pay for work of equal value and action on labour-market segregation.",A/HRC/WG.6/52/NAM/1 para. 103; A/HRC/WG.6/52/NAM/2 para. 36,"National Report (A/HRC/WG.6/52/NAM/1), para. 103 — Namibia: ""Government enacted a Wage Order Setting the National Minimum Wage for certain employees (domestic, agricultural and security), for the years 2024, 2025, 2026 and 2027""
UN Compilation (A/HRC/WG.6/52/NAM/2), para. 36 — International Labour Organization: ""Namibia continued to face challenges in effectively implementing policies on occupational safety and health"""
138.160,Congo,supported,Right to an adequate standard of living,Adequate standard of living; informal settlements,B,"Partially implemented / steps taken, further action needed",Intensify efforts to improve living conditions for older persons,"Namibia's Cabinet approved a revised National Housing Policy (2023) and supports the Shack Dwellers Federation, but stakeholders report more than 40 per cent of the population (about 80 per cent of the urban population) live in informal settlements without secure tenure or basic services.",A/HRC/WG.6/52/NAM/3 para. 41; A/HRC/WG.6/52/NAM/1 para. 81,"Stakeholders' Summary (A/HRC/WG.6/52/NAM/3), para. 41 — Joint submission 7: ""more 40 percent of the total population and approximately 80 percent of the urban population lived in informal settlements, often without access to basic services or secure land tenure""
National Report (A/HRC/WG.6/52/NAM/1), para. 81 — Namibia: ""In 2023, the Cabinet approved the revised National Housing Policy and Implementation Action Plan, which provides for the accelerated interventions ... to scale up the upgrading of informal settlements countrywide"""
138.161,Senegal,supported,Land & property rights,Miscellaneous,D,No information available on implementation,Establish policies and programmes to make land acquisition accessible and affordable for the most deprived groups,No cluster rule matched and the evidence base contains no specific information on this recommendation.,,
138.162,Turkey,supported,Right to adequate housing,Right to adequate housing; informal settlements,B,"Partially implemented / steps taken, further action needed","Give top priority to tackling the shortage of affordable housing with access to water, electricity and sanitation","A revised National Housing Policy (2023) and support for the Shack Dwellers Federation are reported, but a large majority of the urban population lives in informal settlements without secure tenure, and evictions of informal occupants continue.",A/HRC/WG.6/52/NAM/3 para. 41; A/HRC/WG.6/52/NAM/1 para. 82,"Stakeholders' Summary (A/HRC/WG.6/52/NAM/3), para. 41 — Joint submission 7: ""more 40 percent of the total population and approximately 80 percent of the urban population lived in informal settlements, often without access to basic services or secure land tenure""
National Report (A/HRC/WG.6/52/NAM/1), para. 82 — Namibia: ""local authority councils have evicted illegal occupants of land in their jurisdictions in accordance with their respective by-laws"""
138.163,Ukraine,supported,Right to adequate housing,Right to adequate housing; informal settlements,B,"Partially implemented / steps taken, further action needed","Improve access to adequate housing, safe drinking water and adequate sanitation","A revised National Housing Policy (2023) and support for the Shack Dwellers Federation are reported, but a large majority of the urban population lives in informal settlements without secure tenure, and evictions of informal occupants continue.",A/HRC/WG.6/52/NAM/3 para. 41; A/HRC/WG.6/52/NAM/1 para. 82,"Stakeholders' Summary (A/HRC/WG.6/52/NAM/3), para. 41 — Joint submission 7: ""more 40 percent of the total population and approximately 80 percent of the urban population lived in informal settlements, often without access to basic services or secure land tenure""
National Report (A/HRC/WG.6/52/NAM/1), para. 82 — Namibia: ""local authority councils have evicted illegal occupants of land in their jurisdictions in accordance with their respective by-laws"""
138.164,Côte d ’ Ivoire,supported,Right to adequate housing,Right to adequate housing; informal settlements,B,"Partially implemented / steps taken, further action needed",End all forced evictions that deprive people of shelter and expose them to other human rights violations,"A revised National Housing Policy (2023) and support for the Shack Dwellers Federation are reported, but a large majority of the urban population lives in informal settlements without secure tenure, and evictions of informal occupants continue.",A/HRC/WG.6/52/NAM/3 para. 41; A/HRC/WG.6/52/NAM/1 para. 82,"Stakeholders' Summary (A/HRC/WG.6/52/NAM/3), para. 41 — Joint submission 7: ""more 40 percent of the total population and approximately 80 percent of the urban population lived in informal settlements, often without access to basic services or secure land tenure""
National Report (A/HRC/WG.6/52/NAM/1), para. 82 — Namibia: ""local authority councils have evicted illegal occupants of land in their jurisdictions in accordance with their respective by-laws"""
138.165,Turkey,supported,Right to food,Right to food and nutrition security,B,"Partially implemented / steps taken, further action needed","Continue expanding access to food and educational opportunities for all children, particularly those from food-insecure households","Namibia revised its National Food and Nutrition Security Policy (2021) and runs food-bank and school-feeding programmes and drought relief, but the UN country team and CRC record continuing child malnutrition and stunting and high food insecurity.",A/HRC/WG.6/52/NAM/1 para. 100; A/HRC/WG.6/52/NAM/2 para. 45,"National Report (A/HRC/WG.6/52/NAM/1), para. 100 — Namibia: ""Namibia has a National Food and Nutrition Security policy which was revised during 2021, its implementation plan and, Food and Nutrition Security Coordination structures""
UN Compilation (A/HRC/WG.6/52/NAM/2), para. 45 — Committee on the Rights of the Child: ""strengthen efforts to reduce infant mortality rates and to eliminate malnutrition, stunting and micronutrient deficiency among children"""
138.166,Ukraine,supported,Human rights & poverty,Address poverty and inequality,B,"Partially implemented / steps taken, further action needed",Address the problem of the high rate of poverty by adopting specific measures targeting rural areas,"Namibia launched a Social Protection Policy 2021-2030 and its 6th National Development Plan (2025) with poverty eradication as a cross-cutting issue, but stakeholders report it remains the second most unequal country in the world (Gini 59.1, 2022), the Basic Income Grant pilot was never scaled, and multidimensional poverty persists.",A/HRC/WG.6/52/NAM/1 para. 68; A/HRC/WG.6/52/NAM/3 para. 40; A/HRC/WG.6/52/NAM/3 para. 38,"National Report (A/HRC/WG.6/52/NAM/1), para. 68 — Namibia: ""Namibia launched the Social Protection Policy 2021 - 2030 which aims to address risks and vulnerabilities faced by all Namibians to reduce poverty and inequalities""
Stakeholders' Summary (A/HRC/WG.6/52/NAM/3), para. 40 — Joint submission 7: ""With a Gini coefficient of 59.1 (as of 2022), Namibia had remained the second most unequal country in the world in terms of income distribution""
Stakeholders' Summary (A/HRC/WG.6/52/NAM/3), para. 38 — Joint submission 7: ""the demonstrated success of the Basic Income Grant pilot project in Otjivero-Omitara (2008), this project had not been expanded nationally"""
138.167,Zimbabwe,supported,Human rights & poverty,Address poverty and inequality,B,"Partially implemented / steps taken, further action needed","Continue to strengthen laws and policies aimed at further reducing poverty and improving living standards, especially for the most vulnerable, including women and children","Namibia launched a Social Protection Policy 2021-2030 and its 6th National Development Plan (2025) with poverty eradication as a cross-cutting issue, but stakeholders report it remains the second most unequal country in the world (Gini 59.1, 2022), the Basic Income Grant pilot was never scaled, and multidimensional poverty persists.",A/HRC/WG.6/52/NAM/1 para. 68; A/HRC/WG.6/52/NAM/3 para. 40; A/HRC/WG.6/52/NAM/3 para. 38,"National Report (A/HRC/WG.6/52/NAM/1), para. 68 — Namibia: ""Namibia launched the Social Protection Policy 2021 - 2030 which aims to address risks and vulnerabilities faced by all Namibians to reduce poverty and inequalities""
Stakeholders' Summary (A/HRC/WG.6/52/NAM/3), para. 40 — Joint submission 7: ""With a Gini coefficient of 59.1 (as of 2022), Namibia had remained the second most unequal country in the world in terms of income distribution""
Stakeholders' Summary (A/HRC/WG.6/52/NAM/3), para. 38 — Joint submission 7: ""the demonstrated success of the Basic Income Grant pilot project in Otjivero-Omitara (2008), this project had not been expanded nationally"""
138.168,Democratic People ’ s Republic of Korea,supported,Human rights & poverty,Address poverty and inequality,B,"Partially implemented / steps taken, further action needed",Further strengthen its efforts to fight poverty and promote access to health care and education in cooperation with relevant United Nations agencies and other partners,"Namibia launched a Social Protection Policy 2021-2030 and its 6th National Development Plan (2025) with poverty eradication as a cross-cutting issue, but stakeholders report it remains the second most unequal country in the world (Gini 59.1, 2022), the Basic Income Grant pilot was never scaled, and multidimensional poverty persists.",A/HRC/WG.6/52/NAM/1 para. 68; A/HRC/WG.6/52/NAM/3 para. 40; A/HRC/WG.6/52/NAM/3 para. 38,"National Report (A/HRC/WG.6/52/NAM/1), para. 68 — Namibia: ""Namibia launched the Social Protection Policy 2021 - 2030 which aims to address risks and vulnerabilities faced by all Namibians to reduce poverty and inequalities""
Stakeholders' Summary (A/HRC/WG.6/52/NAM/3), para. 40 — Joint submission 7: ""With a Gini coefficient of 59.1 (as of 2022), Namibia had remained the second most unequal country in the world in terms of income distribution""
Stakeholders' Summary (A/HRC/WG.6/52/NAM/3), para. 38 — Joint submission 7: ""the demonstrated success of the Basic Income Grant pilot project in Otjivero-Omitara (2008), this project had not been expanded nationally"""
138.169,Gabon,supported,Human rights & poverty,Address poverty and inequality,B,"Partially implemented / steps taken, further action needed","Step up efforts to combat poverty and all forms of discrimination, especially against indigenous persons and persons with disabilities","Namibia launched a Social Protection Policy 2021-2030 and its 6th National Development Plan (2025) with poverty eradication as a cross-cutting issue, but stakeholders report it remains the second most unequal country in the world (Gini 59.1, 2022), the Basic Income Grant pilot was never scaled, and multidimensional poverty persists.",A/HRC/WG.6/52/NAM/1 para. 68; A/HRC/WG.6/52/NAM/3 para. 40; A/HRC/WG.6/52/NAM/3 para. 38,"National Report (A/HRC/WG.6/52/NAM/1), para. 68 — Namibia: ""Namibia launched the Social Protection Policy 2021 - 2030 which aims to address risks and vulnerabilities faced by all Namibians to reduce poverty and inequalities""
Stakeholders' Summary (A/HRC/WG.6/52/NAM/3), para. 40 — Joint submission 7: ""With a Gini coefficient of 59.1 (as of 2022), Namibia had remained the second most unequal country in the world in terms of income distribution""
Stakeholders' Summary (A/HRC/WG.6/52/NAM/3), para. 38 — Joint submission 7: ""the demonstrated success of the Basic Income Grant pilot project in Otjivero-Omitara (2008), this project had not been expanded nationally"""
138.170,Islamic Republic of Iran,supported,Human rights & poverty,Address poverty and inequality,B,"Partially implemented / steps taken, further action needed",Continue its efforts to eradicate extreme poverty,"Namibia launched a Social Protection Policy 2021-2030 and its 6th National Development Plan (2025) with poverty eradication as a cross-cutting issue, but stakeholders report it remains the second most unequal country in the world (Gini 59.1, 2022), the Basic Income Grant pilot was never scaled, and multidimensional poverty persists.",A/HRC/WG.6/52/NAM/1 para. 68; A/HRC/WG.6/52/NAM/3 para. 40; A/HRC/WG.6/52/NAM/3 para. 38,"National Report (A/HRC/WG.6/52/NAM/1), para. 68 — Namibia: ""Namibia launched the Social Protection Policy 2021 - 2030 which aims to address risks and vulnerabilities faced by all Namibians to reduce poverty and inequalities""
Stakeholders' Summary (A/HRC/WG.6/52/NAM/3), para. 40 — Joint submission 7: ""With a Gini coefficient of 59.1 (as of 2022), Namibia had remained the second most unequal country in the world in terms of income distribution""
Stakeholders' Summary (A/HRC/WG.6/52/NAM/3), para. 38 — Joint submission 7: ""the demonstrated success of the Basic Income Grant pilot project in Otjivero-Omitara (2008), this project had not been expanded nationally"""
138.171,Iraq,supported,Human rights & poverty,Address poverty and inequality,B,"Partially implemented / steps taken, further action needed","Work to address the high rates of poverty, especially in rural areas and among children","Namibia launched a Social Protection Policy 2021-2030 and its 6th National Development Plan (2025) with poverty eradication as a cross-cutting issue, but stakeholders report it remains the second most unequal country in the world (Gini 59.1, 2022), the Basic Income Grant pilot was never scaled, and multidimensional poverty persists.",A/HRC/WG.6/52/NAM/1 para. 68; A/HRC/WG.6/52/NAM/3 para. 40; A/HRC/WG.6/52/NAM/3 para. 38,"National Report (A/HRC/WG.6/52/NAM/1), para. 68 — Namibia: ""Namibia launched the Social Protection Policy 2021 - 2030 which aims to address risks and vulnerabilities faced by all Namibians to reduce poverty and inequalities""
Stakeholders' Summary (A/HRC/WG.6/52/NAM/3), para. 40 — Joint submission 7: ""With a Gini coefficient of 59.1 (as of 2022), Namibia had remained the second most unequal country in the world in terms of income distribution""
Stakeholders' Summary (A/HRC/WG.6/52/NAM/3), para. 38 — Joint submission 7: ""the demonstrated success of the Basic Income Grant pilot project in Otjivero-Omitara (2008), this project had not been expanded nationally"""
138.172,Lao People ’ s Democratic Republic,supported,Right to development,National development planning,B,"Partially implemented / steps taken, further action needed",Continue its efforts to realize its National Development Plan and to alleviate and eradicate poverty in the country,"Namibia launched its 6th National Development Plan (2025) with a costed implementation, monitoring and evaluation plan and poverty eradication as a cross-cutting issue; high unemployment and inequality remain the central challenges.",A/HRC/WG.6/52/NAM/1 para. 42; A/HRC/WG.6/52/NAM/1 para. 125,"National Report (A/HRC/WG.6/52/NAM/1), para. 42 — Namibia: ""In 2025, Namibia launched its National Development Plan Six (NDP 6) which focuses on four (4) pillars ... NDP 6 also has an Implementation, Monitoring and Evaluation Plan (IMEP)""
National Report (A/HRC/WG.6/52/NAM/1), para. 125 — Namibia: ""Namibia is experiencing a high unemployment rate and requires assistance from the international community"""
138.173,Malaysia,supported,Human rights & poverty,Address poverty and inequality,B,"Partially implemented / steps taken, further action needed","Promptly and adequately address poverty, especially in rural areas and among children, through more targeted measures","Namibia launched a Social Protection Policy 2021-2030 and its 6th National Development Plan (2025) with poverty eradication as a cross-cutting issue, but stakeholders report it remains the second most unequal country in the world (Gini 59.1, 2022), the Basic Income Grant pilot was never scaled, and multidimensional poverty persists.",A/HRC/WG.6/52/NAM/1 para. 68; A/HRC/WG.6/52/NAM/3 para. 40; A/HRC/WG.6/52/NAM/3 para. 38,"National Report (A/HRC/WG.6/52/NAM/1), para. 68 — Namibia: ""Namibia launched the Social Protection Policy 2021 - 2030 which aims to address risks and vulnerabilities faced by all Namibians to reduce poverty and inequalities""
Stakeholders' Summary (A/HRC/WG.6/52/NAM/3), para. 40 — Joint submission 7: ""With a Gini coefficient of 59.1 (as of 2022), Namibia had remained the second most unequal country in the world in terms of income distribution""
Stakeholders' Summary (A/HRC/WG.6/52/NAM/3), para. 38 — Joint submission 7: ""the demonstrated success of the Basic Income Grant pilot project in Otjivero-Omitara (2008), this project had not been expanded nationally"""
138.174,Montenegro,supported,Human rights & poverty,Address poverty and inequality,B,"Partially implemented / steps taken, further action needed","Adopt and implement specific measures to address the high rates of poverty, especially in rural areas and among children","Namibia launched a Social Protection Policy 2021-2030 and its 6th National Development Plan (2025) with poverty eradication as a cross-cutting issue, but stakeholders report it remains the second most unequal country in the world (Gini 59.1, 2022), the Basic Income Grant pilot was never scaled, and multidimensional poverty persists.",A/HRC/WG.6/52/NAM/1 para. 68; A/HRC/WG.6/52/NAM/3 para. 40; A/HRC/WG.6/52/NAM/3 para. 38,"National Report (A/HRC/WG.6/52/NAM/1), para. 68 — Namibia: ""Namibia launched the Social Protection Policy 2021 - 2030 which aims to address risks and vulnerabilities faced by all Namibians to reduce poverty and inequalities""
Stakeholders' Summary (A/HRC/WG.6/52/NAM/3), para. 40 — Joint submission 7: ""With a Gini coefficient of 59.1 (as of 2022), Namibia had remained the second most unequal country in the world in terms of income distribution""
Stakeholders' Summary (A/HRC/WG.6/52/NAM/3), para. 38 — Joint submission 7: ""the demonstrated success of the Basic Income Grant pilot project in Otjivero-Omitara (2008), this project had not been expanded nationally"""
138.175,Nepal,supported,Human rights & poverty,Address poverty and inequality,B,"Partially implemented / steps taken, further action needed",Continue efforts towards poverty eradication and increasing food security and sanitation,"Namibia launched a Social Protection Policy 2021-2030 and its 6th National Development Plan (2025) with poverty eradication as a cross-cutting issue, but stakeholders report it remains the second most unequal country in the world (Gini 59.1, 2022), the Basic Income Grant pilot was never scaled, and multidimensional poverty persists.",A/HRC/WG.6/52/NAM/1 para. 68; A/HRC/WG.6/52/NAM/3 para. 40; A/HRC/WG.6/52/NAM/3 para. 38,"National Report (A/HRC/WG.6/52/NAM/1), para. 68 — Namibia: ""Namibia launched the Social Protection Policy 2021 - 2030 which aims to address risks and vulnerabilities faced by all Namibians to reduce poverty and inequalities""
Stakeholders' Summary (A/HRC/WG.6/52/NAM/3), para. 40 — Joint submission 7: ""With a Gini coefficient of 59.1 (as of 2022), Namibia had remained the second most unequal country in the world in terms of income distribution""
Stakeholders' Summary (A/HRC/WG.6/52/NAM/3), para. 38 — Joint submission 7: ""the demonstrated success of the Basic Income Grant pilot project in Otjivero-Omitara (2008), this project had not been expanded nationally"""
138.176,Timor-Leste,supported,Right to social security,Extend social protection coverage,B,"Partially implemented / steps taken, further action needed",Develop a universal social security system,"Namibia increased the universal old-age pension and launched a Social Protection Policy 2021-2030, but stakeholders report the policy is weak in scope and excludes many, and the National Pension Fund and National Medical Benefit Fund have faced nearly three decades of implementation delay.",A/HRC/WG.6/52/NAM/3 para. 37; A/HRC/WG.6/52/NAM/3 para. 39,"Stakeholders' Summary (A/HRC/WG.6/52/NAM/3), para. 37 — Joint submission 7: ""steps had been taken to strengthen social protection, including a substantial increase in the universal old-age pension and the launch of the Social Protection Policy (2021-2030), but ... that Policy remained weak in scope and excluded many citizens""
Stakeholders' Summary (A/HRC/WG.6/52/NAM/3), para. 39 — Joint submission 7: ""The National Pension Fund and the National Medical Benefit Fund ... had faced delays of nearly three decades in implementation"""
138.177,Costa Rica,supported,Right to social security,Extend social protection coverage,B,"Partially implemented / steps taken, further action needed","Reinforce the measures adopted in the area of social protection, ensuring the empowerment and participation of girls, boys, women and communities in the design of public policies","Namibia increased the universal old-age pension and launched a Social Protection Policy 2021-2030, but stakeholders report the policy is weak in scope and excludes many, and the National Pension Fund and National Medical Benefit Fund have faced nearly three decades of implementation delay.",A/HRC/WG.6/52/NAM/3 para. 37; A/HRC/WG.6/52/NAM/3 para. 39,"Stakeholders' Summary (A/HRC/WG.6/52/NAM/3), para. 37 — Joint submission 7: ""steps had been taken to strengthen social protection, including a substantial increase in the universal old-age pension and the launch of the Social Protection Policy (2021-2030), but ... that Policy remained weak in scope and excluded many citizens""
Stakeholders' Summary (A/HRC/WG.6/52/NAM/3), para. 39 — Joint submission 7: ""The National Pension Fund and the National Medical Benefit Fund ... had faced delays of nearly three decades in implementation"""
138.178,Libya,supported,Right to social security,Extend social protection coverage,B,"Partially implemented / steps taken, further action needed",Continue the exerted efforts to guarantee to all citizens the enjoyment of economic and social rights and provide a social security network that includes the poorest groups,"Namibia increased the universal old-age pension and launched a Social Protection Policy 2021-2030, but stakeholders report the policy is weak in scope and excludes many, and the National Pension Fund and National Medical Benefit Fund have faced nearly three decades of implementation delay.",A/HRC/WG.6/52/NAM/3 para. 37; A/HRC/WG.6/52/NAM/3 para. 39,"Stakeholders' Summary (A/HRC/WG.6/52/NAM/3), para. 37 — Joint submission 7: ""steps had been taken to strengthen social protection, including a substantial increase in the universal old-age pension and the launch of the Social Protection Policy (2021-2030), but ... that Policy remained weak in scope and excluded many citizens""
Stakeholders' Summary (A/HRC/WG.6/52/NAM/3), para. 39 — Joint submission 7: ""The National Pension Fund and the National Medical Benefit Fund ... had faced delays of nearly three decades in implementation"""
138.179,Syrian Arab Republic,supported,Right to social security,Extend social protection coverage,B,"Partially implemented / steps taken, further action needed","Work as much as possible, and within reasonable limits, to strengthen social protection programmes in terms of expanding coverage and the range of beneficiaries","Namibia increased the universal old-age pension and launched a Social Protection Policy 2021-2030, but stakeholders report the policy is weak in scope and excludes many, and the National Pension Fund and National Medical Benefit Fund have faced nearly three decades of implementation delay.",A/HRC/WG.6/52/NAM/3 para. 37; A/HRC/WG.6/52/NAM/3 para. 39,"Stakeholders' Summary (A/HRC/WG.6/52/NAM/3), para. 37 — Joint submission 7: ""steps had been taken to strengthen social protection, including a substantial increase in the universal old-age pension and the launch of the Social Protection Policy (2021-2030), but ... that Policy remained weak in scope and excluded many citizens""
Stakeholders' Summary (A/HRC/WG.6/52/NAM/3), para. 39 — Joint submission 7: ""The National Pension Fund and the National Medical Benefit Fund ... had faced delays of nearly three decades in implementation"""
138.180,Pakistan,supported,"Economic, social & cultural rights - general measures of implementation","Give effect to economic, social and cultural rights",C,Not implemented / no relevant action taken,Continue to take steps to mitigate COVID-19-related socioeconomic challenges that may hinder progress on the Sustainable Development Goals,"JS7 reports that most economic, social and cultural rights are not guaranteed as enforceable rights in the Constitution and are treated as aspirational policy goals; Namibia has not acceded to the Optional Protocol to the ICESCR.",A/HRC/WG.6/52/NAM/3 para. 4,"Stakeholders' Summary (A/HRC/WG.6/52/NAM/3), para. 4 — Joint submission 7: ""the enforceability of most of the internationally recognised economic, social and cultural rights had not been guaranteed in the Constitution. As a result, those rights had been treated as aspirational policy goals"""
138.181,Portugal,supported,Safe drinking water & sanitation,Access to safe water and sanitation,B,"Partially implemented / steps taken, further action needed",Strengthen its efforts towards enhancing access to safe drinking water in rural and isolated areas and towards the realization of the right to sanitation,"Namibia adopted a National Sanitation and Hygiene Strategy 2022-2027 and completed the Neckertal dam (2019), but per the 2023 census only 36.2 per cent of rural households have toilet facilities and 22.6 per cent of urban households lack clean drinking water; access is described as still limited.",A/HRC/WG.6/52/NAM/1 para. 84; A/HRC/WG.6/52/NAM/1 para. 126,"National Report (A/HRC/WG.6/52/NAM/1), para. 84 — Namibia: ""According to the 2023 Namibia Population and Housing Census, 60% of households in Namibia have access to toilet facilities, while only 36.2% of households in rural areas have access to such facilities""
National Report (A/HRC/WG.6/52/NAM/1), para. 126 — Namibia: ""Access to water and sanitation is still limited"""
138.182,Rwanda,supported,Safe drinking water & sanitation,Access to safe water and sanitation,B,"Partially implemented / steps taken, further action needed",Take effective measures in rural areas to reduce the distance from households to water points,"Namibia adopted a National Sanitation and Hygiene Strategy 2022-2027 and completed the Neckertal dam (2019), but per the 2023 census only 36.2 per cent of rural households have toilet facilities and 22.6 per cent of urban households lack clean drinking water; access is described as still limited.",A/HRC/WG.6/52/NAM/1 para. 84; A/HRC/WG.6/52/NAM/1 para. 126,"National Report (A/HRC/WG.6/52/NAM/1), para. 84 — Namibia: ""According to the 2023 Namibia Population and Housing Census, 60% of households in Namibia have access to toilet facilities, while only 36.2% of households in rural areas have access to such facilities""
National Report (A/HRC/WG.6/52/NAM/1), para. 126 — Namibia: ""Access to water and sanitation is still limited"""
138.183,Serbia,supported,Safe drinking water & sanitation,Access to safe water and sanitation,B,"Partially implemented / steps taken, further action needed",Take effective measures in terms of infrastructure development in order to reduce the distance to water sources in rural areas of the country,"Namibia adopted a National Sanitation and Hygiene Strategy 2022-2027 and completed the Neckertal dam (2019), but per the 2023 census only 36.2 per cent of rural households have toilet facilities and 22.6 per cent of urban households lack clean drinking water; access is described as still limited.",A/HRC/WG.6/52/NAM/1 para. 84; A/HRC/WG.6/52/NAM/1 para. 126,"National Report (A/HRC/WG.6/52/NAM/1), para. 84 — Namibia: ""According to the 2023 Namibia Population and Housing Census, 60% of households in Namibia have access to toilet facilities, while only 36.2% of households in rural areas have access to such facilities""
National Report (A/HRC/WG.6/52/NAM/1), para. 126 — Namibia: ""Access to water and sanitation is still limited"""
138.184,Turkey,supported,Safe drinking water & sanitation,Access to safe water and sanitation,B,"Partially implemented / steps taken, further action needed","Finalize Neckartal Dam construction with supplementary irrigation projects for safe and clean water for use by citizens and for the needs of small-scale farmers, and finalize other government projects","Namibia adopted a National Sanitation and Hygiene Strategy 2022-2027 and completed the Neckertal dam (2019), but per the 2023 census only 36.2 per cent of rural households have toilet facilities and 22.6 per cent of urban households lack clean drinking water; access is described as still limited.",A/HRC/WG.6/52/NAM/1 para. 84; A/HRC/WG.6/52/NAM/1 para. 126,"National Report (A/HRC/WG.6/52/NAM/1), para. 84 — Namibia: ""According to the 2023 Namibia Population and Housing Census, 60% of households in Namibia have access to toilet facilities, while only 36.2% of households in rural areas have access to such facilities""
National Report (A/HRC/WG.6/52/NAM/1), para. 126 — Namibia: ""Access to water and sanitation is still limited"""
138.185,Barbados,supported,Safe drinking water & sanitation,Access to safe water and sanitation,B,"Partially implemented / steps taken, further action needed",Continue efforts to extend access to safe drinking water and improved conditions of sanitation,"Namibia adopted a National Sanitation and Hygiene Strategy 2022-2027 and completed the Neckertal dam (2019), but per the 2023 census only 36.2 per cent of rural households have toilet facilities and 22.6 per cent of urban households lack clean drinking water; access is described as still limited.",A/HRC/WG.6/52/NAM/1 para. 84; A/HRC/WG.6/52/NAM/1 para. 126,"National Report (A/HRC/WG.6/52/NAM/1), para. 84 — Namibia: ""According to the 2023 Namibia Population and Housing Census, 60% of households in Namibia have access to toilet facilities, while only 36.2% of households in rural areas have access to such facilities""
National Report (A/HRC/WG.6/52/NAM/1), para. 126 — Namibia: ""Access to water and sanitation is still limited"""
138.186,Spain,supported,Safe drinking water & sanitation,Access to safe water and sanitation,B,"Partially implemented / steps taken, further action needed","Continue efforts to realize the human rights to drinking water and sanitation, increasing access to safe drinking water and sanitation both in informal settlements and in rural areas by, among others, reducing the distance between points of water supply in these areas","Namibia adopted a National Sanitation and Hygiene Strategy 2022-2027 and completed the Neckertal dam (2019), but per the 2023 census only 36.2 per cent of rural households have toilet facilities and 22.6 per cent of urban households lack clean drinking water; access is described as still limited.",A/HRC/WG.6/52/NAM/1 para. 84; A/HRC/WG.6/52/NAM/1 para. 126,"National Report (A/HRC/WG.6/52/NAM/1), para. 84 — Namibia: ""According to the 2023 Namibia Population and Housing Census, 60% of households in Namibia have access to toilet facilities, while only 36.2% of households in rural areas have access to such facilities""
National Report (A/HRC/WG.6/52/NAM/1), para. 126 — Namibia: ""Access to water and sanitation is still limited"""
138.187,Sri Lanka,supported,Safe drinking water & sanitation,Access to safe water and sanitation,B,"Partially implemented / steps taken, further action needed",Continue national efforts to further improve access to safe drinking water and sanitation,"Namibia adopted a National Sanitation and Hygiene Strategy 2022-2027 and completed the Neckertal dam (2019), but per the 2023 census only 36.2 per cent of rural households have toilet facilities and 22.6 per cent of urban households lack clean drinking water; access is described as still limited.",A/HRC/WG.6/52/NAM/1 para. 84; A/HRC/WG.6/52/NAM/1 para. 126,"National Report (A/HRC/WG.6/52/NAM/1), para. 84 — Namibia: ""According to the 2023 Namibia Population and Housing Census, 60% of households in Namibia have access to toilet facilities, while only 36.2% of households in rural areas have access to such facilities""
National Report (A/HRC/WG.6/52/NAM/1), para. 126 — Namibia: ""Access to water and sanitation is still limited"""
138.188,Malaysia,supported,Safe drinking water & sanitation,Access to safe water and sanitation,B,"Partially implemented / steps taken, further action needed",Continue to take effective measures in rural areas to reduce the distance to water points and improve access to sanitation,"Namibia adopted a National Sanitation and Hygiene Strategy 2022-2027 and completed the Neckertal dam (2019), but per the 2023 census only 36.2 per cent of rural households have toilet facilities and 22.6 per cent of urban households lack clean drinking water; access is described as still limited.",A/HRC/WG.6/52/NAM/1 para. 84; A/HRC/WG.6/52/NAM/1 para. 126,"National Report (A/HRC/WG.6/52/NAM/1), para. 84 — Namibia: ""According to the 2023 Namibia Population and Housing Census, 60% of households in Namibia have access to toilet facilities, while only 36.2% of households in rural areas have access to such facilities""
National Report (A/HRC/WG.6/52/NAM/1), para. 126 — Namibia: ""Access to water and sanitation is still limited"""
138.189,Mali,supported,Safe drinking water & sanitation,Access to safe water and sanitation,B,"Partially implemented / steps taken, further action needed","Strengthen initiatives aimed at achieving the Sustainable Development Goal target concerning sanitation, particularly in rural areas","Namibia adopted a National Sanitation and Hygiene Strategy 2022-2027 and completed the Neckertal dam (2019), but per the 2023 census only 36.2 per cent of rural households have toilet facilities and 22.6 per cent of urban households lack clean drinking water; access is described as still limited.",A/HRC/WG.6/52/NAM/1 para. 84; A/HRC/WG.6/52/NAM/1 para. 126,"National Report (A/HRC/WG.6/52/NAM/1), para. 84 — Namibia: ""According to the 2023 Namibia Population and Housing Census, 60% of households in Namibia have access to toilet facilities, while only 36.2% of households in rural areas have access to such facilities""
National Report (A/HRC/WG.6/52/NAM/1), para. 126 — Namibia: ""Access to water and sanitation is still limited"""
138.190,Serbia,supported,Right to health,Access to health care; maternal mortality; SRHR,B,"Partially implemented / steps taken, further action needed",Make additional efforts to ensure the availability of health services in rural areas and strive to equalize the quality of health services in public and private institutions,"Namibia approved a Universal Health Coverage policy (2024), reduced maternal mortality from an estimated 219 (2020) to 139 (2025) and is near the 95-95-95 HIV targets; CEDAW still calls for decriminalisation of abortion and better sexual and reproductive health access, mental-health law reform is outstanding, and the HIV response is threatened by foreign-aid withdrawal.",A/HRC/WG.6/52/NAM/1 para. 86; A/HRC/WG.6/52/NAM/2 para. 44; A/HRC/WG.6/52/NAM/3 para. 46,"National Report (A/HRC/WG.6/52/NAM/1), para. 86 — Namibia: ""A major milestone was the 2024 approval of a Universal Health Coverage policy, designed to guarantee equitable healthcare access for all citizens without financial burden""
UN Compilation (A/HRC/WG.6/52/NAM/2), para. 44 — Committee on the Elimination of Discrimination against Women: ""amend section 3 (1) of the Abortion and Sterilization Act (Act No. 2 of 1975) to decriminalize abortion in all cases""
Stakeholders' Summary (A/HRC/WG.6/52/NAM/3), para. 46 — Joint submission 2: ""the HIV/AIDS response, which had previously achieved significant success, was now at risk due to the withdrawal of foreign aid"""
138.191,Tunisia,supported,Right to health,Access to health care; maternal mortality; SRHR,B,"Partially implemented / steps taken, further action needed","Continue the progress made in promoting the full implementation of human rights in the field of health, in particular concerning women and children","Namibia approved a Universal Health Coverage policy (2024), reduced maternal mortality from an estimated 219 (2020) to 139 (2025) and is near the 95-95-95 HIV targets; CEDAW still calls for decriminalisation of abortion and better sexual and reproductive health access, mental-health law reform is outstanding, and the HIV response is threatened by foreign-aid withdrawal.",A/HRC/WG.6/52/NAM/1 para. 86; A/HRC/WG.6/52/NAM/2 para. 44; A/HRC/WG.6/52/NAM/3 para. 46,"National Report (A/HRC/WG.6/52/NAM/1), para. 86 — Namibia: ""A major milestone was the 2024 approval of a Universal Health Coverage policy, designed to guarantee equitable healthcare access for all citizens without financial burden""
UN Compilation (A/HRC/WG.6/52/NAM/2), para. 44 — Committee on the Elimination of Discrimination against Women: ""amend section 3 (1) of the Abortion and Sterilization Act (Act No. 2 of 1975) to decriminalize abortion in all cases""
Stakeholders' Summary (A/HRC/WG.6/52/NAM/3), para. 46 — Joint submission 2: ""the HIV/AIDS response, which had previously achieved significant success, was now at risk due to the withdrawal of foreign aid"""
138.192,Bolivarian Republic of Venezuela,supported,Right to health,Access to health care; maternal mortality; SRHR,B,"Partially implemented / steps taken, further action needed",Consolidate the measures destined to assure the full enjoyment of the right to health,"Namibia approved a Universal Health Coverage policy (2024), reduced maternal mortality from an estimated 219 (2020) to 139 (2025) and is near the 95-95-95 HIV targets; CEDAW still calls for decriminalisation of abortion and better sexual and reproductive health access, mental-health law reform is outstanding, and the HIV response is threatened by foreign-aid withdrawal.",A/HRC/WG.6/52/NAM/1 para. 86; A/HRC/WG.6/52/NAM/2 para. 44; A/HRC/WG.6/52/NAM/3 para. 46,"National Report (A/HRC/WG.6/52/NAM/1), para. 86 — Namibia: ""A major milestone was the 2024 approval of a Universal Health Coverage policy, designed to guarantee equitable healthcare access for all citizens without financial burden""
UN Compilation (A/HRC/WG.6/52/NAM/2), para. 44 — Committee on the Elimination of Discrimination against Women: ""amend section 3 (1) of the Abortion and Sterilization Act (Act No. 2 of 1975) to decriminalize abortion in all cases""
Stakeholders' Summary (A/HRC/WG.6/52/NAM/3), para. 46 — Joint submission 2: ""the HIV/AIDS response, which had previously achieved significant success, was now at risk due to the withdrawal of foreign aid"""
138.193,Azerbaijan,supported,Right to health,Access to health care; maternal mortality; SRHR,B,"Partially implemented / steps taken, further action needed","Strengthen health-care facilities and services for the benefit of all, including people living in rural areas","Namibia approved a Universal Health Coverage policy (2024), reduced maternal mortality from an estimated 219 (2020) to 139 (2025) and is near the 95-95-95 HIV targets; CEDAW still calls for decriminalisation of abortion and better sexual and reproductive health access, mental-health law reform is outstanding, and the HIV response is threatened by foreign-aid withdrawal.",A/HRC/WG.6/52/NAM/1 para. 86; A/HRC/WG.6/52/NAM/2 para. 44; A/HRC/WG.6/52/NAM/3 para. 46,"National Report (A/HRC/WG.6/52/NAM/1), para. 86 — Namibia: ""A major milestone was the 2024 approval of a Universal Health Coverage policy, designed to guarantee equitable healthcare access for all citizens without financial burden""
UN Compilation (A/HRC/WG.6/52/NAM/2), para. 44 — Committee on the Elimination of Discrimination against Women: ""amend section 3 (1) of the Abortion and Sterilization Act (Act No. 2 of 1975) to decriminalize abortion in all cases""
Stakeholders' Summary (A/HRC/WG.6/52/NAM/3), para. 46 — Joint submission 2: ""the HIV/AIDS response, which had previously achieved significant success, was now at risk due to the withdrawal of foreign aid"""
138.194,Burkina Faso,supported,Sexual & reproductive health and rights,Sexual and reproductive health and rights,C,Not implemented / no relevant action taken,Step up efforts to fight maternal and child mortality among low-income groups and harmful traditional practices against women and girls,"Namibia prioritises SRHR in national policy and integrated sexuality education into school programmes, but the restrictive Abortion and Sterilization Act (1975) is unchanged, comprehensive sexuality education is under-funded and teachers under-trained, and CEDAW seeks decriminalisation of abortion and better contraceptive access.",A/HRC/WG.6/52/NAM/2 para. 44; A/HRC/WG.6/52/NAM/3 para. 49,"UN Compilation (A/HRC/WG.6/52/NAM/2), para. 44 — Committee on the Elimination of Discrimination against Women: ""amend section 3 (1) of the Abortion and Sterilization Act (Act No. 2 of 1975) to decriminalize abortion in all cases ... improve women's access to safe abortion and post-abortion services""
Stakeholders' Summary (A/HRC/WG.6/52/NAM/3), para. 49 — Joint submission 2: ""there had been a lack of funding for the full implementation of these [comprehensive sexuality education] programmes and teachers had not been properly trained to teach the curriculum"""
138.195,China,supported,Right to health,Access to health care; maternal mortality; SRHR,B,"Partially implemented / steps taken, further action needed",Continue to expand investment in the field of public health and better protect people’s right to health,"Namibia approved a Universal Health Coverage policy (2024), reduced maternal mortality from an estimated 219 (2020) to 139 (2025) and is near the 95-95-95 HIV targets; CEDAW still calls for decriminalisation of abortion and better sexual and reproductive health access, mental-health law reform is outstanding, and the HIV response is threatened by foreign-aid withdrawal.",A/HRC/WG.6/52/NAM/1 para. 86; A/HRC/WG.6/52/NAM/2 para. 44; A/HRC/WG.6/52/NAM/3 para. 46,"National Report (A/HRC/WG.6/52/NAM/1), para. 86 — Namibia: ""A major milestone was the 2024 approval of a Universal Health Coverage policy, designed to guarantee equitable healthcare access for all citizens without financial burden""
UN Compilation (A/HRC/WG.6/52/NAM/2), para. 44 — Committee on the Elimination of Discrimination against Women: ""amend section 3 (1) of the Abortion and Sterilization Act (Act No. 2 of 1975) to decriminalize abortion in all cases""
Stakeholders' Summary (A/HRC/WG.6/52/NAM/3), para. 46 — Joint submission 2: ""the HIV/AIDS response, which had previously achieved significant success, was now at risk due to the withdrawal of foreign aid"""
138.196,Cuba,supported,Right to health,Access to health care; maternal mortality; SRHR,B,"Partially implemented / steps taken, further action needed",Maintain ongoing efforts in the field of health through the implementation of the National Health Policy Framework and national efforts to allocate financial resources to this sector,"Namibia approved a Universal Health Coverage policy (2024), reduced maternal mortality from an estimated 219 (2020) to 139 (2025) and is near the 95-95-95 HIV targets; CEDAW still calls for decriminalisation of abortion and better sexual and reproductive health access, mental-health law reform is outstanding, and the HIV response is threatened by foreign-aid withdrawal.",A/HRC/WG.6/52/NAM/1 para. 86; A/HRC/WG.6/52/NAM/2 para. 44; A/HRC/WG.6/52/NAM/3 para. 46,"National Report (A/HRC/WG.6/52/NAM/1), para. 86 — Namibia: ""A major milestone was the 2024 approval of a Universal Health Coverage policy, designed to guarantee equitable healthcare access for all citizens without financial burden""
UN Compilation (A/HRC/WG.6/52/NAM/2), para. 44 — Committee on the Elimination of Discrimination against Women: ""amend section 3 (1) of the Abortion and Sterilization Act (Act No. 2 of 1975) to decriminalize abortion in all cases""
Stakeholders' Summary (A/HRC/WG.6/52/NAM/3), para. 46 — Joint submission 2: ""the HIV/AIDS response, which had previously achieved significant success, was now at risk due to the withdrawal of foreign aid"""
138.197,Djibouti,supported,Right to health,Access to health care; maternal mortality; SRHR,B,"Partially implemented / steps taken, further action needed",Pursue the measures necessary to extend access to quality care to all segments of society without discrimination and guarantee access to health services for all,"Namibia approved a Universal Health Coverage policy (2024), reduced maternal mortality from an estimated 219 (2020) to 139 (2025) and is near the 95-95-95 HIV targets; CEDAW still calls for decriminalisation of abortion and better sexual and reproductive health access, mental-health law reform is outstanding, and the HIV response is threatened by foreign-aid withdrawal.",A/HRC/WG.6/52/NAM/1 para. 86; A/HRC/WG.6/52/NAM/2 para. 44; A/HRC/WG.6/52/NAM/3 para. 46,"National Report (A/HRC/WG.6/52/NAM/1), para. 86 — Namibia: ""A major milestone was the 2024 approval of a Universal Health Coverage policy, designed to guarantee equitable healthcare access for all citizens without financial burden""
UN Compilation (A/HRC/WG.6/52/NAM/2), para. 44 — Committee on the Elimination of Discrimination against Women: ""amend section 3 (1) of the Abortion and Sterilization Act (Act No. 2 of 1975) to decriminalize abortion in all cases""
Stakeholders' Summary (A/HRC/WG.6/52/NAM/3), para. 46 — Joint submission 2: ""the HIV/AIDS response, which had previously achieved significant success, was now at risk due to the withdrawal of foreign aid"""
138.198,Maldives,supported,Right to health,Access to health care; maternal mortality; SRHR,B,"Partially implemented / steps taken, further action needed",Take necessary steps to ensure equal access to quality health services in both rural and remote areas with an emphasis on prevention and early detection of diseases,"Namibia approved a Universal Health Coverage policy (2024), reduced maternal mortality from an estimated 219 (2020) to 139 (2025) and is near the 95-95-95 HIV targets; CEDAW still calls for decriminalisation of abortion and better sexual and reproductive health access, mental-health law reform is outstanding, and the HIV response is threatened by foreign-aid withdrawal.",A/HRC/WG.6/52/NAM/1 para. 86; A/HRC/WG.6/52/NAM/2 para. 44; A/HRC/WG.6/52/NAM/3 para. 46,"National Report (A/HRC/WG.6/52/NAM/1), para. 86 — Namibia: ""A major milestone was the 2024 approval of a Universal Health Coverage policy, designed to guarantee equitable healthcare access for all citizens without financial burden""
UN Compilation (A/HRC/WG.6/52/NAM/2), para. 44 — Committee on the Elimination of Discrimination against Women: ""amend section 3 (1) of the Abortion and Sterilization Act (Act No. 2 of 1975) to decriminalize abortion in all cases""
Stakeholders' Summary (A/HRC/WG.6/52/NAM/3), para. 46 — Joint submission 2: ""the HIV/AIDS response, which had previously achieved significant success, was now at risk due to the withdrawal of foreign aid"""
138.199,Dominican Republic,supported,Right to health,Access to health care; maternal mortality; SRHR,B,"Partially implemented / steps taken, further action needed",Strengthen prevention and awareness-raising measures in the health sector concerning HIV,"Namibia approved a Universal Health Coverage policy (2024), reduced maternal mortality from an estimated 219 (2020) to 139 (2025) and is near the 95-95-95 HIV targets; CEDAW still calls for decriminalisation of abortion and better sexual and reproductive health access, mental-health law reform is outstanding, and the HIV response is threatened by foreign-aid withdrawal.",A/HRC/WG.6/52/NAM/1 para. 86; A/HRC/WG.6/52/NAM/2 para. 44; A/HRC/WG.6/52/NAM/3 para. 46,"National Report (A/HRC/WG.6/52/NAM/1), para. 86 — Namibia: ""A major milestone was the 2024 approval of a Universal Health Coverage policy, designed to guarantee equitable healthcare access for all citizens without financial burden""
UN Compilation (A/HRC/WG.6/52/NAM/2), para. 44 — Committee on the Elimination of Discrimination against Women: ""amend section 3 (1) of the Abortion and Sterilization Act (Act No. 2 of 1975) to decriminalize abortion in all cases""
Stakeholders' Summary (A/HRC/WG.6/52/NAM/3), para. 46 — Joint submission 2: ""the HIV/AIDS response, which had previously achieved significant success, was now at risk due to the withdrawal of foreign aid"""
138.200,Thailand,supported,Right to health,Access to health care; maternal mortality; SRHR,B,"Partially implemented / steps taken, further action needed",Intensify its efforts to combat HIV/AIDS and prevent mother-to-child transmission,"Namibia approved a Universal Health Coverage policy (2024), reduced maternal mortality from an estimated 219 (2020) to 139 (2025) and is near the 95-95-95 HIV targets; CEDAW still calls for decriminalisation of abortion and better sexual and reproductive health access, mental-health law reform is outstanding, and the HIV response is threatened by foreign-aid withdrawal.",A/HRC/WG.6/52/NAM/1 para. 86; A/HRC/WG.6/52/NAM/2 para. 44; A/HRC/WG.6/52/NAM/3 para. 46,"National Report (A/HRC/WG.6/52/NAM/1), para. 86 — Namibia: ""A major milestone was the 2024 approval of a Universal Health Coverage policy, designed to guarantee equitable healthcare access for all citizens without financial burden""
UN Compilation (A/HRC/WG.6/52/NAM/2), para. 44 — Committee on the Elimination of Discrimination against Women: ""amend section 3 (1) of the Abortion and Sterilization Act (Act No. 2 of 1975) to decriminalize abortion in all cases""
Stakeholders' Summary (A/HRC/WG.6/52/NAM/3), para. 46 — Joint submission 2: ""the HIV/AIDS response, which had previously achieved significant success, was now at risk due to the withdrawal of foreign aid"""
138.201,Bangladesh,supported,Right to health,Access to health care; maternal mortality; SRHR,B,"Partially implemented / steps taken, further action needed",Seek technical assistance and cooperation from the international community to continue to fight HIV/AIDS,"Namibia approved a Universal Health Coverage policy (2024), reduced maternal mortality from an estimated 219 (2020) to 139 (2025) and is near the 95-95-95 HIV targets; CEDAW still calls for decriminalisation of abortion and better sexual and reproductive health access, mental-health law reform is outstanding, and the HIV response is threatened by foreign-aid withdrawal.",A/HRC/WG.6/52/NAM/1 para. 86; A/HRC/WG.6/52/NAM/2 para. 44; A/HRC/WG.6/52/NAM/3 para. 46,"National Report (A/HRC/WG.6/52/NAM/1), para. 86 — Namibia: ""A major milestone was the 2024 approval of a Universal Health Coverage policy, designed to guarantee equitable healthcare access for all citizens without financial burden""
UN Compilation (A/HRC/WG.6/52/NAM/2), para. 44 — Committee on the Elimination of Discrimination against Women: ""amend section 3 (1) of the Abortion and Sterilization Act (Act No. 2 of 1975) to decriminalize abortion in all cases""
Stakeholders' Summary (A/HRC/WG.6/52/NAM/3), para. 46 — Joint submission 2: ""the HIV/AIDS response, which had previously achieved significant success, was now at risk due to the withdrawal of foreign aid"""
138.202,Georgia,supported,Right to health,Access to health care; maternal mortality; SRHR,B,"Partially implemented / steps taken, further action needed","Further implement measures against HIV/AIDS, including to address the challenges related to access to health services for rural communities","Namibia approved a Universal Health Coverage policy (2024), reduced maternal mortality from an estimated 219 (2020) to 139 (2025) and is near the 95-95-95 HIV targets; CEDAW still calls for decriminalisation of abortion and better sexual and reproductive health access, mental-health law reform is outstanding, and the HIV response is threatened by foreign-aid withdrawal.",A/HRC/WG.6/52/NAM/1 para. 86; A/HRC/WG.6/52/NAM/2 para. 44; A/HRC/WG.6/52/NAM/3 para. 46,"National Report (A/HRC/WG.6/52/NAM/1), para. 86 — Namibia: ""A major milestone was the 2024 approval of a Universal Health Coverage policy, designed to guarantee equitable healthcare access for all citizens without financial burden""
UN Compilation (A/HRC/WG.6/52/NAM/2), para. 44 — Committee on the Elimination of Discrimination against Women: ""amend section 3 (1) of the Abortion and Sterilization Act (Act No. 2 of 1975) to decriminalize abortion in all cases""
Stakeholders' Summary (A/HRC/WG.6/52/NAM/3), para. 46 — Joint submission 2: ""the HIV/AIDS response, which had previously achieved significant success, was now at risk due to the withdrawal of foreign aid"""
138.203,Ghana,supported,Right to health,Access to health care; maternal mortality; SRHR,B,"Partially implemented / steps taken, further action needed","Intensify efforts to fight HIV/AIDS and, in particular, to improve access to health-care services in rural areas","Namibia approved a Universal Health Coverage policy (2024), reduced maternal mortality from an estimated 219 (2020) to 139 (2025) and is near the 95-95-95 HIV targets; CEDAW still calls for decriminalisation of abortion and better sexual and reproductive health access, mental-health law reform is outstanding, and the HIV response is threatened by foreign-aid withdrawal.",A/HRC/WG.6/52/NAM/1 para. 86; A/HRC/WG.6/52/NAM/2 para. 44; A/HRC/WG.6/52/NAM/3 para. 46,"National Report (A/HRC/WG.6/52/NAM/1), para. 86 — Namibia: ""A major milestone was the 2024 approval of a Universal Health Coverage policy, designed to guarantee equitable healthcare access for all citizens without financial burden""
UN Compilation (A/HRC/WG.6/52/NAM/2), para. 44 — Committee on the Elimination of Discrimination against Women: ""amend section 3 (1) of the Abortion and Sterilization Act (Act No. 2 of 1975) to decriminalize abortion in all cases""
Stakeholders' Summary (A/HRC/WG.6/52/NAM/3), para. 46 — Joint submission 2: ""the HIV/AIDS response, which had previously achieved significant success, was now at risk due to the withdrawal of foreign aid"""
138.204,Islamic Republic of Iran,supported,Right to health,Access to health care; maternal mortality; SRHR,B,"Partially implemented / steps taken, further action needed",Strengthen its measures to combat HIV/AIDS and improve the quality of patient care,"Namibia approved a Universal Health Coverage policy (2024), reduced maternal mortality from an estimated 219 (2020) to 139 (2025) and is near the 95-95-95 HIV targets; CEDAW still calls for decriminalisation of abortion and better sexual and reproductive health access, mental-health law reform is outstanding, and the HIV response is threatened by foreign-aid withdrawal.",A/HRC/WG.6/52/NAM/1 para. 86; A/HRC/WG.6/52/NAM/2 para. 44; A/HRC/WG.6/52/NAM/3 para. 46,"National Report (A/HRC/WG.6/52/NAM/1), para. 86 — Namibia: ""A major milestone was the 2024 approval of a Universal Health Coverage policy, designed to guarantee equitable healthcare access for all citizens without financial burden""
UN Compilation (A/HRC/WG.6/52/NAM/2), para. 44 — Committee on the Elimination of Discrimination against Women: ""amend section 3 (1) of the Abortion and Sterilization Act (Act No. 2 of 1975) to decriminalize abortion in all cases""
Stakeholders' Summary (A/HRC/WG.6/52/NAM/3), para. 46 — Joint submission 2: ""the HIV/AIDS response, which had previously achieved significant success, was now at risk due to the withdrawal of foreign aid"""
138.205,Kenya,supported,Right to health,Access to health care; maternal mortality; SRHR,B,"Partially implemented / steps taken, further action needed",Step up efforts to end stigmatization and discrimination against women and children infected with HIV/AIDS,"Namibia approved a Universal Health Coverage policy (2024), reduced maternal mortality from an estimated 219 (2020) to 139 (2025) and is near the 95-95-95 HIV targets; CEDAW still calls for decriminalisation of abortion and better sexual and reproductive health access, mental-health law reform is outstanding, and the HIV response is threatened by foreign-aid withdrawal.",A/HRC/WG.6/52/NAM/1 para. 86; A/HRC/WG.6/52/NAM/2 para. 44; A/HRC/WG.6/52/NAM/3 para. 46,"National Report (A/HRC/WG.6/52/NAM/1), para. 86 — Namibia: ""A major milestone was the 2024 approval of a Universal Health Coverage policy, designed to guarantee equitable healthcare access for all citizens without financial burden""
UN Compilation (A/HRC/WG.6/52/NAM/2), para. 44 — Committee on the Elimination of Discrimination against Women: ""amend section 3 (1) of the Abortion and Sterilization Act (Act No. 2 of 1975) to decriminalize abortion in all cases""
Stakeholders' Summary (A/HRC/WG.6/52/NAM/3), para. 46 — Joint submission 2: ""the HIV/AIDS response, which had previously achieved significant success, was now at risk due to the withdrawal of foreign aid"""
138.206,Austria,supported,Sexual & reproductive health and rights,Reform the restrictive abortion law,C,Not implemented / no relevant action taken,"Revise outdated laws on abortion, develop national service protocols and provide training guidelines in accordance with the Protocol to the African Charter on Human and Peoples’ Rights on the Rights of Women in Africa (the Maputo Protocol) and World Health Organization (WHO) best practices","The Abortion and Sterilization Act 1975 still restricts abortion; CEDAW recommends decriminalisation, a 2020 parliamentary process produced no reform, and civil society reports persistent unsafe abortions.",A/HRC/WG.6/52/NAM/2 para. 44; A/HRC/WG.6/52/NAM/3 para. 44,"UN Compilation (A/HRC/WG.6/52/NAM/2), para. 44 — Committee on the Elimination of Discrimination against Women: ""amend section 3 (1) of the Abortion and Sterilization Act (Act No. 2 of 1975) to decriminalize abortion in all cases""
Stakeholders' Summary (A/HRC/WG.6/52/NAM/3), para. 44 — Christian Council International: ""the persistence of illegal abortions had demonstrated the existence of gaps in practical support for women, especially those facing poverty or social exclusion"""
138.207,South Africa,supported,Right to health,Access to health care; maternal mortality; SRHR,B,"Partially implemented / steps taken, further action needed","Increase its efforts on improving access to health services for rural women and girls and their communities, as well as gender and sexual minorities","Namibia approved a Universal Health Coverage policy (2024), reduced maternal mortality from an estimated 219 (2020) to 139 (2025) and is near the 95-95-95 HIV targets; CEDAW still calls for decriminalisation of abortion and better sexual and reproductive health access, mental-health law reform is outstanding, and the HIV response is threatened by foreign-aid withdrawal.",A/HRC/WG.6/52/NAM/1 para. 86; A/HRC/WG.6/52/NAM/2 para. 44; A/HRC/WG.6/52/NAM/3 para. 46,"National Report (A/HRC/WG.6/52/NAM/1), para. 86 — Namibia: ""A major milestone was the 2024 approval of a Universal Health Coverage policy, designed to guarantee equitable healthcare access for all citizens without financial burden""
UN Compilation (A/HRC/WG.6/52/NAM/2), para. 44 — Committee on the Elimination of Discrimination against Women: ""amend section 3 (1) of the Abortion and Sterilization Act (Act No. 2 of 1975) to decriminalize abortion in all cases""
Stakeholders' Summary (A/HRC/WG.6/52/NAM/3), para. 46 — Joint submission 2: ""the HIV/AIDS response, which had previously achieved significant success, was now at risk due to the withdrawal of foreign aid"""
138.208,Bangladesh,supported,Right to health,Access to health care; maternal mortality; SRHR,B,"Partially implemented / steps taken, further action needed",Step up efforts to reduce maternal and child mortality rates through the improvement of health-care services,"Namibia approved a Universal Health Coverage policy (2024), reduced maternal mortality from an estimated 219 (2020) to 139 (2025) and is near the 95-95-95 HIV targets; CEDAW still calls for decriminalisation of abortion and better sexual and reproductive health access, mental-health law reform is outstanding, and the HIV response is threatened by foreign-aid withdrawal.",A/HRC/WG.6/52/NAM/1 para. 86; A/HRC/WG.6/52/NAM/2 para. 44; A/HRC/WG.6/52/NAM/3 para. 46,"National Report (A/HRC/WG.6/52/NAM/1), para. 86 — Namibia: ""A major milestone was the 2024 approval of a Universal Health Coverage policy, designed to guarantee equitable healthcare access for all citizens without financial burden""
UN Compilation (A/HRC/WG.6/52/NAM/2), para. 44 — Committee on the Elimination of Discrimination against Women: ""amend section 3 (1) of the Abortion and Sterilization Act (Act No. 2 of 1975) to decriminalize abortion in all cases""
Stakeholders' Summary (A/HRC/WG.6/52/NAM/3), para. 46 — Joint submission 2: ""the HIV/AIDS response, which had previously achieved significant success, was now at risk due to the withdrawal of foreign aid"""
138.209,Sri Lanka,supported,Sexual & reproductive health and rights,Sexual and reproductive health and rights,C,Not implemented / no relevant action taken,Further advance the right to health by enhancing achievements in preventing maternal and infant mortality and in the fight against HIV/AIDS,"Namibia prioritises SRHR in national policy and integrated sexuality education into school programmes, but the restrictive Abortion and Sterilization Act (1975) is unchanged, comprehensive sexuality education is under-funded and teachers under-trained, and CEDAW seeks decriminalisation of abortion and better contraceptive access.",A/HRC/WG.6/52/NAM/2 para. 44; A/HRC/WG.6/52/NAM/3 para. 49,"UN Compilation (A/HRC/WG.6/52/NAM/2), para. 44 — Committee on the Elimination of Discrimination against Women: ""amend section 3 (1) of the Abortion and Sterilization Act (Act No. 2 of 1975) to decriminalize abortion in all cases ... improve women's access to safe abortion and post-abortion services""
Stakeholders' Summary (A/HRC/WG.6/52/NAM/3), para. 49 — Joint submission 2: ""there had been a lack of funding for the full implementation of these [comprehensive sexuality education] programmes and teachers had not been properly trained to teach the curriculum"""
138.210,Sudan,supported,Sexual & reproductive health and rights,Sexual and reproductive health and rights,C,Not implemented / no relevant action taken,"Step up efforts to address the issue of high maternal and infant mortality rates, including by increasing the provision of medical services in rural and remote areas","Namibia prioritises SRHR in national policy and integrated sexuality education into school programmes, but the restrictive Abortion and Sterilization Act (1975) is unchanged, comprehensive sexuality education is under-funded and teachers under-trained, and CEDAW seeks decriminalisation of abortion and better contraceptive access.",A/HRC/WG.6/52/NAM/2 para. 44; A/HRC/WG.6/52/NAM/3 para. 49,"UN Compilation (A/HRC/WG.6/52/NAM/2), para. 44 — Committee on the Elimination of Discrimination against Women: ""amend section 3 (1) of the Abortion and Sterilization Act (Act No. 2 of 1975) to decriminalize abortion in all cases ... improve women's access to safe abortion and post-abortion services""
Stakeholders' Summary (A/HRC/WG.6/52/NAM/3), para. 49 — Joint submission 2: ""there had been a lack of funding for the full implementation of these [comprehensive sexuality education] programmes and teachers had not been properly trained to teach the curriculum"""
138.211,Malaysia,supported,Right to health,Access to health care; maternal mortality; SRHR,B,"Partially implemented / steps taken, further action needed","Raise public awareness on sexual and reproductive health and make efforts particularly to ensure access to information, education and services","Namibia approved a Universal Health Coverage policy (2024), reduced maternal mortality from an estimated 219 (2020) to 139 (2025) and is near the 95-95-95 HIV targets; CEDAW still calls for decriminalisation of abortion and better sexual and reproductive health access, mental-health law reform is outstanding, and the HIV response is threatened by foreign-aid withdrawal.",A/HRC/WG.6/52/NAM/1 para. 86; A/HRC/WG.6/52/NAM/2 para. 44; A/HRC/WG.6/52/NAM/3 para. 46,"National Report (A/HRC/WG.6/52/NAM/1), para. 86 — Namibia: ""A major milestone was the 2024 approval of a Universal Health Coverage policy, designed to guarantee equitable healthcare access for all citizens without financial burden""
UN Compilation (A/HRC/WG.6/52/NAM/2), para. 44 — Committee on the Elimination of Discrimination against Women: ""amend section 3 (1) of the Abortion and Sterilization Act (Act No. 2 of 1975) to decriminalize abortion in all cases""
Stakeholders' Summary (A/HRC/WG.6/52/NAM/3), para. 46 — Joint submission 2: ""the HIV/AIDS response, which had previously achieved significant success, was now at risk due to the withdrawal of foreign aid"""
138.212,Netherlands,noted,Sexual & reproductive health and rights,Reform the restrictive abortion law,C,Not implemented / no relevant action taken,"Revise existing laws on abortion, including the Abortion and Sterilization Act (2 of 1975), and develop national service protocols and provider training guidelines in accordance with the Maputo Protocol and WHO best practices","The Abortion and Sterilization Act 1975 still restricts abortion; CEDAW recommends decriminalisation, a 2020 parliamentary process produced no reform, and civil society reports persistent unsafe abortions.",A/HRC/WG.6/52/NAM/2 para. 44; A/HRC/WG.6/52/NAM/3 para. 44,"UN Compilation (A/HRC/WG.6/52/NAM/2), para. 44 — Committee on the Elimination of Discrimination against Women: ""amend section 3 (1) of the Abortion and Sterilization Act (Act No. 2 of 1975) to decriminalize abortion in all cases""
Stakeholders' Summary (A/HRC/WG.6/52/NAM/3), para. 44 — Christian Council International: ""the persistence of illegal abortions had demonstrated the existence of gaps in practical support for women, especially those facing poverty or social exclusion"""
138.213,Sudan,supported,Right to education,Provide free education,A,Largely implemented / action largely satisfactory,"Continue efforts to ensure the right to a free and compulsory education for all children, including those belonging to indigenous groups and those living in rural areas",Namibia provides free primary and secondary education and will provide free tertiary education in phases from 2026.,A/HRC/WG.6/52/NAM/1 para. 79; A/HRC/WG.6/52/NAM/3 para. 47,"National Report (A/HRC/WG.6/52/NAM/1), para. 79 — Namibia: ""free primary and secondary education; free tertiary education will be provided in phases from the year 2026""
Stakeholders' Summary (A/HRC/WG.6/52/NAM/3), para. 47 — Global Engagement Research Group: ""considered a relevant supported recommendation from the previous review to ensure free and compulsory education for all children to have been implemented"""
138.214,Algeria,supported,Right to education,Access to and quality of education,B,"Partially implemented / steps taken, further action needed",Pursue efforts in terms of access to education in order to increase enrolment rates at all levels,"Namibia codified universal primary and secondary education (Basic Education Act 2020), reports a 95 per cent enrolment rate and will provide free tertiary education from 2026; UNESCO, the Committee on the Rights of the Child and stakeholders report persistent classroom shortages, poor education quality and limited inclusive education for learners with disabilities.",A/HRC/WG.6/52/NAM/2 para. 48; A/HRC/WG.6/52/NAM/2 para. 49,"UN Compilation (A/HRC/WG.6/52/NAM/2), para. 48 — UNESCO; United Nations country team: ""the announcement by the President of Namibia that the Government would fully subsidize tuition and registration fees at all State-run universities and vocational training centres from 2026""
UN Compilation (A/HRC/WG.6/52/NAM/2), para. 49 — UNESCO: ""there remained a persistent shortage of classrooms and basic facilities that hindered access to quality education, especially in rural areas ... limited access to inclusive education for learners with disabilities"""
138.215,Bangladesh,supported,Right to education,Access to and quality of education,B,"Partially implemented / steps taken, further action needed",Continue to invest in education and take further measures to reduce the school dropout rate and achieve gender parity in primary and secondary education,"Namibia codified universal primary and secondary education (Basic Education Act 2020), reports a 95 per cent enrolment rate and will provide free tertiary education from 2026; UNESCO, the Committee on the Rights of the Child and stakeholders report persistent classroom shortages, poor education quality and limited inclusive education for learners with disabilities.",A/HRC/WG.6/52/NAM/2 para. 48; A/HRC/WG.6/52/NAM/2 para. 49,"UN Compilation (A/HRC/WG.6/52/NAM/2), para. 48 — UNESCO; United Nations country team: ""the announcement by the President of Namibia that the Government would fully subsidize tuition and registration fees at all State-run universities and vocational training centres from 2026""
UN Compilation (A/HRC/WG.6/52/NAM/2), para. 49 — UNESCO: ""there remained a persistent shortage of classrooms and basic facilities that hindered access to quality education, especially in rural areas ... limited access to inclusive education for learners with disabilities"""
138.216,Sri Lanka,supported,Right to education,Access to and quality of education,B,"Partially implemented / steps taken, further action needed","Promote the right to education, including through the implementation of the Basic Education Act (3 of 2020) and maintaining the national budgetary contribution to education","Namibia codified universal primary and secondary education (Basic Education Act 2020), reports a 95 per cent enrolment rate and will provide free tertiary education from 2026; UNESCO, the Committee on the Rights of the Child and stakeholders report persistent classroom shortages, poor education quality and limited inclusive education for learners with disabilities.",A/HRC/WG.6/52/NAM/2 para. 48; A/HRC/WG.6/52/NAM/2 para. 49,"UN Compilation (A/HRC/WG.6/52/NAM/2), para. 48 — UNESCO; United Nations country team: ""the announcement by the President of Namibia that the Government would fully subsidize tuition and registration fees at all State-run universities and vocational training centres from 2026""
UN Compilation (A/HRC/WG.6/52/NAM/2), para. 49 — UNESCO: ""there remained a persistent shortage of classrooms and basic facilities that hindered access to quality education, especially in rural areas ... limited access to inclusive education for learners with disabilities"""
138.217,State of Palestine,supported,Right to education,Access to and quality of education,B,"Partially implemented / steps taken, further action needed",Continue to ensure that persons with disabilities have equal access to quality education and to develop a culturally responsive educational environment,"Namibia codified universal primary and secondary education (Basic Education Act 2020), reports a 95 per cent enrolment rate and will provide free tertiary education from 2026; UNESCO, the Committee on the Rights of the Child and stakeholders report persistent classroom shortages, poor education quality and limited inclusive education for learners with disabilities.",A/HRC/WG.6/52/NAM/2 para. 48; A/HRC/WG.6/52/NAM/2 para. 49,"UN Compilation (A/HRC/WG.6/52/NAM/2), para. 48 — UNESCO; United Nations country team: ""the announcement by the President of Namibia that the Government would fully subsidize tuition and registration fees at all State-run universities and vocational training centres from 2026""
UN Compilation (A/HRC/WG.6/52/NAM/2), para. 49 — UNESCO: ""there remained a persistent shortage of classrooms and basic facilities that hindered access to quality education, especially in rural areas ... limited access to inclusive education for learners with disabilities"""
138.218,Lao People’s Democratic Republic,supported,Right to education,Access to and quality of education,B,"Partially implemented / steps taken, further action needed","Continue its endeavours in providing quality and accessible education for all learners, especially learners with disabilities, orphans and vulnerable children","Namibia codified universal primary and secondary education (Basic Education Act 2020), reports a 95 per cent enrolment rate and will provide free tertiary education from 2026; UNESCO, the Committee on the Rights of the Child and stakeholders report persistent classroom shortages, poor education quality and limited inclusive education for learners with disabilities.",A/HRC/WG.6/52/NAM/2 para. 48; A/HRC/WG.6/52/NAM/2 para. 49,"UN Compilation (A/HRC/WG.6/52/NAM/2), para. 48 — UNESCO; United Nations country team: ""the announcement by the President of Namibia that the Government would fully subsidize tuition and registration fees at all State-run universities and vocational training centres from 2026""
UN Compilation (A/HRC/WG.6/52/NAM/2), para. 49 — UNESCO: ""there remained a persistent shortage of classrooms and basic facilities that hindered access to quality education, especially in rural areas ... limited access to inclusive education for learners with disabilities"""
138.219,Act No. 3 of 2020; Syrian Arab Republic,supported,Right to education,Access to and quality of education,B,"Partially implemented / steps taken, further action needed",Ensure the availability of the required tools and facilities for the advancement of basic education in accordance with the provisions of the Basic Education Act,"Namibia codified universal primary and secondary education (Basic Education Act 2020), reports a 95 per cent enrolment rate and will provide free tertiary education from 2026; UNESCO, the Committee on the Rights of the Child and stakeholders report persistent classroom shortages, poor education quality and limited inclusive education for learners with disabilities.",A/HRC/WG.6/52/NAM/2 para. 48; A/HRC/WG.6/52/NAM/2 para. 49,"UN Compilation (A/HRC/WG.6/52/NAM/2), para. 48 — UNESCO; United Nations country team: ""the announcement by the President of Namibia that the Government would fully subsidize tuition and registration fees at all State-run universities and vocational training centres from 2026""
UN Compilation (A/HRC/WG.6/52/NAM/2), para. 49 — UNESCO: ""there remained a persistent shortage of classrooms and basic facilities that hindered access to quality education, especially in rural areas ... limited access to inclusive education for learners with disabilities"""
138.220,Islamic Republic of Iran,supported,Right to education,Access to and quality of education,B,"Partially implemented / steps taken, further action needed",Enhance its efforts to prevent children of poor families from dropping out of school and to ensure they remain in the education system,"Namibia codified universal primary and secondary education (Basic Education Act 2020), reports a 95 per cent enrolment rate and will provide free tertiary education from 2026; UNESCO, the Committee on the Rights of the Child and stakeholders report persistent classroom shortages, poor education quality and limited inclusive education for learners with disabilities.",A/HRC/WG.6/52/NAM/2 para. 48; A/HRC/WG.6/52/NAM/2 para. 49,"UN Compilation (A/HRC/WG.6/52/NAM/2), para. 48 — UNESCO; United Nations country team: ""the announcement by the President of Namibia that the Government would fully subsidize tuition and registration fees at all State-run universities and vocational training centres from 2026""
UN Compilation (A/HRC/WG.6/52/NAM/2), para. 49 — UNESCO: ""there remained a persistent shortage of classrooms and basic facilities that hindered access to quality education, especially in rural areas ... limited access to inclusive education for learners with disabilities"""
138.221,Iceland,supported,Right to health,Access to health care; maternal mortality; SRHR,B,"Partially implemented / steps taken, further action needed",Implement the commitment made at the Nairobi Summit on the twenty-fifth anniversary of the International Conference on Population and Development to strengthen institutional capacity to deliver quality comprehensive sexuality education,"Namibia approved a Universal Health Coverage policy (2024), reduced maternal mortality from an estimated 219 (2020) to 139 (2025) and is near the 95-95-95 HIV targets; CEDAW still calls for decriminalisation of abortion and better sexual and reproductive health access, mental-health law reform is outstanding, and the HIV response is threatened by foreign-aid withdrawal.",A/HRC/WG.6/52/NAM/1 para. 86; A/HRC/WG.6/52/NAM/2 para. 44; A/HRC/WG.6/52/NAM/3 para. 46,"National Report (A/HRC/WG.6/52/NAM/1), para. 86 — Namibia: ""A major milestone was the 2024 approval of a Universal Health Coverage policy, designed to guarantee equitable healthcare access for all citizens without financial burden""
UN Compilation (A/HRC/WG.6/52/NAM/2), para. 44 — Committee on the Elimination of Discrimination against Women: ""amend section 3 (1) of the Abortion and Sterilization Act (Act No. 2 of 1975) to decriminalize abortion in all cases""
Stakeholders' Summary (A/HRC/WG.6/52/NAM/3), para. 46 — Joint submission 2: ""the HIV/AIDS response, which had previously achieved significant success, was now at risk due to the withdrawal of foreign aid"""
138.222,Zambia,supported,Cooperation & follow up with the Universal Periodic Review (UPR),Miscellaneous,D,No information available on implementation,Implement the relevant recommendations that Namibia supported during the last review relating to the rights of women and girls,No cluster rule matched and the evidence base contains no specific information on this recommendation.,,
138.223,Algeria,supported,Right to development,National development planning,B,"Partially implemented / steps taken, further action needed","Continue its efforts to protect women and girls, as well as children, and include them in the National Development Plan","Namibia launched its 6th National Development Plan (2025) with a costed implementation, monitoring and evaluation plan and poverty eradication as a cross-cutting issue; high unemployment and inequality remain the central challenges.",A/HRC/WG.6/52/NAM/1 para. 42; A/HRC/WG.6/52/NAM/1 para. 125,"National Report (A/HRC/WG.6/52/NAM/1), para. 42 — Namibia: ""In 2025, Namibia launched its National Development Plan Six (NDP 6) which focuses on four (4) pillars ... NDP 6 also has an Implementation, Monitoring and Evaluation Plan (IMEP)""
National Report (A/HRC/WG.6/52/NAM/1), para. 125 — Namibia: ""Namibia is experiencing a high unemployment rate and requires assistance from the international community"""
138.224,Guyana,supported,Violence against women,Prevent and address violence against women,B,"Partially implemented / steps taken, further action needed","Strengthen its efforts to promote the empowerment of women and girls and to raise awareness about violence against women and children, including by ensuring that children are educated about such violence; by providing specialized training to police and law enforcement forces; and by ensuring the effective investigation, prosecution and punishment of perpetrators of such crimes","Namibia amended the Combating of Rape and Combating of Domestic Violence Acts (2022) and ran a National Plan of Action on GBV 2019-2023 and an #EndGBV campaign; prevalence remains high, prosecutions and convictions low, shelters and protection orders limited, and the GBV plan lapsed in 2023 without a replacement.",A/HRC/WG.6/52/NAM/1 para. 116; A/HRC/WG.6/52/NAM/2 para. 60,"National Report (A/HRC/WG.6/52/NAM/1), para. 116 — Namibia: ""Namibia has amended and promulgated legislation to address Gender Based Violence and Violence against Children. These include the Combating of Rape Amendment Act 2022, Combating of Domestic Violence Amendment Act 2022""
UN Compilation (A/HRC/WG.6/52/NAM/2), para. 60 — Committee on the Elimination of Discrimination against Women: ""the high prevalence of intimate partner violence and other forms of gender-based violence against women, and the limited access for women to protection orders, reparations, shelters and psychological treatment"""
138.225,Paraguay,supported,Labour rights and right to work,"Labour rights, minimum wage and equal pay",B,"Partially implemented / steps taken, further action needed","Accelerate the implementation of affirmative action policies to increase the access of women, particularly indigenous women, to decent jobs, especially at the managerial level, and to provide vocational training opportunities","Namibia ratified ILO Conventions No. 190 and No. 156 (August 2025) and set a national minimum wage for domestic, agricultural and security workers (2024-2027); ILO reports continuing challenges implementing occupational safety and health, and CEDAW recommends equal pay for work of equal value and action on labour-market segregation.",A/HRC/WG.6/52/NAM/1 para. 103; A/HRC/WG.6/52/NAM/2 para. 36,"National Report (A/HRC/WG.6/52/NAM/1), para. 103 — Namibia: ""Government enacted a Wage Order Setting the National Minimum Wage for certain employees (domestic, agricultural and security), for the years 2024, 2025, 2026 and 2027""
UN Compilation (A/HRC/WG.6/52/NAM/2), para. 36 — International Labour Organization: ""Namibia continued to face challenges in effectively implementing policies on occupational safety and health"""
138.226,Uganda,supported,Violence against women,Prevent and address violence against women,B,"Partially implemented / steps taken, further action needed",Continue to strengthen community mechanisms to fight gender-based and sexual violence,"Namibia amended the Combating of Rape and Combating of Domestic Violence Acts (2022) and ran a National Plan of Action on GBV 2019-2023 and an #EndGBV campaign; prevalence remains high, prosecutions and convictions low, shelters and protection orders limited, and the GBV plan lapsed in 2023 without a replacement.",A/HRC/WG.6/52/NAM/1 para. 116; A/HRC/WG.6/52/NAM/2 para. 60,"National Report (A/HRC/WG.6/52/NAM/1), para. 116 — Namibia: ""Namibia has amended and promulgated legislation to address Gender Based Violence and Violence against Children. These include the Combating of Rape Amendment Act 2022, Combating of Domestic Violence Amendment Act 2022""
UN Compilation (A/HRC/WG.6/52/NAM/2), para. 60 — Committee on the Elimination of Discrimination against Women: ""the high prevalence of intimate partner violence and other forms of gender-based violence against women, and the limited access for women to protection orders, reparations, shelters and psychological treatment"""
138.227,United Kingdom of Great Britain and Northern Ireland,supported,Violence against women,Prevent and address violence against women,B,"Partially implemented / steps taken, further action needed","Take steps to prevent and respond to all forms of gender-based violence, including through funding women-led and women’ s rights organizations on the frontline and ensuring perpetrators are held to account","Namibia amended the Combating of Rape and Combating of Domestic Violence Acts (2022) and ran a National Plan of Action on GBV 2019-2023 and an #EndGBV campaign; prevalence remains high, prosecutions and convictions low, shelters and protection orders limited, and the GBV plan lapsed in 2023 without a replacement.",A/HRC/WG.6/52/NAM/1 para. 116; A/HRC/WG.6/52/NAM/2 para. 60,"National Report (A/HRC/WG.6/52/NAM/1), para. 116 — Namibia: ""Namibia has amended and promulgated legislation to address Gender Based Violence and Violence against Children. These include the Combating of Rape Amendment Act 2022, Combating of Domestic Violence Amendment Act 2022""
UN Compilation (A/HRC/WG.6/52/NAM/2), para. 60 — Committee on the Elimination of Discrimination against Women: ""the high prevalence of intimate partner violence and other forms of gender-based violence against women, and the limited access for women to protection orders, reparations, shelters and psychological treatment"""
138.228,United States of America,supported,Sexual & gender-based violence,Prevent and address sexual and gender-based violence,B,"Partially implemented / steps taken, further action needed",Establish a sexual offender registry programme and review the effectiveness of sentencing laws and the educational curriculum concerning gender-based violence,"Namibia amended the Combating of Rape Act and Combating of Domestic Violence Act (2022), operates 17 Gender-Based Violence Protection Units and implemented a National Plan of Action on GBV 2019-2023; CEDAW, CAT and the Human Rights Committee report high prevalence, low prosecution and conviction rates, few shelters, and that the GBV plan expired in 2023 without a successor.",A/HRC/WG.6/52/NAM/1 para. 109; A/HRC/WG.6/52/NAM/2 para. 61; A/HRC/WG.6/52/NAM/3 para. 50,"National Report (A/HRC/WG.6/52/NAM/1), para. 109 — Namibia: ""The Combating of Domestic Violence Act, 2003 and the Combating of Rape Act, 2000 were amended ... to strengthen and provide clarity to the provisions of the amended Acts""
UN Compilation (A/HRC/WG.6/52/NAM/2), para. 61 — Human Rights Committee: ""the low number of prosecutions and convictions handed down to perpetrators of gender-based violence""
Stakeholders' Summary (A/HRC/WG.6/52/NAM/3), para. 50 — Joint submission 2: ""With the expiration of the aforementioned [GBV] Plan in 2023, no replacement plan had been put in place, which diminished the ability of the government to address gender-based violence"""
138.229,United States of America,supported,Sexual & gender-based violence,Prevent and address sexual and gender-based violence,B,"Partially implemented / steps taken, further action needed","Continue its efforts to curb gender-based violence, especially domestic violence","Namibia amended the Combating of Rape Act and Combating of Domestic Violence Act (2022), operates 17 Gender-Based Violence Protection Units and implemented a National Plan of Action on GBV 2019-2023; CEDAW, CAT and the Human Rights Committee report high prevalence, low prosecution and conviction rates, few shelters, and that the GBV plan expired in 2023 without a successor.",A/HRC/WG.6/52/NAM/1 para. 109; A/HRC/WG.6/52/NAM/2 para. 61; A/HRC/WG.6/52/NAM/3 para. 50,"National Report (A/HRC/WG.6/52/NAM/1), para. 109 — Namibia: ""The Combating of Domestic Violence Act, 2003 and the Combating of Rape Act, 2000 were amended ... to strengthen and provide clarity to the provisions of the amended Acts""
UN Compilation (A/HRC/WG.6/52/NAM/2), para. 61 — Human Rights Committee: ""the low number of prosecutions and convictions handed down to perpetrators of gender-based violence""
Stakeholders' Summary (A/HRC/WG.6/52/NAM/3), para. 50 — Joint submission 2: ""With the expiration of the aforementioned [GBV] Plan in 2023, no replacement plan had been put in place, which diminished the ability of the government to address gender-based violence"""
138.230,4 of 2003; Australia,supported,Sexual & gender-based violence,Prevent and address sexual and gender-based violence,B,"Partially implemented / steps taken, further action needed","Continue its recent efforts to protect survivors of gender-based violence, including by streamlining processes for obtaining protection orders under the Combating of Domestic Violence Act","Namibia amended the Combating of Rape Act and Combating of Domestic Violence Act (2022), operates 17 Gender-Based Violence Protection Units and implemented a National Plan of Action on GBV 2019-2023; CEDAW, CAT and the Human Rights Committee report high prevalence, low prosecution and conviction rates, few shelters, and that the GBV plan expired in 2023 without a successor.",A/HRC/WG.6/52/NAM/1 para. 109; A/HRC/WG.6/52/NAM/2 para. 61; A/HRC/WG.6/52/NAM/3 para. 50,"National Report (A/HRC/WG.6/52/NAM/1), para. 109 — Namibia: ""The Combating of Domestic Violence Act, 2003 and the Combating of Rape Act, 2000 were amended ... to strengthen and provide clarity to the provisions of the amended Acts""
UN Compilation (A/HRC/WG.6/52/NAM/2), para. 61 — Human Rights Committee: ""the low number of prosecutions and convictions handed down to perpetrators of gender-based violence""
Stakeholders' Summary (A/HRC/WG.6/52/NAM/3), para. 50 — Joint submission 2: ""With the expiration of the aforementioned [GBV] Plan in 2023, no replacement plan had been put in place, which diminished the ability of the government to address gender-based violence"""
138.231,Austria,supported,Budget & resources (for human rights implementation),Miscellaneous,D,No information available on implementation,Allocate significant budget and human resources to implement the prioritized National Plan of Action on Gender-Based Violence 2019 – 2023,No cluster rule matched and the evidence base contains no specific information on this recommendation.,,
138.232,South Africa,supported,Sexual & gender-based violence,Prevent and address sexual and gender-based violence,B,"Partially implemented / steps taken, further action needed","Continue to fast-track the implementation of its National Plan of Action on Gender-Based Violence 2019 – 2023, including by addressing the root causes thereof","Namibia amended the Combating of Rape Act and Combating of Domestic Violence Act (2022), operates 17 Gender-Based Violence Protection Units and implemented a National Plan of Action on GBV 2019-2023; CEDAW, CAT and the Human Rights Committee report high prevalence, low prosecution and conviction rates, few shelters, and that the GBV plan expired in 2023 without a successor.",A/HRC/WG.6/52/NAM/1 para. 109; A/HRC/WG.6/52/NAM/2 para. 61; A/HRC/WG.6/52/NAM/3 para. 50,"National Report (A/HRC/WG.6/52/NAM/1), para. 109 — Namibia: ""The Combating of Domestic Violence Act, 2003 and the Combating of Rape Act, 2000 were amended ... to strengthen and provide clarity to the provisions of the amended Acts""
UN Compilation (A/HRC/WG.6/52/NAM/2), para. 61 — Human Rights Committee: ""the low number of prosecutions and convictions handed down to perpetrators of gender-based violence""
Stakeholders' Summary (A/HRC/WG.6/52/NAM/3), para. 50 — Joint submission 2: ""With the expiration of the aforementioned [GBV] Plan in 2023, no replacement plan had been put in place, which diminished the ability of the government to address gender-based violence"""
138.233,Azerbaijan,supported,Sexual & gender-based violence,Prevent and address sexual and gender-based violence,B,"Partially implemented / steps taken, further action needed",Implement legislative and policy measures adopted in the field of gender-based violence,"Namibia amended the Combating of Rape Act and Combating of Domestic Violence Act (2022), operates 17 Gender-Based Violence Protection Units and implemented a National Plan of Action on GBV 2019-2023; CEDAW, CAT and the Human Rights Committee report high prevalence, low prosecution and conviction rates, few shelters, and that the GBV plan expired in 2023 without a successor.",A/HRC/WG.6/52/NAM/1 para. 109; A/HRC/WG.6/52/NAM/2 para. 61; A/HRC/WG.6/52/NAM/3 para. 50,"National Report (A/HRC/WG.6/52/NAM/1), para. 109 — Namibia: ""The Combating of Domestic Violence Act, 2003 and the Combating of Rape Act, 2000 were amended ... to strengthen and provide clarity to the provisions of the amended Acts""
UN Compilation (A/HRC/WG.6/52/NAM/2), para. 61 — Human Rights Committee: ""the low number of prosecutions and convictions handed down to perpetrators of gender-based violence""
Stakeholders' Summary (A/HRC/WG.6/52/NAM/3), para. 50 — Joint submission 2: ""With the expiration of the aforementioned [GBV] Plan in 2023, no replacement plan had been put in place, which diminished the ability of the government to address gender-based violence"""
138.234,Botswana,supported,Sexual & gender-based violence,Prevent and address sexual and gender-based violence,B,"Partially implemented / steps taken, further action needed","Prioritize efforts to raise awareness about gender-based violence against women and girls, including violence perpetrated in a domestic setting","Namibia amended the Combating of Rape Act and Combating of Domestic Violence Act (2022), operates 17 Gender-Based Violence Protection Units and implemented a National Plan of Action on GBV 2019-2023; CEDAW, CAT and the Human Rights Committee report high prevalence, low prosecution and conviction rates, few shelters, and that the GBV plan expired in 2023 without a successor.",A/HRC/WG.6/52/NAM/1 para. 109; A/HRC/WG.6/52/NAM/2 para. 61; A/HRC/WG.6/52/NAM/3 para. 50,"National Report (A/HRC/WG.6/52/NAM/1), para. 109 — Namibia: ""The Combating of Domestic Violence Act, 2003 and the Combating of Rape Act, 2000 were amended ... to strengthen and provide clarity to the provisions of the amended Acts""
UN Compilation (A/HRC/WG.6/52/NAM/2), para. 61 — Human Rights Committee: ""the low number of prosecutions and convictions handed down to perpetrators of gender-based violence""
Stakeholders' Summary (A/HRC/WG.6/52/NAM/3), para. 50 — Joint submission 2: ""With the expiration of the aforementioned [GBV] Plan in 2023, no replacement plan had been put in place, which diminished the ability of the government to address gender-based violence"""
138.235,Brazil,supported,Sexual & gender-based violence,End child marriage,B,"Partially implemented / steps taken, further action needed","Step up efforts to eradicate traditional practices harmful to women and girls, such as the ritual of Olufuko, which involves child marriage, by criminalizing such practices and prosecuting alleged perpetrators","The Marriage Act (2024) and Child Care and Protection Act set the minimum marriage age at 18 and an Ending Child Marriage Strategy is being developed, but CAT and others report child marriage persists under customary law.",A/HRC/WG.6/52/NAM/1 para. 120; A/HRC/WG.6/52/NAM/2 para. 66,"National Report (A/HRC/WG.6/52/NAM/1), para. 120 — Namibia: ""the Marriage Act 2024 which prohibits practices of marrying of children ... Development of Ending Child Marriage strategy is underway""
UN Compilation (A/HRC/WG.6/52/NAM/2), para. 66 — Committee against Torture: ""the harmful traditional practice of child marriage under customary law persisted in some communities"""
138.236,Bulgaria,supported,Sexual & gender-based violence,Prevent and address sexual and gender-based violence,B,"Partially implemented / steps taken, further action needed",Ensure proper and prompt implementation of the legislation related to eliminating gender-based violence,"Namibia amended the Combating of Rape Act and Combating of Domestic Violence Act (2022), operates 17 Gender-Based Violence Protection Units and implemented a National Plan of Action on GBV 2019-2023; CEDAW, CAT and the Human Rights Committee report high prevalence, low prosecution and conviction rates, few shelters, and that the GBV plan expired in 2023 without a successor.",A/HRC/WG.6/52/NAM/1 para. 109; A/HRC/WG.6/52/NAM/2 para. 61; A/HRC/WG.6/52/NAM/3 para. 50,"National Report (A/HRC/WG.6/52/NAM/1), para. 109 — Namibia: ""The Combating of Domestic Violence Act, 2003 and the Combating of Rape Act, 2000 were amended ... to strengthen and provide clarity to the provisions of the amended Acts""
UN Compilation (A/HRC/WG.6/52/NAM/2), para. 61 — Human Rights Committee: ""the low number of prosecutions and convictions handed down to perpetrators of gender-based violence""
Stakeholders' Summary (A/HRC/WG.6/52/NAM/3), para. 50 — Joint submission 2: ""With the expiration of the aforementioned [GBV] Plan in 2023, no replacement plan had been put in place, which diminished the ability of the government to address gender-based violence"""
138.237,Spain,supported,Sexual & gender-based violence,Prevent and address sexual and gender-based violence,B,"Partially implemented / steps taken, further action needed",Strengthen the application of a comprehensive multisectoral approach to effectively combat gender-based violence,"Namibia amended the Combating of Rape Act and Combating of Domestic Violence Act (2022), operates 17 Gender-Based Violence Protection Units and implemented a National Plan of Action on GBV 2019-2023; CEDAW, CAT and the Human Rights Committee report high prevalence, low prosecution and conviction rates, few shelters, and that the GBV plan expired in 2023 without a successor.",A/HRC/WG.6/52/NAM/1 para. 109; A/HRC/WG.6/52/NAM/2 para. 61; A/HRC/WG.6/52/NAM/3 para. 50,"National Report (A/HRC/WG.6/52/NAM/1), para. 109 — Namibia: ""The Combating of Domestic Violence Act, 2003 and the Combating of Rape Act, 2000 were amended ... to strengthen and provide clarity to the provisions of the amended Acts""
UN Compilation (A/HRC/WG.6/52/NAM/2), para. 61 — Human Rights Committee: ""the low number of prosecutions and convictions handed down to perpetrators of gender-based violence""
Stakeholders' Summary (A/HRC/WG.6/52/NAM/3), para. 50 — Joint submission 2: ""With the expiration of the aforementioned [GBV] Plan in 2023, no replacement plan had been put in place, which diminished the ability of the government to address gender-based violence"""
138.238,Canada,supported,Sexual & gender-based violence,Prevent and address sexual and gender-based violence,B,"Partially implemented / steps taken, further action needed",Develop and resource a framework with specific timelines to monitor the implementation of measures adopted to prevent and address gender-based violence,"Namibia amended the Combating of Rape Act and Combating of Domestic Violence Act (2022), operates 17 Gender-Based Violence Protection Units and implemented a National Plan of Action on GBV 2019-2023; CEDAW, CAT and the Human Rights Committee report high prevalence, low prosecution and conviction rates, few shelters, and that the GBV plan expired in 2023 without a successor.",A/HRC/WG.6/52/NAM/1 para. 109; A/HRC/WG.6/52/NAM/2 para. 61; A/HRC/WG.6/52/NAM/3 para. 50,"National Report (A/HRC/WG.6/52/NAM/1), para. 109 — Namibia: ""The Combating of Domestic Violence Act, 2003 and the Combating of Rape Act, 2000 were amended ... to strengthen and provide clarity to the provisions of the amended Acts""
UN Compilation (A/HRC/WG.6/52/NAM/2), para. 61 — Human Rights Committee: ""the low number of prosecutions and convictions handed down to perpetrators of gender-based violence""
Stakeholders' Summary (A/HRC/WG.6/52/NAM/3), para. 50 — Joint submission 2: ""With the expiration of the aforementioned [GBV] Plan in 2023, no replacement plan had been put in place, which diminished the ability of the government to address gender-based violence"""
138.239,Chile,supported,Violence against women,Prevent and address violence against women,B,"Partially implemented / steps taken, further action needed",Implement public policies to eradicate all forms of domestic violence against women and children,"Namibia amended the Combating of Rape and Combating of Domestic Violence Acts (2022) and ran a National Plan of Action on GBV 2019-2023 and an #EndGBV campaign; prevalence remains high, prosecutions and convictions low, shelters and protection orders limited, and the GBV plan lapsed in 2023 without a replacement.",A/HRC/WG.6/52/NAM/1 para. 116; A/HRC/WG.6/52/NAM/2 para. 60,"National Report (A/HRC/WG.6/52/NAM/1), para. 116 — Namibia: ""Namibia has amended and promulgated legislation to address Gender Based Violence and Violence against Children. These include the Combating of Rape Amendment Act 2022, Combating of Domestic Violence Amendment Act 2022""
UN Compilation (A/HRC/WG.6/52/NAM/2), para. 60 — Committee on the Elimination of Discrimination against Women: ""the high prevalence of intimate partner violence and other forms of gender-based violence against women, and the limited access for women to protection orders, reparations, shelters and psychological treatment"""
138.240,Dominican Republic,supported,Sexual & gender-based violence,Prevent and address sexual and gender-based violence,B,"Partially implemented / steps taken, further action needed",Implement further measures to tackle gender-based and domestic violence and ensure that there are effective mechanisms for protection and for ensuring access to justice and effective reparations for the victims of domestic and gender-based violence,"Namibia amended the Combating of Rape Act and Combating of Domestic Violence Act (2022), operates 17 Gender-Based Violence Protection Units and implemented a National Plan of Action on GBV 2019-2023; CEDAW, CAT and the Human Rights Committee report high prevalence, low prosecution and conviction rates, few shelters, and that the GBV plan expired in 2023 without a successor.",A/HRC/WG.6/52/NAM/1 para. 109; A/HRC/WG.6/52/NAM/2 para. 61; A/HRC/WG.6/52/NAM/3 para. 50,"National Report (A/HRC/WG.6/52/NAM/1), para. 109 — Namibia: ""The Combating of Domestic Violence Act, 2003 and the Combating of Rape Act, 2000 were amended ... to strengthen and provide clarity to the provisions of the amended Acts""
UN Compilation (A/HRC/WG.6/52/NAM/2), para. 61 — Human Rights Committee: ""the low number of prosecutions and convictions handed down to perpetrators of gender-based violence""
Stakeholders' Summary (A/HRC/WG.6/52/NAM/3), para. 50 — Joint submission 2: ""With the expiration of the aforementioned [GBV] Plan in 2023, no replacement plan had been put in place, which diminished the ability of the government to address gender-based violence"""
138.241,Egypt,supported,Sexual & gender-based violence,Prevent and address sexual and gender-based violence,B,"Partially implemented / steps taken, further action needed","Improve efforts to combat sexual and domestic violence, especially against women and children, and to implement the elements of the national action plan on sexual violence that was adopted for the period 2019 – 2023","Namibia amended the Combating of Rape Act and Combating of Domestic Violence Act (2022), operates 17 Gender-Based Violence Protection Units and implemented a National Plan of Action on GBV 2019-2023; CEDAW, CAT and the Human Rights Committee report high prevalence, low prosecution and conviction rates, few shelters, and that the GBV plan expired in 2023 without a successor.",A/HRC/WG.6/52/NAM/1 para. 109; A/HRC/WG.6/52/NAM/2 para. 61; A/HRC/WG.6/52/NAM/3 para. 50,"National Report (A/HRC/WG.6/52/NAM/1), para. 109 — Namibia: ""The Combating of Domestic Violence Act, 2003 and the Combating of Rape Act, 2000 were amended ... to strengthen and provide clarity to the provisions of the amended Acts""
UN Compilation (A/HRC/WG.6/52/NAM/2), para. 61 — Human Rights Committee: ""the low number of prosecutions and convictions handed down to perpetrators of gender-based violence""
Stakeholders' Summary (A/HRC/WG.6/52/NAM/3), para. 50 — Joint submission 2: ""With the expiration of the aforementioned [GBV] Plan in 2023, no replacement plan had been put in place, which diminished the ability of the government to address gender-based violence"""
138.242,Finland,supported,Discrimination against women,Combat discrimination against women,B,"Partially implemented / steps taken, further action needed","Take effective preventive measures to protect women and girls from discrimination and gender-based violence, especially sexual violence, and to ensure women’s and girls’ access to information on sexual and reproductive health and rights","Namibia implements the Third NGEEP 2025-2035 and reports strong gender-parity outcomes in politics, education and health; CEDAW seeks action on harmful practices, labour-market segregation and rural women's rights.",A/HRC/WG.6/52/NAM/1 para. 36; A/HRC/WG.6/52/NAM/2 para. 59,"National Report (A/HRC/WG.6/52/NAM/1), para. 36 — Namibia: ""Namibia has closed its gender gap by at least 81.1%. The Country is number 8 globally while in Sub-Saharan Africa, it is number 1""
UN Compilation (A/HRC/WG.6/52/NAM/2), para. 59 — Committee on the Elimination of Discrimination against Women: ""initiate in-depth participatory research on the communities and contexts in which harmful practices, including polygamy, violent sexual initiation, grooming and cleansing, persisted"""
138.243,France,supported,Sexual & gender-based violence,Prevent and address sexual and gender-based violence,B,"Partially implemented / steps taken, further action needed",Intensify efforts in the fight against gender-based violence by fully implementing existing plans throughout the country,"Namibia amended the Combating of Rape Act and Combating of Domestic Violence Act (2022), operates 17 Gender-Based Violence Protection Units and implemented a National Plan of Action on GBV 2019-2023; CEDAW, CAT and the Human Rights Committee report high prevalence, low prosecution and conviction rates, few shelters, and that the GBV plan expired in 2023 without a successor.",A/HRC/WG.6/52/NAM/1 para. 109; A/HRC/WG.6/52/NAM/2 para. 61; A/HRC/WG.6/52/NAM/3 para. 50,"National Report (A/HRC/WG.6/52/NAM/1), para. 109 — Namibia: ""The Combating of Domestic Violence Act, 2003 and the Combating of Rape Act, 2000 were amended ... to strengthen and provide clarity to the provisions of the amended Acts""
UN Compilation (A/HRC/WG.6/52/NAM/2), para. 61 — Human Rights Committee: ""the low number of prosecutions and convictions handed down to perpetrators of gender-based violence""
Stakeholders' Summary (A/HRC/WG.6/52/NAM/3), para. 50 — Joint submission 2: ""With the expiration of the aforementioned [GBV] Plan in 2023, no replacement plan had been put in place, which diminished the ability of the government to address gender-based violence"""
138.244,Iceland,supported,"Human rights education, trainings & awareness raising",Human rights training for officials,C,Not implemented / no relevant action taken,Raise awareness about violence against women and children and address the obstacles faced by victims in seeking remedies and protection,"The Namibian Police conducts ongoing human-rights and torture-prevention training and the Ombudsman developed a torture-prevention training manual; JS2 reports there is still no consistent, comprehensive human-rights curriculum for all public officials.",A/HRC/WG.6/52/NAM/1 para. 50; A/HRC/WG.6/52/NAM/3 para. 14,"National Report (A/HRC/WG.6/52/NAM/1), para. 50 — Namibia: ""The Namibian Police Force has ongoing workshops to train police officers on human rights in accordance with the Namibian Police Human Rights Training Manual""
Stakeholders' Summary (A/HRC/WG.6/52/NAM/3), para. 14 — Joint submission 2: ""there was a lack of a consistent and comprehensive curriculum to ensure that all public officials, particularly those in law enforcement, received adequate human rights training"""
138.245,Indonesia,supported,Sexual & gender-based violence,Prevent and address sexual and gender-based violence,B,"Partially implemented / steps taken, further action needed","Further strengthen the implementation of various sets of policies and laws dealing with gender-based violence and sexual violence, including by conducting training on gender mainstreaming in various related sectors","Namibia amended the Combating of Rape Act and Combating of Domestic Violence Act (2022), operates 17 Gender-Based Violence Protection Units and implemented a National Plan of Action on GBV 2019-2023; CEDAW, CAT and the Human Rights Committee report high prevalence, low prosecution and conviction rates, few shelters, and that the GBV plan expired in 2023 without a successor.",A/HRC/WG.6/52/NAM/1 para. 109; A/HRC/WG.6/52/NAM/2 para. 61; A/HRC/WG.6/52/NAM/3 para. 50,"National Report (A/HRC/WG.6/52/NAM/1), para. 109 — Namibia: ""The Combating of Domestic Violence Act, 2003 and the Combating of Rape Act, 2000 were amended ... to strengthen and provide clarity to the provisions of the amended Acts""
UN Compilation (A/HRC/WG.6/52/NAM/2), para. 61 — Human Rights Committee: ""the low number of prosecutions and convictions handed down to perpetrators of gender-based violence""
Stakeholders' Summary (A/HRC/WG.6/52/NAM/3), para. 50 — Joint submission 2: ""With the expiration of the aforementioned [GBV] Plan in 2023, no replacement plan had been put in place, which diminished the ability of the government to address gender-based violence"""
138.246,Ireland,supported,Sexual & gender-based violence,Prevent and address sexual and gender-based violence,B,"Partially implemented / steps taken, further action needed","Ensure that national policies to reduce gender-based violence and to protect women’s and girls’ rights are effectively implemented, including through the provision of sufficient resources to support victims","Namibia amended the Combating of Rape Act and Combating of Domestic Violence Act (2022), operates 17 Gender-Based Violence Protection Units and implemented a National Plan of Action on GBV 2019-2023; CEDAW, CAT and the Human Rights Committee report high prevalence, low prosecution and conviction rates, few shelters, and that the GBV plan expired in 2023 without a successor.",A/HRC/WG.6/52/NAM/1 para. 109; A/HRC/WG.6/52/NAM/2 para. 61; A/HRC/WG.6/52/NAM/3 para. 50,"National Report (A/HRC/WG.6/52/NAM/1), para. 109 — Namibia: ""The Combating of Domestic Violence Act, 2003 and the Combating of Rape Act, 2000 were amended ... to strengthen and provide clarity to the provisions of the amended Acts""
UN Compilation (A/HRC/WG.6/52/NAM/2), para. 61 — Human Rights Committee: ""the low number of prosecutions and convictions handed down to perpetrators of gender-based violence""
Stakeholders' Summary (A/HRC/WG.6/52/NAM/3), para. 50 — Joint submission 2: ""With the expiration of the aforementioned [GBV] Plan in 2023, no replacement plan had been put in place, which diminished the ability of the government to address gender-based violence"""
138.247,Latvia,supported,Violence against women,Prevent and address violence against women,B,"Partially implemented / steps taken, further action needed","Take all necessary measures, both in law and in practice, to combat violence against women and girls and domestic violence, as well as child early and forced marriage","Namibia amended the Combating of Rape and Combating of Domestic Violence Acts (2022) and ran a National Plan of Action on GBV 2019-2023 and an #EndGBV campaign; prevalence remains high, prosecutions and convictions low, shelters and protection orders limited, and the GBV plan lapsed in 2023 without a replacement.",A/HRC/WG.6/52/NAM/1 para. 116; A/HRC/WG.6/52/NAM/2 para. 60,"National Report (A/HRC/WG.6/52/NAM/1), para. 116 — Namibia: ""Namibia has amended and promulgated legislation to address Gender Based Violence and Violence against Children. These include the Combating of Rape Amendment Act 2022, Combating of Domestic Violence Amendment Act 2022""
UN Compilation (A/HRC/WG.6/52/NAM/2), para. 60 — Committee on the Elimination of Discrimination against Women: ""the high prevalence of intimate partner violence and other forms of gender-based violence against women, and the limited access for women to protection orders, reparations, shelters and psychological treatment"""
138.248,Lesotho,supported,Sexual & gender-based violence,Prevent and address sexual and gender-based violence,B,"Partially implemented / steps taken, further action needed","Undertake measures to address gender-based violence, especially against persons with disabilities","Namibia amended the Combating of Rape Act and Combating of Domestic Violence Act (2022), operates 17 Gender-Based Violence Protection Units and implemented a National Plan of Action on GBV 2019-2023; CEDAW, CAT and the Human Rights Committee report high prevalence, low prosecution and conviction rates, few shelters, and that the GBV plan expired in 2023 without a successor.",A/HRC/WG.6/52/NAM/1 para. 109; A/HRC/WG.6/52/NAM/2 para. 61; A/HRC/WG.6/52/NAM/3 para. 50,"National Report (A/HRC/WG.6/52/NAM/1), para. 109 — Namibia: ""The Combating of Domestic Violence Act, 2003 and the Combating of Rape Act, 2000 were amended ... to strengthen and provide clarity to the provisions of the amended Acts""
UN Compilation (A/HRC/WG.6/52/NAM/2), para. 61 — Human Rights Committee: ""the low number of prosecutions and convictions handed down to perpetrators of gender-based violence""
Stakeholders' Summary (A/HRC/WG.6/52/NAM/3), para. 50 — Joint submission 2: ""With the expiration of the aforementioned [GBV] Plan in 2023, no replacement plan had been put in place, which diminished the ability of the government to address gender-based violence"""
138.249,Switzerland,supported,Violence against women,Prevent and address violence against women,B,"Partially implemented / steps taken, further action needed","Provide adequate shelters for women and girls who are victims of violence in all regions of the country, including by providing them with sufficient resources","Namibia amended the Combating of Rape and Combating of Domestic Violence Acts (2022) and ran a National Plan of Action on GBV 2019-2023 and an #EndGBV campaign; prevalence remains high, prosecutions and convictions low, shelters and protection orders limited, and the GBV plan lapsed in 2023 without a replacement.",A/HRC/WG.6/52/NAM/1 para. 116; A/HRC/WG.6/52/NAM/2 para. 60,"National Report (A/HRC/WG.6/52/NAM/1), para. 116 — Namibia: ""Namibia has amended and promulgated legislation to address Gender Based Violence and Violence against Children. These include the Combating of Rape Amendment Act 2022, Combating of Domestic Violence Amendment Act 2022""
UN Compilation (A/HRC/WG.6/52/NAM/2), para. 60 — Committee on the Elimination of Discrimination against Women: ""the high prevalence of intimate partner violence and other forms of gender-based violence against women, and the limited access for women to protection orders, reparations, shelters and psychological treatment"""
138.250,Liechtenstein,supported,Sexual & gender-based violence,Prevent and address sexual and gender-based violence,B,"Partially implemented / steps taken, further action needed","Continue its efforts to eliminate all forms of sexual and gender-based violence, as well as violence against children, by taking comprehensive measures to investigate, prosecute and punish all forms of gender-based violence and violence against children, as well as by addressing the obstacles faced by survivors in seeking remedies and obtaining protection","Namibia amended the Combating of Rape Act and Combating of Domestic Violence Act (2022), operates 17 Gender-Based Violence Protection Units and implemented a National Plan of Action on GBV 2019-2023; CEDAW, CAT and the Human Rights Committee report high prevalence, low prosecution and conviction rates, few shelters, and that the GBV plan expired in 2023 without a successor.",A/HRC/WG.6/52/NAM/1 para. 109; A/HRC/WG.6/52/NAM/2 para. 61; A/HRC/WG.6/52/NAM/3 para. 50,"National Report (A/HRC/WG.6/52/NAM/1), para. 109 — Namibia: ""The Combating of Domestic Violence Act, 2003 and the Combating of Rape Act, 2000 were amended ... to strengthen and provide clarity to the provisions of the amended Acts""
UN Compilation (A/HRC/WG.6/52/NAM/2), para. 61 — Human Rights Committee: ""the low number of prosecutions and convictions handed down to perpetrators of gender-based violence""
Stakeholders' Summary (A/HRC/WG.6/52/NAM/3), para. 50 — Joint submission 2: ""With the expiration of the aforementioned [GBV] Plan in 2023, no replacement plan had been put in place, which diminished the ability of the government to address gender-based violence"""
138.251,Malta,supported,Violence against women,Prevent and address violence against women,B,"Partially implemented / steps taken, further action needed",Adopt a detailed national budget allocation with timelines and sectoral responsibilities for its response to violence against women and girls,"Namibia amended the Combating of Rape and Combating of Domestic Violence Acts (2022) and ran a National Plan of Action on GBV 2019-2023 and an #EndGBV campaign; prevalence remains high, prosecutions and convictions low, shelters and protection orders limited, and the GBV plan lapsed in 2023 without a replacement.",A/HRC/WG.6/52/NAM/1 para. 116; A/HRC/WG.6/52/NAM/2 para. 60,"National Report (A/HRC/WG.6/52/NAM/1), para. 116 — Namibia: ""Namibia has amended and promulgated legislation to address Gender Based Violence and Violence against Children. These include the Combating of Rape Amendment Act 2022, Combating of Domestic Violence Amendment Act 2022""
UN Compilation (A/HRC/WG.6/52/NAM/2), para. 60 — Committee on the Elimination of Discrimination against Women: ""the high prevalence of intimate partner violence and other forms of gender-based violence against women, and the limited access for women to protection orders, reparations, shelters and psychological treatment"""
138.252,Marshall Islands,supported,Sexual & gender-based violence,Prevent and address sexual and gender-based violence,B,"Partially implemented / steps taken, further action needed",Take more targeted measures to address the root causes of gender-based violence and introduce a budget for implementation,"Namibia amended the Combating of Rape Act and Combating of Domestic Violence Act (2022), operates 17 Gender-Based Violence Protection Units and implemented a National Plan of Action on GBV 2019-2023; CEDAW, CAT and the Human Rights Committee report high prevalence, low prosecution and conviction rates, few shelters, and that the GBV plan expired in 2023 without a successor.",A/HRC/WG.6/52/NAM/1 para. 109; A/HRC/WG.6/52/NAM/2 para. 61; A/HRC/WG.6/52/NAM/3 para. 50,"National Report (A/HRC/WG.6/52/NAM/1), para. 109 — Namibia: ""The Combating of Domestic Violence Act, 2003 and the Combating of Rape Act, 2000 were amended ... to strengthen and provide clarity to the provisions of the amended Acts""
UN Compilation (A/HRC/WG.6/52/NAM/2), para. 61 — Human Rights Committee: ""the low number of prosecutions and convictions handed down to perpetrators of gender-based violence""
Stakeholders' Summary (A/HRC/WG.6/52/NAM/3), para. 50 — Joint submission 2: ""With the expiration of the aforementioned [GBV] Plan in 2023, no replacement plan had been put in place, which diminished the ability of the government to address gender-based violence"""
138.253,Nepal,supported,Sexual & gender-based violence,Prevent and address sexual and gender-based violence,B,"Partially implemented / steps taken, further action needed","Continue measures to eliminate sexual and gender-based violence, including traditional harmful practices against women and girls","Namibia amended the Combating of Rape Act and Combating of Domestic Violence Act (2022), operates 17 Gender-Based Violence Protection Units and implemented a National Plan of Action on GBV 2019-2023; CEDAW, CAT and the Human Rights Committee report high prevalence, low prosecution and conviction rates, few shelters, and that the GBV plan expired in 2023 without a successor.",A/HRC/WG.6/52/NAM/1 para. 109; A/HRC/WG.6/52/NAM/2 para. 61; A/HRC/WG.6/52/NAM/3 para. 50,"National Report (A/HRC/WG.6/52/NAM/1), para. 109 — Namibia: ""The Combating of Domestic Violence Act, 2003 and the Combating of Rape Act, 2000 were amended ... to strengthen and provide clarity to the provisions of the amended Acts""
UN Compilation (A/HRC/WG.6/52/NAM/2), para. 61 — Human Rights Committee: ""the low number of prosecutions and convictions handed down to perpetrators of gender-based violence""
Stakeholders' Summary (A/HRC/WG.6/52/NAM/3), para. 50 — Joint submission 2: ""With the expiration of the aforementioned [GBV] Plan in 2023, no replacement plan had been put in place, which diminished the ability of the government to address gender-based violence"""
138.254,Nigeria,supported,Sexual & gender-based violence,Prevent and address sexual and gender-based violence,B,"Partially implemented / steps taken, further action needed",Continue its efforts to combat gender-based violence and ensure the protection of the rights of persons in vulnerable situations,"Namibia amended the Combating of Rape Act and Combating of Domestic Violence Act (2022), operates 17 Gender-Based Violence Protection Units and implemented a National Plan of Action on GBV 2019-2023; CEDAW, CAT and the Human Rights Committee report high prevalence, low prosecution and conviction rates, few shelters, and that the GBV plan expired in 2023 without a successor.",A/HRC/WG.6/52/NAM/1 para. 109; A/HRC/WG.6/52/NAM/2 para. 61; A/HRC/WG.6/52/NAM/3 para. 50,"National Report (A/HRC/WG.6/52/NAM/1), para. 109 — Namibia: ""The Combating of Domestic Violence Act, 2003 and the Combating of Rape Act, 2000 were amended ... to strengthen and provide clarity to the provisions of the amended Acts""
UN Compilation (A/HRC/WG.6/52/NAM/2), para. 61 — Human Rights Committee: ""the low number of prosecutions and convictions handed down to perpetrators of gender-based violence""
Stakeholders' Summary (A/HRC/WG.6/52/NAM/3), para. 50 — Joint submission 2: ""With the expiration of the aforementioned [GBV] Plan in 2023, no replacement plan had been put in place, which diminished the ability of the government to address gender-based violence"""
138.255,Pakistan,supported,Sexual & gender-based violence,Prevent and address sexual and gender-based violence,B,"Partially implemented / steps taken, further action needed",Continue measures to combat gender-based violence and empower women,"Namibia amended the Combating of Rape Act and Combating of Domestic Violence Act (2022), operates 17 Gender-Based Violence Protection Units and implemented a National Plan of Action on GBV 2019-2023; CEDAW, CAT and the Human Rights Committee report high prevalence, low prosecution and conviction rates, few shelters, and that the GBV plan expired in 2023 without a successor.",A/HRC/WG.6/52/NAM/1 para. 109; A/HRC/WG.6/52/NAM/2 para. 61; A/HRC/WG.6/52/NAM/3 para. 50,"National Report (A/HRC/WG.6/52/NAM/1), para. 109 — Namibia: ""The Combating of Domestic Violence Act, 2003 and the Combating of Rape Act, 2000 were amended ... to strengthen and provide clarity to the provisions of the amended Acts""
UN Compilation (A/HRC/WG.6/52/NAM/2), para. 61 — Human Rights Committee: ""the low number of prosecutions and convictions handed down to perpetrators of gender-based violence""
Stakeholders' Summary (A/HRC/WG.6/52/NAM/3), para. 50 — Joint submission 2: ""With the expiration of the aforementioned [GBV] Plan in 2023, no replacement plan had been put in place, which diminished the ability of the government to address gender-based violence"""
138.256,Philippines,supported,Sexual & gender-based violence,Prevent and address sexual and gender-based violence,B,"Partially implemented / steps taken, further action needed",Enhance measures to address gender-based violence and ensure appropriate and adequate remedies and protection for the victims,"Namibia amended the Combating of Rape Act and Combating of Domestic Violence Act (2022), operates 17 Gender-Based Violence Protection Units and implemented a National Plan of Action on GBV 2019-2023; CEDAW, CAT and the Human Rights Committee report high prevalence, low prosecution and conviction rates, few shelters, and that the GBV plan expired in 2023 without a successor.",A/HRC/WG.6/52/NAM/1 para. 109; A/HRC/WG.6/52/NAM/2 para. 61; A/HRC/WG.6/52/NAM/3 para. 50,"National Report (A/HRC/WG.6/52/NAM/1), para. 109 — Namibia: ""The Combating of Domestic Violence Act, 2003 and the Combating of Rape Act, 2000 were amended ... to strengthen and provide clarity to the provisions of the amended Acts""
UN Compilation (A/HRC/WG.6/52/NAM/2), para. 61 — Human Rights Committee: ""the low number of prosecutions and convictions handed down to perpetrators of gender-based violence""
Stakeholders' Summary (A/HRC/WG.6/52/NAM/3), para. 50 — Joint submission 2: ""With the expiration of the aforementioned [GBV] Plan in 2023, no replacement plan had been put in place, which diminished the ability of the government to address gender-based violence"""
138.257,Sierra Leone,supported,Constitutional & legislative framework,"Legislative reforms (torture bill, marriage/family laws, data protection)",B,"Partially implemented / steps taken, further action needed",Review laws and conventions relating to the rights of children to harmonize them with international human rights standards,"Namibia passed the Marriage Act and Dissolution of Marriages Act (2024) and amended the High Court and Magistrates' Courts Acts, but the revised Torture Bill has been pending since 2019, the Ombudsman Bill (2024) was withdrawn, and the Data Protection and Cybercrime Bills remain in draft.",A/HRC/WG.6/52/NAM/2 para. 7; A/HRC/WG.6/52/NAM/1 para. 51; A/HRC/WG.6/52/NAM/1 para. 56,"UN Compilation (A/HRC/WG.6/52/NAM/2), para. 7 — Committee against Torture: ""the revised bill on preventing and combating torture had been awaiting parliamentary approval since 2019, and urged Namibia to adopt the bill as soon as possible and to ensure that its provisions defined torture as a specific offence""
National Report (A/HRC/WG.6/52/NAM/1), para. 51 — Namibia: ""The process to enact the Torture Bill is ongoing. The Torture Bill was withdrawn from the National Assembly to finalize outstanding issues relating to penalties for offences""
National Report (A/HRC/WG.6/52/NAM/1), para. 56 — Namibia: ""Namibia is yet to enact laws on Data Protection and or Cyber Crime. The Data Protection Bill and Cybercrime Bill are still at drafting and consultations ... stage"""
138.258,Chad,supported,Constitutional & legislative framework,"Legislative reforms (torture bill, marriage/family laws, data protection)",B,"Partially implemented / steps taken, further action needed",Review laws on children ’ s rights in order to ensure that the definition of the child therein is in line with international human rights standards,"Namibia passed the Marriage Act and Dissolution of Marriages Act (2024) and amended the High Court and Magistrates' Courts Acts, but the revised Torture Bill has been pending since 2019, the Ombudsman Bill (2024) was withdrawn, and the Data Protection and Cybercrime Bills remain in draft.",A/HRC/WG.6/52/NAM/2 para. 7; A/HRC/WG.6/52/NAM/1 para. 51; A/HRC/WG.6/52/NAM/1 para. 56,"UN Compilation (A/HRC/WG.6/52/NAM/2), para. 7 — Committee against Torture: ""the revised bill on preventing and combating torture had been awaiting parliamentary approval since 2019, and urged Namibia to adopt the bill as soon as possible and to ensure that its provisions defined torture as a specific offence""
National Report (A/HRC/WG.6/52/NAM/1), para. 51 — Namibia: ""The process to enact the Torture Bill is ongoing. The Torture Bill was withdrawn from the National Assembly to finalize outstanding issues relating to penalties for offences""
National Report (A/HRC/WG.6/52/NAM/1), para. 56 — Namibia: ""Namibia is yet to enact laws on Data Protection and or Cyber Crime. The Data Protection Bill and Cybercrime Bill are still at drafting and consultations ... stage"""
138.259,2018 – 2022; Albania,supported,National Human Rights Action Plans (or specific areas) / implementation plans,Adopt a National Human Rights Action Plan,C,Not implemented / no relevant action taken,Continue the application and implementation of the national children’s programme,"The National Human Rights Action Plan 2015-2019 lapsed; Cabinet issued a directive in 2024 to review it and develop a successor, which is not yet adopted.",A/HRC/WG.6/52/NAM/1 para. 9,"National Report (A/HRC/WG.6/52/NAM/1), para. 9 — Namibia: ""In 2024 Cabinet issued a directive that the Government should conduct a review of the National Human Rights Action Plan (NHRAP) 2015-2019 and develop a successor plan"""
138.260,Cuba,supported,National Human Rights Action Plans (or specific areas) / implementation plans,Adopt a National Human Rights Action Plan,C,Not implemented / no relevant action taken,Continue implementing the national programme for children and its harmonization with other strategies such as the national strategic framework for the fight against HIV/AIDS and the gender equality and child welfare framework,"The National Human Rights Action Plan 2015-2019 lapsed; Cabinet issued a directive in 2024 to review it and develop a successor, which is not yet adopted.",A/HRC/WG.6/52/NAM/1 para. 9,"National Report (A/HRC/WG.6/52/NAM/1), para. 9 — Namibia: ""In 2024 Cabinet issued a directive that the Government should conduct a review of the National Human Rights Action Plan (NHRAP) 2015-2019 and develop a successor plan"""
138.261,Estonia,supported,Constitutional & legislative framework,"Legislative reforms (torture bill, marriage/family laws, data protection)",B,"Partially implemented / steps taken, further action needed",Define by law children as persons under the age of 18,"Namibia passed the Marriage Act and Dissolution of Marriages Act (2024) and amended the High Court and Magistrates' Courts Acts, but the revised Torture Bill has been pending since 2019, the Ombudsman Bill (2024) was withdrawn, and the Data Protection and Cybercrime Bills remain in draft.",A/HRC/WG.6/52/NAM/2 para. 7; A/HRC/WG.6/52/NAM/1 para. 51; A/HRC/WG.6/52/NAM/1 para. 56,"UN Compilation (A/HRC/WG.6/52/NAM/2), para. 7 — Committee against Torture: ""the revised bill on preventing and combating torture had been awaiting parliamentary approval since 2019, and urged Namibia to adopt the bill as soon as possible and to ensure that its provisions defined torture as a specific offence""
National Report (A/HRC/WG.6/52/NAM/1), para. 51 — Namibia: ""The process to enact the Torture Bill is ongoing. The Torture Bill was withdrawn from the National Assembly to finalize outstanding issues relating to penalties for offences""
National Report (A/HRC/WG.6/52/NAM/1), para. 56 — Namibia: ""Namibia is yet to enact laws on Data Protection and or Cyber Crime. The Data Protection Bill and Cybercrime Bill are still at drafting and consultations ... stage"""
138.262,Mauritania,supported,National Human Rights Action Plans (or specific areas) / implementation plans,Adopt a National Human Rights Action Plan,C,Not implemented / no relevant action taken,Pursue the implementation of the National Agenda for Children 2018 – 2022,"The National Human Rights Action Plan 2015-2019 lapsed; Cabinet issued a directive in 2024 to review it and develop a successor, which is not yet adopted.",A/HRC/WG.6/52/NAM/1 para. 9,"National Report (A/HRC/WG.6/52/NAM/1), para. 9 — Namibia: ""In 2024 Cabinet issued a directive that the Government should conduct a review of the National Human Rights Action Plan (NHRAP) 2015-2019 and develop a successor plan"""
138.263,Mongolia,supported,Children: definition,Child protection; child marriage; alternative care,B,"Partially implemented / steps taken, further action needed",Enhance its strategy aimed at ensuring the protection of the rights of children,"Namibia implements the Child Care and Protection Act (2015), the Marriage Act (2024) sets the marriage age at 18, and a National Plan of Action on Violence against Children 2021-2025 and an Ending Child Marriage Strategy are under way; CAT, CEDAW and the Human Rights Committee report child marriage persists under customary law and children are held in pre-trial detention with adults.",A/HRC/WG.6/52/NAM/1 para. 120; A/HRC/WG.6/52/NAM/2 para. 66; A/HRC/WG.6/52/NAM/2 para. 22,"National Report (A/HRC/WG.6/52/NAM/1), para. 120 — Namibia: ""Namibia enacted the Child Care and Protection Act 2015 and the Marriage Act 2024 which prohibits practices of marrying of children ... Development of Ending Child Marriage strategy is underway""
UN Compilation (A/HRC/WG.6/52/NAM/2), para. 66 — Committee against Torture: ""the harmful traditional practice of child marriage under customary law persisted in some communities, despite its prohibition in section 226 of the Child Care and Protection Act""
UN Compilation (A/HRC/WG.6/52/NAM/2), para. 22 — Committee on the Rights of the Child: ""reports of children held in pretrial detention together with adults"""
138.264,Germany,supported,Children: definition,Child protection; child marriage; alternative care,B,"Partially implemented / steps taken, further action needed",Increase efforts to cut practices of marrying children and teenage pregnancies,"Namibia implements the Child Care and Protection Act (2015), the Marriage Act (2024) sets the marriage age at 18, and a National Plan of Action on Violence against Children 2021-2025 and an Ending Child Marriage Strategy are under way; CAT, CEDAW and the Human Rights Committee report child marriage persists under customary law and children are held in pre-trial detention with adults.",A/HRC/WG.6/52/NAM/1 para. 120; A/HRC/WG.6/52/NAM/2 para. 66; A/HRC/WG.6/52/NAM/2 para. 22,"National Report (A/HRC/WG.6/52/NAM/1), para. 120 — Namibia: ""Namibia enacted the Child Care and Protection Act 2015 and the Marriage Act 2024 which prohibits practices of marrying of children ... Development of Ending Child Marriage strategy is underway""
UN Compilation (A/HRC/WG.6/52/NAM/2), para. 66 — Committee against Torture: ""the harmful traditional practice of child marriage under customary law persisted in some communities, despite its prohibition in section 226 of the Child Care and Protection Act""
UN Compilation (A/HRC/WG.6/52/NAM/2), para. 22 — Committee on the Rights of the Child: ""reports of children held in pretrial detention together with adults"""
138.265,Tunisia,supported,"Persons with disabilities: protection against exploitation, violence & abuse",Miscellaneous,D,No information available on implementation,Continue the efforts made to further enhance the protection of the rights of persons with disabilities,No cluster rule matched and the evidence base contains no specific information on this recommendation.,,
138.266,Cameroon,supported,"Persons with disabilities: definition, general principles",Align disability law and policy with the CRPD,B,"Partially implemented / steps taken, further action needed",Promote the protection of people with disabilities who are victims of marginalization,"Namibia amended the National Disability Council Act and adopted a revised National Disability Policy (2025), but CRC and the UN country team report disability law is not yet aligned with the CRPD and access to services and buildings for persons with disabilities remains limited.",A/HRC/WG.6/52/NAM/1 para. 118; A/HRC/WG.6/52/NAM/2 para. 70,"National Report (A/HRC/WG.6/52/NAM/1), para. 118 — Namibia: ""during 2025 Namibia amended the National Disability Council Act 2004, which contains the amended National Policy of Disability""
UN Compilation (A/HRC/WG.6/52/NAM/2), para. 70 — United Nations country team: ""access for persons with disabilities to services remained limited, with many buildings, transport systems and essential facilities lacking ramps, tactile signage or auditory cues"""
138.267,Djibouti,supported,"Persons with disabilities: independence, inclusion",Miscellaneous,D,No information available on implementation,"Strengthen national bodies responsible for guaranteeing the rights of people with disabilities and promote the full integration of people with disabilities into society, in particular through the promotion of increased access for children with disabilities to education and vocational training",No cluster rule matched and the evidence base contains no specific information on this recommendation.,,
138.268,Ethiopia,supported,"Persons with disabilities: independence, inclusion",Miscellaneous,D,No information available on implementation,Strengthen efforts to empower the representation of persons with disabilities in the areas of public affairs and governance,No cluster rule matched and the evidence base contains no specific information on this recommendation.,,
138.269,Greece,supported,Constitutional & legislative framework,"Legislative reforms (torture bill, marriage/family laws, data protection)",B,"Partially implemented / steps taken, further action needed",Align its legislation on disabilities with the provisions of the Convention on the Rights of Persons with Disabilities,"Namibia passed the Marriage Act and Dissolution of Marriages Act (2024) and amended the High Court and Magistrates' Courts Acts, but the revised Torture Bill has been pending since 2019, the Ombudsman Bill (2024) was withdrawn, and the Data Protection and Cybercrime Bills remain in draft.",A/HRC/WG.6/52/NAM/2 para. 7; A/HRC/WG.6/52/NAM/1 para. 51; A/HRC/WG.6/52/NAM/1 para. 56,"UN Compilation (A/HRC/WG.6/52/NAM/2), para. 7 — Committee against Torture: ""the revised bill on preventing and combating torture had been awaiting parliamentary approval since 2019, and urged Namibia to adopt the bill as soon as possible and to ensure that its provisions defined torture as a specific offence""
National Report (A/HRC/WG.6/52/NAM/1), para. 51 — Namibia: ""The process to enact the Torture Bill is ongoing. The Torture Bill was withdrawn from the National Assembly to finalize outstanding issues relating to penalties for offences""
National Report (A/HRC/WG.6/52/NAM/1), para. 56 — Namibia: ""Namibia is yet to enact laws on Data Protection and or Cyber Crime. The Data Protection Bill and Cybercrime Bill are still at drafting and consultations ... stage"""
138.270,India,supported,Legal & institutional reform,"Institutional reform (Ombudsman, anti-corruption, oversight)",B,"Partially implemented / steps taken, further action needed",Consider strengthening existing and taking new policy-oriented measures to implement the Convention on the Rights of Persons with Disabilities,"The Ombudsman retains A-status but the Ombudsman Bill (2024) to secure its independence and funding was withdrawn following parliamentary objections, and stakeholders report the Anti-Corruption Commission remains under-resourced and Ombudsman recommendations are frequently ignored.",A/HRC/WG.6/52/NAM/1 para. 31; A/HRC/WG.6/52/NAM/3 para. 11,"National Report (A/HRC/WG.6/52/NAM/1), para. 31 — Namibia: ""the Ombudsman Bill 2024 was drafted and tabled during 2025. However, it was withdrawn for further consultations""
Stakeholders' Summary (A/HRC/WG.6/52/NAM/3), para. 11 — Joint submission 7: ""the effectiveness of the Office of the Ombudsman had remained constrained due to persistent financial and staffing shortages"""
138.271,Malaysia,supported,Labour rights and right to work,"Labour rights, minimum wage and equal pay",B,"Partially implemented / steps taken, further action needed",Take necessary measures to promote the employment of persons with disabilities,"Namibia ratified ILO Conventions No. 190 and No. 156 (August 2025) and set a national minimum wage for domestic, agricultural and security workers (2024-2027); ILO reports continuing challenges implementing occupational safety and health, and CEDAW recommends equal pay for work of equal value and action on labour-market segregation.",A/HRC/WG.6/52/NAM/1 para. 103; A/HRC/WG.6/52/NAM/2 para. 36,"National Report (A/HRC/WG.6/52/NAM/1), para. 103 — Namibia: ""Government enacted a Wage Order Setting the National Minimum Wage for certain employees (domestic, agricultural and security), for the years 2024, 2025, 2026 and 2027""
UN Compilation (A/HRC/WG.6/52/NAM/2), para. 36 — International Labour Organization: ""Namibia continued to face challenges in effectively implementing policies on occupational safety and health"""
138.272,Philippines,supported,Right to education,Access to and quality of education,B,"Partially implemented / steps taken, further action needed",Ensure that the needs of children with disabilities are adequately addressed in policy measures on inclusive education,"Namibia codified universal primary and secondary education (Basic Education Act 2020), reports a 95 per cent enrolment rate and will provide free tertiary education from 2026; UNESCO, the Committee on the Rights of the Child and stakeholders report persistent classroom shortages, poor education quality and limited inclusive education for learners with disabilities.",A/HRC/WG.6/52/NAM/2 para. 48; A/HRC/WG.6/52/NAM/2 para. 49,"UN Compilation (A/HRC/WG.6/52/NAM/2), para. 48 — UNESCO; United Nations country team: ""the announcement by the President of Namibia that the Government would fully subsidize tuition and registration fees at all State-run universities and vocational training centres from 2026""
UN Compilation (A/HRC/WG.6/52/NAM/2), para. 49 — UNESCO: ""there remained a persistent shortage of classrooms and basic facilities that hindered access to quality education, especially in rural areas ... limited access to inclusive education for learners with disabilities"""
138.273,Brazil,noted,Indigenous peoples,Recognise and protect Indigenous Peoples,C,Not implemented / no relevant action taken,Recognize all indigenous peoples under the Traditional Authorities Act (25 of 2000) and develop national legislation to protect their rights,"Namibia finalised the Ombudsman's White Paper on Indigenous Peoples' Rights and reserves university and public-service quotas for the San, Ovatue and Ovatjimba, but does not recognise them as Indigenous Peoples and the White Paper is unadopted; ancestral-land restitution has stalled.",A/HRC/WG.6/52/NAM/1 para. 122; A/HRC/WG.6/52/NAM/2 para. 72,"National Report (A/HRC/WG.6/52/NAM/1), para. 122 — Namibia: ""The White Paper on indigenous peoples' rights in Namibia has been finalized with input from stakeholders, under the leadership of the Ombudsman ... submitted to the Parliamentary Standing Committee""
UN Compilation (A/HRC/WG.6/52/NAM/2), para. 72 — Human Rights Committee: ""take appropriate measures with a view to promoting the restitution of ancestral lands to affected communities, including Indigenous Peoples"""
138.274,Canada,supported,Indigenous peoples,Recognise and protect Indigenous Peoples,C,Not implemented / no relevant action taken,Allocate adequate resources to programmes promoting indigenous well-being and addressing discrimination and abuse of indigenous peoples in the health-care and education systems,"Namibia finalised the Ombudsman's White Paper on Indigenous Peoples' Rights and reserves university and public-service quotas for the San, Ovatue and Ovatjimba, but does not recognise them as Indigenous Peoples and the White Paper is unadopted; ancestral-land restitution has stalled.",A/HRC/WG.6/52/NAM/1 para. 122; A/HRC/WG.6/52/NAM/2 para. 72,"National Report (A/HRC/WG.6/52/NAM/1), para. 122 — Namibia: ""The White Paper on indigenous peoples' rights in Namibia has been finalized with input from stakeholders, under the leadership of the Ombudsman ... submitted to the Parliamentary Standing Committee""
UN Compilation (A/HRC/WG.6/52/NAM/2), para. 72 — Human Rights Committee: ""take appropriate measures with a view to promoting the restitution of ancestral lands to affected communities, including Indigenous Peoples"""
138.275,Denmark,supported,Indigenous peoples,Recognise and protect Indigenous Peoples,C,Not implemented / no relevant action taken,"Effectively implement the white paper on indigenous rights and ensure free, prior and informed consent in the process","Namibia finalised the Ombudsman's White Paper on Indigenous Peoples' Rights and reserves university and public-service quotas for the San, Ovatue and Ovatjimba, but does not recognise them as Indigenous Peoples and the White Paper is unadopted; ancestral-land restitution has stalled.",A/HRC/WG.6/52/NAM/1 para. 122; A/HRC/WG.6/52/NAM/2 para. 72,"National Report (A/HRC/WG.6/52/NAM/1), para. 122 — Namibia: ""The White Paper on indigenous peoples' rights in Namibia has been finalized with input from stakeholders, under the leadership of the Ombudsman ... submitted to the Parliamentary Standing Committee""
UN Compilation (A/HRC/WG.6/52/NAM/2), para. 72 — Human Rights Committee: ""take appropriate measures with a view to promoting the restitution of ancestral lands to affected communities, including Indigenous Peoples"""
138.276,Estonia,supported,Indigenous peoples,Recognise and protect Indigenous Peoples,C,Not implemented / no relevant action taken,Make efforts to improve the status and the rights of indigenous peoples and to adopt the white paper drafted by the Office of the Ombudsman,"Namibia finalised the Ombudsman's White Paper on Indigenous Peoples' Rights and reserves university and public-service quotas for the San, Ovatue and Ovatjimba, but does not recognise them as Indigenous Peoples and the White Paper is unadopted; ancestral-land restitution has stalled.",A/HRC/WG.6/52/NAM/1 para. 122; A/HRC/WG.6/52/NAM/2 para. 72,"National Report (A/HRC/WG.6/52/NAM/1), para. 122 — Namibia: ""The White Paper on indigenous peoples' rights in Namibia has been finalized with input from stakeholders, under the leadership of the Ombudsman ... submitted to the Parliamentary Standing Committee""
UN Compilation (A/HRC/WG.6/52/NAM/2), para. 72 — Human Rights Committee: ""take appropriate measures with a view to promoting the restitution of ancestral lands to affected communities, including Indigenous Peoples"""
138.277,Fiji,supported,Indigenous peoples,Recognise and protect Indigenous Peoples,C,Not implemented / no relevant action taken,Continue and intensify efforts to enrol indigenous and rural children through the mobile school unit programme,"Namibia finalised the Ombudsman's White Paper on Indigenous Peoples' Rights and reserves university and public-service quotas for the San, Ovatue and Ovatjimba, but does not recognise them as Indigenous Peoples and the White Paper is unadopted; ancestral-land restitution has stalled.",A/HRC/WG.6/52/NAM/1 para. 122; A/HRC/WG.6/52/NAM/2 para. 72,"National Report (A/HRC/WG.6/52/NAM/1), para. 122 — Namibia: ""The White Paper on indigenous peoples' rights in Namibia has been finalized with input from stakeholders, under the leadership of the Ombudsman ... submitted to the Parliamentary Standing Committee""
UN Compilation (A/HRC/WG.6/52/NAM/2), para. 72 — Human Rights Committee: ""take appropriate measures with a view to promoting the restitution of ancestral lands to affected communities, including Indigenous Peoples"""
138.278,Ghana,supported,Indigenous peoples,Recognise and protect Indigenous Peoples,C,Not implemented / no relevant action taken,Continue to enhance the projects and programmes aimed at ensuring the protection and rights of indigenous communities,"Namibia finalised the Ombudsman's White Paper on Indigenous Peoples' Rights and reserves university and public-service quotas for the San, Ovatue and Ovatjimba, but does not recognise them as Indigenous Peoples and the White Paper is unadopted; ancestral-land restitution has stalled.",A/HRC/WG.6/52/NAM/1 para. 122; A/HRC/WG.6/52/NAM/2 para. 72,"National Report (A/HRC/WG.6/52/NAM/1), para. 122 — Namibia: ""The White Paper on indigenous peoples' rights in Namibia has been finalized with input from stakeholders, under the leadership of the Ombudsman ... submitted to the Parliamentary Standing Committee""
UN Compilation (A/HRC/WG.6/52/NAM/2), para. 72 — Human Rights Committee: ""take appropriate measures with a view to promoting the restitution of ancestral lands to affected communities, including Indigenous Peoples"""
138.279,Marshall Islands,noted,Indigenous peoples,Recognise and protect Indigenous Peoples,C,Not implemented / no relevant action taken,"Recognize formally the rights of indigenous communities in the Constitution so as to ensure that their specific needs are safeguarded, particularly on the issue of land expropriation, which should be addressed comprehensively","Namibia finalised the Ombudsman's White Paper on Indigenous Peoples' Rights and reserves university and public-service quotas for the San, Ovatue and Ovatjimba, but does not recognise them as Indigenous Peoples and the White Paper is unadopted; ancestral-land restitution has stalled.",A/HRC/WG.6/52/NAM/1 para. 122; A/HRC/WG.6/52/NAM/2 para. 72,"National Report (A/HRC/WG.6/52/NAM/1), para. 122 — Namibia: ""The White Paper on indigenous peoples' rights in Namibia has been finalized with input from stakeholders, under the leadership of the Ombudsman ... submitted to the Parliamentary Standing Committee""
UN Compilation (A/HRC/WG.6/52/NAM/2), para. 72 — Human Rights Committee: ""take appropriate measures with a view to promoting the restitution of ancestral lands to affected communities, including Indigenous Peoples"""
138.280,Austria,supported,Members of minorities,Recognise and protect Indigenous Peoples and minorities,C,Not implemented / no relevant action taken,"Ensure that the legally guaranteed rights of ethnic minorities are also de facto guaranteed, especially by undertaking all efforts to reduce the dropout rate of schoolchildren belonging to ethnic minorities and to stop discrimination against ethnic minorities in the labour market","Namibia reserves higher-education and public-service quotas for marginalized communities and finalised the Ombudsman's White Paper on Indigenous Peoples' Rights, but the Human Rights Committee and stakeholders report Namibia still does not recognise the San, Himba and others as Indigenous Peoples, the White Paper is unadopted, and ancestral-land restitution has stalled.",A/HRC/WG.6/52/NAM/2 para. 71; A/HRC/WG.6/52/NAM/3 para. 55,"UN Compilation (A/HRC/WG.6/52/NAM/2), para. 71 — Human Rights Committee: ""Namibia did not recognize certain communities as Indigenous Peoples, instead referring to them as marginalized communities ... consider recognizing communities such as the San, Himba, Ovatue, Ovatjimba and Ovazemba as Indigenous Peoples""
Stakeholders' Summary (A/HRC/WG.6/52/NAM/3), para. 55 — Joint submission 6: ""the White Paper had not been adopted nor implemented by Namibia and consequently considered the recommendations to have not been implemented"""
138.281,Sierra Leone,noted,Constitutional & legislative framework,"Legislative reforms (torture bill, marriage/family laws, data protection)",B,"Partially implemented / steps taken, further action needed",Adopt specific legislation protecting the rights of refugees and migrant workers and make provisions for addressing all relevant issues thereunder,"Namibia passed the Marriage Act and Dissolution of Marriages Act (2024) and amended the High Court and Magistrates' Courts Acts, but the revised Torture Bill has been pending since 2019, the Ombudsman Bill (2024) was withdrawn, and the Data Protection and Cybercrime Bills remain in draft.",A/HRC/WG.6/52/NAM/2 para. 7; A/HRC/WG.6/52/NAM/1 para. 51; A/HRC/WG.6/52/NAM/1 para. 56,"UN Compilation (A/HRC/WG.6/52/NAM/2), para. 7 — Committee against Torture: ""the revised bill on preventing and combating torture had been awaiting parliamentary approval since 2019, and urged Namibia to adopt the bill as soon as possible and to ensure that its provisions defined torture as a specific offence""
National Report (A/HRC/WG.6/52/NAM/1), para. 51 — Namibia: ""The process to enact the Torture Bill is ongoing. The Torture Bill was withdrawn from the National Assembly to finalize outstanding issues relating to penalties for offences""
National Report (A/HRC/WG.6/52/NAM/1), para. 56 — Namibia: ""Namibia is yet to enact laws on Data Protection and or Cyber Crime. The Data Protection Bill and Cybercrime Bill are still at drafting and consultations ... stage"""
138.282,Georgia,supported,"Rights related to name, identity & nationality",Ratify the Statelessness Conventions,C,Not implemented / no relevant action taken,Accelerate the procedures necessary for accession to the Convention on the Reduction of Statelessness,"Namibia has not ratified the 1954 and 1961 Statelessness Conventions; consultations on the Reduction of Statelessness Convention are reported, and the 2024 Civil Registration and Regularisation Acts are a step forward.",A/HRC/WG.6/52/NAM/2 para. 3; A/HRC/WG.6/52/NAM/1 para. 70,"UN Compilation (A/HRC/WG.6/52/NAM/2), para. 3 — Committee on the Rights of the Child; Committee on the Elimination of Discrimination against Women: ""recommended that Namibia ratify the Convention relating to the Status of Stateless Persons of 1954 and the Convention on the Reduction of Statelessness of 1961""
National Report (A/HRC/WG.6/52/NAM/1), para. 70 — Namibia: ""The Ministry of Home Affairs, Immigration, Safety and Security conducted consultations regarding the convention on the Reduction of Statelessness"""
138.283,,noted,Good governance & corruption,Strengthen anti-corruption capacity,C,Not implemented / no relevant action taken,Reform sections 21 (1) and 31 (1) of the Anti-Corruption Act (8 of 2003) to make the thresholds for investigation and criminal referral objective (Australia).,"The Anti-Corruption Commission's budget rose modestly for 2025/2026, but stakeholders report it remains under-resourced - unable to establish an anti-money-laundering unit needed to exit the FATF grey list - and that most citizens believe corruption has worsened.",A/HRC/WG.6/52/NAM/1 para. 54; A/HRC/WG.6/52/NAM/3 para. 12,"National Report (A/HRC/WG.6/52/NAM/1), para. 54 — Namibia: ""For the 2025/2026 financial year, the Anti-Corruption Commission is allocated N$116,549,000 ... an increase of 9.96% compared to the 2024/2025 budgetary allocation""
Stakeholders' Summary (A/HRC/WG.6/52/NAM/3), para. 12 — Joint submission 7: ""The current level of funding did not allow for the establishment of specialized units, particularly an anti-money laundering unit ... The persistent under-resourcing of the Commission had hampered its ability to address increasingly sophisticated corruption schemes"""
