paragraph,recommending_state,position,primary_theme,action_summary,grade,grade_label,text,rationale,sources,evidence_quotes
60.1,Italy; Argentina; Lithuania; Sudan; Malawi; Cuba; Costa Rica; France; Albania,supported,Ratification of & accession to international instruments,Ratify the Convention against Enforced Disappearance,A,Largely implemented / action largely satisfactory,Ratify the International Convention for the Protection of All Persons from Enforced Disappearance,Denmark ratified the International Convention for the Protection of All Persons from Enforced Disappearance on 13 January 2022 and submitted its first report to the Committee in May 2025; it has not accepted the individual complaints procedure.,A/HRC/WG.6/52/DNK/1 para. 6; A/HRC/WG.6/52/DNK/2 para. 2,"National Report (A/HRC/WG.6/52/DNK/1), para. 6 — Denmark: ""Denmark ratified the International Convention for the Protection of All Persons from Enforced Disappearance (ICPPED) on 13 January 2022""
UN Compilation (A/HRC/WG.6/52/DNK/2), para. 2 — Committee against Torture: ""welcomed the ratification by Denmark of the International Convention for the Protection of All Persons from Enforced Disappearance in 2022"""
60.2,Italy,noted,Ratification of & accession to international instruments,Accede to the Optional Protocol to the ICESCR,C,Not implemented / no relevant action taken,"Consider ratifying the Optional Protocol to the International Covenant on Economic, Social and Cultural Rights","Denmark remains outside the Optional Protocol to the ICESCR, having acceded to the individual-complaints protocols for the other treaties it is party to.",A/HRC/WG.6/52/DNK/2 para. 2; A/HRC/WG.6/52/DNK/1 para. 7,"UN Compilation (A/HRC/WG.6/52/DNK/2), para. 2 — UNESCO: ""noted that Denmark was not a party to the Optional Protocol to the International Covenant on Economic, Social and Cultural Rights""
National Report (A/HRC/WG.6/52/DNK/1), para. 7 — Denmark: ""Denmark has acceded to the Optional Protocols establishing access to the individual complaints procedures ... with the exception of ICESCR"""
60.3,Japan,supported,Ratification of & accession to international instruments,Ratify the Convention against Enforced Disappearance,A,Largely implemented / action largely satisfactory,Proceed with the early ratification of the International Convention for the Protection of All Persons from Enforced Disappearance,Denmark ratified the International Convention for the Protection of All Persons from Enforced Disappearance on 13 January 2022 and submitted its first report to the Committee in May 2025; it has not accepted the individual complaints procedure.,A/HRC/WG.6/52/DNK/1 para. 6; A/HRC/WG.6/52/DNK/2 para. 2,"National Report (A/HRC/WG.6/52/DNK/1), para. 6 — Denmark: ""Denmark ratified the International Convention for the Protection of All Persons from Enforced Disappearance (ICPPED) on 13 January 2022""
UN Compilation (A/HRC/WG.6/52/DNK/2), para. 2 — Committee against Torture: ""welcomed the ratification by Denmark of the International Convention for the Protection of All Persons from Enforced Disappearance in 2022"""
60.4,Slovakia,supported,Ratification of & accession to international instruments,Ratify the Convention against Enforced Disappearance,A,Largely implemented / action largely satisfactory,Take necessary steps to ratify the International Convention for the Protection of All Persons from Enforced Disappearance,Denmark ratified the International Convention for the Protection of All Persons from Enforced Disappearance on 13 January 2022 and submitted its first report to the Committee in May 2025; it has not accepted the individual complaints procedure.,A/HRC/WG.6/52/DNK/1 para. 6; A/HRC/WG.6/52/DNK/2 para. 2,"National Report (A/HRC/WG.6/52/DNK/1), para. 6 — Denmark: ""Denmark ratified the International Convention for the Protection of All Persons from Enforced Disappearance (ICPPED) on 13 January 2022""
UN Compilation (A/HRC/WG.6/52/DNK/2), para. 2 — Committee against Torture: ""welcomed the ratification by Denmark of the International Convention for the Protection of All Persons from Enforced Disappearance in 2022"""
60.5,Switzerland,supported,Ratification of & accession to international instruments,Ratify the Convention against Enforced Disappearance,A,Largely implemented / action largely satisfactory,"Ratify the International Convention for the Protection of All Persons from Enforced Disappearance, which Denmark signed in 2007",Denmark ratified the International Convention for the Protection of All Persons from Enforced Disappearance on 13 January 2022 and submitted its first report to the Committee in May 2025; it has not accepted the individual complaints procedure.,A/HRC/WG.6/52/DNK/1 para. 6; A/HRC/WG.6/52/DNK/2 para. 2,"National Report (A/HRC/WG.6/52/DNK/1), para. 6 — Denmark: ""Denmark ratified the International Convention for the Protection of All Persons from Enforced Disappearance (ICPPED) on 13 January 2022""
UN Compilation (A/HRC/WG.6/52/DNK/2), para. 2 — Committee against Torture: ""welcomed the ratification by Denmark of the International Convention for the Protection of All Persons from Enforced Disappearance in 2022"""
60.6,Ukraine,supported,Ratification of & accession to international instruments,Ratify the Convention against Enforced Disappearance,A,Largely implemented / action largely satisfactory,Intensify efforts on the speedy ratification of the International Convention for the Protection of All Persons from Enforced Disappearance,Denmark ratified the International Convention for the Protection of All Persons from Enforced Disappearance on 13 January 2022 and submitted its first report to the Committee in May 2025; it has not accepted the individual complaints procedure.,A/HRC/WG.6/52/DNK/1 para. 6; A/HRC/WG.6/52/DNK/2 para. 2,"National Report (A/HRC/WG.6/52/DNK/1), para. 6 — Denmark: ""Denmark ratified the International Convention for the Protection of All Persons from Enforced Disappearance (ICPPED) on 13 January 2022""
UN Compilation (A/HRC/WG.6/52/DNK/2), para. 2 — Committee against Torture: ""welcomed the ratification by Denmark of the International Convention for the Protection of All Persons from Enforced Disappearance in 2022"""
60.7,Armenia,supported,Ratification of & accession to international instruments,Ratify the Convention against Enforced Disappearance,A,Largely implemented / action largely satisfactory,Consider ratification of the International Convention for the Protection of All Persons from Enforced Disappearance,Denmark ratified the International Convention for the Protection of All Persons from Enforced Disappearance on 13 January 2022 and submitted its first report to the Committee in May 2025; it has not accepted the individual complaints procedure.,A/HRC/WG.6/52/DNK/1 para. 6; A/HRC/WG.6/52/DNK/2 para. 2,"National Report (A/HRC/WG.6/52/DNK/1), para. 6 — Denmark: ""Denmark ratified the International Convention for the Protection of All Persons from Enforced Disappearance (ICPPED) on 13 January 2022""
UN Compilation (A/HRC/WG.6/52/DNK/2), para. 2 — Committee against Torture: ""welcomed the ratification by Denmark of the International Convention for the Protection of All Persons from Enforced Disappearance in 2022"""
60.8,Armenia,noted,Ratification of & accession to international instruments,Ratify outstanding international instruments,B,"Partially implemented / steps taken, further action needed","Consider ratification of the International Convention against the Recruitment, Use, Financing and Training of Mercenaries","Denmark ratified the International Convention for the Protection of All Persons from Enforced Disappearance (January 2022) and ILO Convention No. 190 (2024), but has not acceded to the Optional Protocol to the ICESCR, has expressly decided not to sign the ICRMW, and has not ratified the Treaty on the Prohibition of Nuclear Weapons.",A/HRC/WG.6/52/DNK/2 para. 2; A/HRC/WG.6/52/DNK/1 para. 6,"UN Compilation (A/HRC/WG.6/52/DNK/2), para. 2 — Committee against Torture: ""welcomed the ratification by Denmark of the International Convention for the Protection of All Persons from Enforced Disappearance in 2022""
National Report (A/HRC/WG.6/52/DNK/1), para. 6 — Denmark: ""Denmark ratified the International Convention for the Protection of All Persons from Enforced Disappearance (ICPPED) on 13 January 2022 ... Denmark has decided not to sign ICRMW""
UN Compilation (A/HRC/WG.6/52/DNK/2), para. 2 — UNESCO: ""noted that Denmark was not a party to the Optional Protocol to the International Covenant on Economic, Social and Cultural Rights"""
60.9,Czechia,supported,Ratification of & accession to international instruments,Ratify the Convention against Enforced Disappearance,A,Largely implemented / action largely satisfactory,Ratify the International Convention for the Protection of All Persons from Enforced Disappearance by the next universal periodic review,Denmark ratified the International Convention for the Protection of All Persons from Enforced Disappearance on 13 January 2022 and submitted its first report to the Committee in May 2025; it has not accepted the individual complaints procedure.,A/HRC/WG.6/52/DNK/1 para. 6; A/HRC/WG.6/52/DNK/2 para. 2,"National Report (A/HRC/WG.6/52/DNK/1), para. 6 — Denmark: ""Denmark ratified the International Convention for the Protection of All Persons from Enforced Disappearance (ICPPED) on 13 January 2022""
UN Compilation (A/HRC/WG.6/52/DNK/2), para. 2 — Committee against Torture: ""welcomed the ratification by Denmark of the International Convention for the Protection of All Persons from Enforced Disappearance in 2022"""
60.10,Germany,supported,Ratification of & accession to international instruments,Ratify the Convention against Enforced Disappearance,A,Largely implemented / action largely satisfactory,Ratify the International Convention for the Protection of All Persons from Enforced Disappearance in order to strengthen the international legal regime against enforced disappearances,Denmark ratified the International Convention for the Protection of All Persons from Enforced Disappearance on 13 January 2022 and submitted its first report to the Committee in May 2025; it has not accepted the individual complaints procedure.,A/HRC/WG.6/52/DNK/1 para. 6; A/HRC/WG.6/52/DNK/2 para. 2,"National Report (A/HRC/WG.6/52/DNK/1), para. 6 — Denmark: ""Denmark ratified the International Convention for the Protection of All Persons from Enforced Disappearance (ICPPED) on 13 January 2022""
UN Compilation (A/HRC/WG.6/52/DNK/2), para. 2 — Committee against Torture: ""welcomed the ratification by Denmark of the International Convention for the Protection of All Persons from Enforced Disappearance in 2022"""
60.11,Indonesia; Argentina; Senegal; Ghana; Bolivarian Republic of Venezuela; Rwanda,noted,Ratification of & accession to international instruments,Ratify the Migrant Workers Convention (ICRMW),E,"Contrary measures taken, or recommendation rejected",Ratify the International Convention on the Protection of the Rights of All Migrant Workers and Members of Their Families,"Denmark has expressly decided not to sign the International Convention on the Protection of the Rights of All Migrant Workers, contrary to the recommendation.",A/HRC/WG.6/52/DNK/1 para. 6; A/HRC/WG.6/52/DNK/2 para. 2,"National Report (A/HRC/WG.6/52/DNK/1), para. 6 — Denmark: ""As explained in more detail in the Annex, Denmark has decided not to sign ICRMW""
UN Compilation (A/HRC/WG.6/52/DNK/2), para. 2 — Committee on the Elimination of Discrimination against Women; Committee on the Elimination of Racial Discrimination: ""encouraged Denmark to ratify the International Convention on the Protection of the Rights of All Migrant Workers and Members of Their Families"""
60.12,Niger; Philippines; Timor-Leste; Côte d’Ivoire,noted,Ratification of & accession to international instruments,Ratify the Migrant Workers Convention (ICRMW),E,"Contrary measures taken, or recommendation rejected",Consider ratifying the International Convention on the Protection of the Rights of All Migrant Workers and Members of Their Families,"Denmark has expressly decided not to sign the International Convention on the Protection of the Rights of All Migrant Workers, contrary to the recommendation.",A/HRC/WG.6/52/DNK/1 para. 6; A/HRC/WG.6/52/DNK/2 para. 2,"National Report (A/HRC/WG.6/52/DNK/1), para. 6 — Denmark: ""As explained in more detail in the Annex, Denmark has decided not to sign ICRMW""
UN Compilation (A/HRC/WG.6/52/DNK/2), para. 2 — Committee on the Elimination of Discrimination against Women; Committee on the Elimination of Racial Discrimination: ""encouraged Denmark to ratify the International Convention on the Protection of the Rights of All Migrant Workers and Members of Their Families"""
60.13,Turkey,noted,Ratification of & accession to international instruments,Ratify outstanding international instruments,B,"Partially implemented / steps taken, further action needed",Reconsider its decision about not to sign the International Convention on the Protection of the Rights of All Migrants Workers and Members of Their Families,"Denmark ratified the International Convention for the Protection of All Persons from Enforced Disappearance (January 2022) and ILO Convention No. 190 (2024), but has not acceded to the Optional Protocol to the ICESCR, has expressly decided not to sign the ICRMW, and has not ratified the Treaty on the Prohibition of Nuclear Weapons.",A/HRC/WG.6/52/DNK/2 para. 2; A/HRC/WG.6/52/DNK/1 para. 6,"UN Compilation (A/HRC/WG.6/52/DNK/2), para. 2 — Committee against Torture: ""welcomed the ratification by Denmark of the International Convention for the Protection of All Persons from Enforced Disappearance in 2022""
National Report (A/HRC/WG.6/52/DNK/1), para. 6 — Denmark: ""Denmark ratified the International Convention for the Protection of All Persons from Enforced Disappearance (ICPPED) on 13 January 2022 ... Denmark has decided not to sign ICRMW""
UN Compilation (A/HRC/WG.6/52/DNK/2), para. 2 — UNESCO: ""noted that Denmark was not a party to the Optional Protocol to the International Covenant on Economic, Social and Cultural Rights"""
60.14,Egypt,noted,Ratification of & accession to international instruments,Ratify the Migrant Workers Convention (ICRMW),E,"Contrary measures taken, or recommendation rejected",Sign and ratify the International Convention on the Protection of the Rights of All Migrant Workers and Members of Their Families,"Denmark has expressly decided not to sign the International Convention on the Protection of the Rights of All Migrant Workers, contrary to the recommendation.",A/HRC/WG.6/52/DNK/1 para. 6; A/HRC/WG.6/52/DNK/2 para. 2,"National Report (A/HRC/WG.6/52/DNK/1), para. 6 — Denmark: ""As explained in more detail in the Annex, Denmark has decided not to sign ICRMW""
UN Compilation (A/HRC/WG.6/52/DNK/2), para. 2 — Committee on the Elimination of Discrimination against Women; Committee on the Elimination of Racial Discrimination: ""encouraged Denmark to ratify the International Convention on the Protection of the Rights of All Migrant Workers and Members of Their Families"""
60.15,Portugal; Slovakia; Luxembourg; Cyprus; France; Bolivarian Republic of Venezuela,noted,Ratification of & accession to international instruments,Accede to the Optional Protocol to the ICESCR,C,Not implemented / no relevant action taken,"Ratify the Optional Protocol to the International Covenant on Economic, Social and Cultural Rights","Denmark remains outside the Optional Protocol to the ICESCR, having acceded to the individual-complaints protocols for the other treaties it is party to.",A/HRC/WG.6/52/DNK/2 para. 2; A/HRC/WG.6/52/DNK/1 para. 7,"UN Compilation (A/HRC/WG.6/52/DNK/2), para. 2 — UNESCO: ""noted that Denmark was not a party to the Optional Protocol to the International Covenant on Economic, Social and Cultural Rights""
National Report (A/HRC/WG.6/52/DNK/1), para. 7 — Denmark: ""Denmark has acceded to the Optional Protocols establishing access to the individual complaints procedures ... with the exception of ICESCR"""
60.16,Bolivarian Republic of Venezuela,supported,Ratification of & accession to international instruments,Ratify outstanding international instruments,B,"Partially implemented / steps taken, further action needed","Ratify the Indigenous and Tribal Peoples Convention, 1989 (No. 169) of the International Labour Organization","Denmark ratified the International Convention for the Protection of All Persons from Enforced Disappearance (January 2022) and ILO Convention No. 190 (2024), but has not acceded to the Optional Protocol to the ICESCR, has expressly decided not to sign the ICRMW, and has not ratified the Treaty on the Prohibition of Nuclear Weapons.",A/HRC/WG.6/52/DNK/2 para. 2; A/HRC/WG.6/52/DNK/1 para. 6,"UN Compilation (A/HRC/WG.6/52/DNK/2), para. 2 — Committee against Torture: ""welcomed the ratification by Denmark of the International Convention for the Protection of All Persons from Enforced Disappearance in 2022""
National Report (A/HRC/WG.6/52/DNK/1), para. 6 — Denmark: ""Denmark ratified the International Convention for the Protection of All Persons from Enforced Disappearance (ICPPED) on 13 January 2022 ... Denmark has decided not to sign ICRMW""
UN Compilation (A/HRC/WG.6/52/DNK/2), para. 2 — UNESCO: ""noted that Denmark was not a party to the Optional Protocol to the International Covenant on Economic, Social and Cultural Rights"""
60.17,No. 189; Namibia,noted,Ratification of & accession to international instruments,Ratify outstanding international instruments,B,"Partially implemented / steps taken, further action needed","Ratify the ILO Domestic Workers Convention, 2011","Denmark ratified the International Convention for the Protection of All Persons from Enforced Disappearance (January 2022) and ILO Convention No. 190 (2024), but has not acceded to the Optional Protocol to the ICESCR, has expressly decided not to sign the ICRMW, and has not ratified the Treaty on the Prohibition of Nuclear Weapons.",A/HRC/WG.6/52/DNK/2 para. 2; A/HRC/WG.6/52/DNK/1 para. 6,"UN Compilation (A/HRC/WG.6/52/DNK/2), para. 2 — Committee against Torture: ""welcomed the ratification by Denmark of the International Convention for the Protection of All Persons from Enforced Disappearance in 2022""
National Report (A/HRC/WG.6/52/DNK/1), para. 6 — Denmark: ""Denmark ratified the International Convention for the Protection of All Persons from Enforced Disappearance (ICPPED) on 13 January 2022 ... Denmark has decided not to sign ICRMW""
UN Compilation (A/HRC/WG.6/52/DNK/2), para. 2 — UNESCO: ""noted that Denmark was not a party to the Optional Protocol to the International Covenant on Economic, Social and Cultural Rights"""
60.18,Bolivarian Republic of Venezuela,noted,Ratification of & accession to international instruments,Ratify outstanding international instruments,B,"Partially implemented / steps taken, further action needed","Ratify the Domestic Workers Convention, 2011 (No. 189) of the International Labour Organization","Denmark ratified the International Convention for the Protection of All Persons from Enforced Disappearance (January 2022) and ILO Convention No. 190 (2024), but has not acceded to the Optional Protocol to the ICESCR, has expressly decided not to sign the ICRMW, and has not ratified the Treaty on the Prohibition of Nuclear Weapons.",A/HRC/WG.6/52/DNK/2 para. 2; A/HRC/WG.6/52/DNK/1 para. 6,"UN Compilation (A/HRC/WG.6/52/DNK/2), para. 2 — Committee against Torture: ""welcomed the ratification by Denmark of the International Convention for the Protection of All Persons from Enforced Disappearance in 2022""
National Report (A/HRC/WG.6/52/DNK/1), para. 6 — Denmark: ""Denmark ratified the International Convention for the Protection of All Persons from Enforced Disappearance (ICPPED) on 13 January 2022 ... Denmark has decided not to sign ICRMW""
UN Compilation (A/HRC/WG.6/52/DNK/2), para. 2 — UNESCO: ""noted that Denmark was not a party to the Optional Protocol to the International Covenant on Economic, Social and Cultural Rights"""
60.19,No. 190; Namibia,noted,Ratification of & accession to international instruments,Ratify outstanding international instruments,B,"Partially implemented / steps taken, further action needed","Ratify the ILO Violence and Harassment Convention, 2019","Denmark ratified the International Convention for the Protection of All Persons from Enforced Disappearance (January 2022) and ILO Convention No. 190 (2024), but has not acceded to the Optional Protocol to the ICESCR, has expressly decided not to sign the ICRMW, and has not ratified the Treaty on the Prohibition of Nuclear Weapons.",A/HRC/WG.6/52/DNK/2 para. 2; A/HRC/WG.6/52/DNK/1 para. 6,"UN Compilation (A/HRC/WG.6/52/DNK/2), para. 2 — Committee against Torture: ""welcomed the ratification by Denmark of the International Convention for the Protection of All Persons from Enforced Disappearance in 2022""
National Report (A/HRC/WG.6/52/DNK/1), para. 6 — Denmark: ""Denmark ratified the International Convention for the Protection of All Persons from Enforced Disappearance (ICPPED) on 13 January 2022 ... Denmark has decided not to sign ICRMW""
UN Compilation (A/HRC/WG.6/52/DNK/2), para. 2 — UNESCO: ""noted that Denmark was not a party to the Optional Protocol to the International Covenant on Economic, Social and Cultural Rights"""
60.20,Liechtenstein,noted,Ratification of & accession to international instruments,Ratify outstanding international instruments,B,"Partially implemented / steps taken, further action needed",Ratify the Kampala amendments to the Rome Statute,"Denmark ratified the International Convention for the Protection of All Persons from Enforced Disappearance (January 2022) and ILO Convention No. 190 (2024), but has not acceded to the Optional Protocol to the ICESCR, has expressly decided not to sign the ICRMW, and has not ratified the Treaty on the Prohibition of Nuclear Weapons.",A/HRC/WG.6/52/DNK/2 para. 2; A/HRC/WG.6/52/DNK/1 para. 6,"UN Compilation (A/HRC/WG.6/52/DNK/2), para. 2 — Committee against Torture: ""welcomed the ratification by Denmark of the International Convention for the Protection of All Persons from Enforced Disappearance in 2022""
National Report (A/HRC/WG.6/52/DNK/1), para. 6 — Denmark: ""Denmark ratified the International Convention for the Protection of All Persons from Enforced Disappearance (ICPPED) on 13 January 2022 ... Denmark has decided not to sign ICRMW""
UN Compilation (A/HRC/WG.6/52/DNK/2), para. 2 — UNESCO: ""noted that Denmark was not a party to the Optional Protocol to the International Covenant on Economic, Social and Cultural Rights"""
60.21,Libya,noted,Ratification of & accession to international instruments,Ratify the Migrant Workers Convention (ICRMW),E,"Contrary measures taken, or recommendation rejected","Ratify the international human rights conventions that it has not ratified yet, including the International Convention on the Protection of the Rights of All Migrant Workers and Members of Their Families","Denmark has expressly decided not to sign the International Convention on the Protection of the Rights of All Migrant Workers, contrary to the recommendation.",A/HRC/WG.6/52/DNK/1 para. 6; A/HRC/WG.6/52/DNK/2 para. 2,"National Report (A/HRC/WG.6/52/DNK/1), para. 6 — Denmark: ""As explained in more detail in the Annex, Denmark has decided not to sign ICRMW""
UN Compilation (A/HRC/WG.6/52/DNK/2), para. 2 — Committee on the Elimination of Discrimination against Women; Committee on the Elimination of Racial Discrimination: ""encouraged Denmark to ratify the International Convention on the Protection of the Rights of All Migrant Workers and Members of Their Families"""
60.22,Malawi,noted,Reservations,Withdraw or review reservations and declarations,C,Not implemented / no relevant action taken,Consider withdrawing the reservation made to article 40 (2) (b) of the Convention on the Rights of the Child,No withdrawal of reservations is reported; Denmark has not accepted the individual complaints procedure under the Enforced Disappearance Convention and remains outside the Optional Protocol to the ICESCR.,A/HRC/WG.6/52/DNK/1 para. 6; A/HRC/WG.6/52/DNK/1 para. 7,"National Report (A/HRC/WG.6/52/DNK/1), para. 6 — Denmark: ""The Government of Denmark has not accepted the individual right of appeal to the Committee under the [Enforced Disappearance] convention""
National Report (A/HRC/WG.6/52/DNK/1), para. 7 — Denmark: ""Denmark has acceded to the Optional Protocols establishing access to the individual complaints procedures ... with the exception of ICESCR"""
60.23,Afghanistan,noted,Reservations,Withdraw or review reservations and declarations,C,Not implemented / no relevant action taken,Consider withdrawing the reservation made to article 40 (2) (b) of the Convention on the Rights of the Child,No withdrawal of reservations is reported; Denmark has not accepted the individual complaints procedure under the Enforced Disappearance Convention and remains outside the Optional Protocol to the ICESCR.,A/HRC/WG.6/52/DNK/1 para. 6; A/HRC/WG.6/52/DNK/1 para. 7,"National Report (A/HRC/WG.6/52/DNK/1), para. 6 — Denmark: ""The Government of Denmark has not accepted the individual right of appeal to the Committee under the [Enforced Disappearance] convention""
National Report (A/HRC/WG.6/52/DNK/1), para. 7 — Denmark: ""Denmark has acceded to the Optional Protocols establishing access to the individual complaints procedures ... with the exception of ICESCR"""
60.24,Fiji,noted,Reservations,Withdraw or review reservations and declarations,C,Not implemented / no relevant action taken,Explore the possibility of withdrawing its reservation to article 40 (2) (b) (v) of the Convention on the Rights of the Child,No withdrawal of reservations is reported; Denmark has not accepted the individual complaints procedure under the Enforced Disappearance Convention and remains outside the Optional Protocol to the ICESCR.,A/HRC/WG.6/52/DNK/1 para. 6; A/HRC/WG.6/52/DNK/1 para. 7,"National Report (A/HRC/WG.6/52/DNK/1), para. 6 — Denmark: ""The Government of Denmark has not accepted the individual right of appeal to the Committee under the [Enforced Disappearance] convention""
National Report (A/HRC/WG.6/52/DNK/1), para. 7 — Denmark: ""Denmark has acceded to the Optional Protocols establishing access to the individual complaints procedures ... with the exception of ICESCR"""
60.25,United Kingdom of Great Britain and Northern Ireland,supported,Cooperation & Follow up with Treaty Bodies,Cooperate with treaty bodies and special procedures,A,Largely implemented / action largely satisfactory,"Ensure an open, merit-based process when selecting national candidates for United Nations treaty body elections","Denmark maintains a standing invitation to special procedures, reports regularly to the treaty bodies and submitted its first report under the Enforced Disappearance Convention in May 2025.",A/HRC/WG.6/52/DNK/1 para. 1; A/HRC/WG.6/52/DNK/1 para. 82,"National Report (A/HRC/WG.6/52/DNK/1), para. 1 — Denmark: ""special procedures of the Human Rights Council have a standing invitation""
National Report (A/HRC/WG.6/52/DNK/1), para. 82 — Denmark: ""The first report of the Danish Government regarding measures taken by Denmark to give effect to its obligations under the [Enforced Disappearance] convention was submitted to the Committee on Enforced Disappearances (CED) on 3 May 2025"""
60.26,Greece,noted,National Human Rights Action Plans (or specific areas) / implementation plans,Adopt and implement national action plans,B,"Partially implemented / steps taken, further action needed",Further the development of a comprehensive human rights action plan,"Denmark works through numerous multi-year action plans (against racism 2025, antisemitism 2022 and 2025, intimate-partner violence 2023-2026, trafficking, LGBT+, disability 2025-2028); the DIHR and civil society note several lack measurable goals and indicators and that the intimate-partner-violence plan expires in 2026 without a successor.",A/HRC/WG.6/52/DNK/3 para. 2; A/HRC/WG.6/52/DNK/3 para. 9,"Stakeholders' Summary (A/HRC/WG.6/52/DNK/3), para. 2 — Danish Institute for Human Rights: ""a national action plan against racism was published in February 2025 and recommended that Denmark expand the action plan with specific, measurable goals and indicators""
Stakeholders' Summary (A/HRC/WG.6/52/DNK/3), para. 9 — Danish Institute for Human Rights: ""the national action plan against intimate partner violence and homicide would expire in 2026 ... recommended that Denmark adopt a renewed national action plan to combat violence against women"""
60.27,Iceland,noted,National Human Rights Action Plans (or specific areas) / implementation plans,Adopt and implement national action plans,B,"Partially implemented / steps taken, further action needed",Develop a comprehensive national human rights action plan,"Denmark works through numerous multi-year action plans (against racism 2025, antisemitism 2022 and 2025, intimate-partner violence 2023-2026, trafficking, LGBT+, disability 2025-2028); the DIHR and civil society note several lack measurable goals and indicators and that the intimate-partner-violence plan expires in 2026 without a successor.",A/HRC/WG.6/52/DNK/3 para. 2; A/HRC/WG.6/52/DNK/3 para. 9,"Stakeholders' Summary (A/HRC/WG.6/52/DNK/3), para. 2 — Danish Institute for Human Rights: ""a national action plan against racism was published in February 2025 and recommended that Denmark expand the action plan with specific, measurable goals and indicators""
Stakeholders' Summary (A/HRC/WG.6/52/DNK/3), para. 9 — Danish Institute for Human Rights: ""the national action plan against intimate partner violence and homicide would expire in 2026 ... recommended that Denmark adopt a renewed national action plan to combat violence against women"""
60.28,Burkina Faso,noted,National Human Rights Action Plans (or specific areas) / implementation plans,Adopt and implement national action plans,B,"Partially implemented / steps taken, further action needed",Develop a comprehensive national human rights action plan,"Denmark works through numerous multi-year action plans (against racism 2025, antisemitism 2022 and 2025, intimate-partner violence 2023-2026, trafficking, LGBT+, disability 2025-2028); the DIHR and civil society note several lack measurable goals and indicators and that the intimate-partner-violence plan expires in 2026 without a successor.",A/HRC/WG.6/52/DNK/3 para. 2; A/HRC/WG.6/52/DNK/3 para. 9,"Stakeholders' Summary (A/HRC/WG.6/52/DNK/3), para. 2 — Danish Institute for Human Rights: ""a national action plan against racism was published in February 2025 and recommended that Denmark expand the action plan with specific, measurable goals and indicators""
Stakeholders' Summary (A/HRC/WG.6/52/DNK/3), para. 9 — Danish Institute for Human Rights: ""the national action plan against intimate partner violence and homicide would expire in 2026 ... recommended that Denmark adopt a renewed national action plan to combat violence against women"""
60.29,Greece,noted,Constitutional & legislative framework,"Legislative reforms (torture offence, defamation, expression)",C,Not implemented / no relevant action taken,"Take the necessary steps to incorporate the provisions of the Convention against Torture and Other Cruel, Inhuman or Degrading Treatment or Punishment into domestic law","Torture is still not a distinct criminal offence in Danish, Greenlandic or Faroese law; defamation remains criminalised; and a 2023 provision criminalising 'improper treatment of objects with significant religious significance' has drawn Human Rights Committee and civil-society concern over vagueness and chilling effects on expression.",A/HRC/WG.6/52/DNK/2 para. 12; A/HRC/WG.6/52/DNK/2 para. 24; A/HRC/WG.6/52/DNK/2 para. 23,"UN Compilation (A/HRC/WG.6/52/DNK/2), para. 12 — Committee against Torture: ""torture was not criminalized as a distinct offence in the Danish Penal Code, the Military Criminal Code or the Greenlandic or Faroese criminal law""
UN Compilation (A/HRC/WG.6/52/DNK/2), para. 24 — Human Rights Committee: ""the amendment to section 110 (e) of the Penal Code, which criminalized the 'improper treatment of objects with significant religious significance' ... concerns about the vagueness of the terms and potential chilling effects on legitimate expression""
UN Compilation (A/HRC/WG.6/52/DNK/2), para. 23 — UNESCO: ""defamation was a criminal offence under Danish law and recommended that Denmark decriminalize defamation"""
60.30,Morocco,supported,Constitutional & legislative framework,"Legislative reforms (torture offence, defamation, expression)",C,Not implemented / no relevant action taken,"Continue efforts to harmonize domestic legislation with the provisions of the International Covenant on Economic, Social and Cultural Rights","Torture is still not a distinct criminal offence in Danish, Greenlandic or Faroese law; defamation remains criminalised; and a 2023 provision criminalising 'improper treatment of objects with significant religious significance' has drawn Human Rights Committee and civil-society concern over vagueness and chilling effects on expression.",A/HRC/WG.6/52/DNK/2 para. 12; A/HRC/WG.6/52/DNK/2 para. 24; A/HRC/WG.6/52/DNK/2 para. 23,"UN Compilation (A/HRC/WG.6/52/DNK/2), para. 12 — Committee against Torture: ""torture was not criminalized as a distinct offence in the Danish Penal Code, the Military Criminal Code or the Greenlandic or Faroese criminal law""
UN Compilation (A/HRC/WG.6/52/DNK/2), para. 24 — Human Rights Committee: ""the amendment to section 110 (e) of the Penal Code, which criminalized the 'improper treatment of objects with significant religious significance' ... concerns about the vagueness of the terms and potential chilling effects on legitimate expression""
UN Compilation (A/HRC/WG.6/52/DNK/2), para. 23 — UNESCO: ""defamation was a criminal offence under Danish law and recommended that Denmark decriminalize defamation"""
60.31,Saudi Arabia,supported,Constitutional & legislative framework,"Legislative reforms (torture offence, defamation, expression)",C,Not implemented / no relevant action taken,Integrate international obligations related to human rights into national legislation,"Torture is still not a distinct criminal offence in Danish, Greenlandic or Faroese law; defamation remains criminalised; and a 2023 provision criminalising 'improper treatment of objects with significant religious significance' has drawn Human Rights Committee and civil-society concern over vagueness and chilling effects on expression.",A/HRC/WG.6/52/DNK/2 para. 12; A/HRC/WG.6/52/DNK/2 para. 24; A/HRC/WG.6/52/DNK/2 para. 23,"UN Compilation (A/HRC/WG.6/52/DNK/2), para. 12 — Committee against Torture: ""torture was not criminalized as a distinct offence in the Danish Penal Code, the Military Criminal Code or the Greenlandic or Faroese criminal law""
UN Compilation (A/HRC/WG.6/52/DNK/2), para. 24 — Human Rights Committee: ""the amendment to section 110 (e) of the Penal Code, which criminalized the 'improper treatment of objects with significant religious significance' ... concerns about the vagueness of the terms and potential chilling effects on legitimate expression""
UN Compilation (A/HRC/WG.6/52/DNK/2), para. 23 — UNESCO: ""defamation was a criminal offence under Danish law and recommended that Denmark decriminalize defamation"""
60.32,Slovakia,noted,Constitutional & legislative framework,"Legislative reforms (torture offence, defamation, expression)",C,Not implemented / no relevant action taken,Incorporate all provisions of the Convention on the Rights of the Child and its Optional Protocols into its national legislation,"Torture is still not a distinct criminal offence in Danish, Greenlandic or Faroese law; defamation remains criminalised; and a 2023 provision criminalising 'improper treatment of objects with significant religious significance' has drawn Human Rights Committee and civil-society concern over vagueness and chilling effects on expression.",A/HRC/WG.6/52/DNK/2 para. 12; A/HRC/WG.6/52/DNK/2 para. 24; A/HRC/WG.6/52/DNK/2 para. 23,"UN Compilation (A/HRC/WG.6/52/DNK/2), para. 12 — Committee against Torture: ""torture was not criminalized as a distinct offence in the Danish Penal Code, the Military Criminal Code or the Greenlandic or Faroese criminal law""
UN Compilation (A/HRC/WG.6/52/DNK/2), para. 24 — Human Rights Committee: ""the amendment to section 110 (e) of the Penal Code, which criminalized the 'improper treatment of objects with significant religious significance' ... concerns about the vagueness of the terms and potential chilling effects on legitimate expression""
UN Compilation (A/HRC/WG.6/52/DNK/2), para. 23 — UNESCO: ""defamation was a criminal offence under Danish law and recommended that Denmark decriminalize defamation"""
60.33,Slovenia,noted,Constitutional & legislative framework,"Legislative reforms (torture offence, defamation, expression)",C,Not implemented / no relevant action taken,Incorporate all provisions of the Convention on the Rights of the Child and its Optional Protocols into national legislation,"Torture is still not a distinct criminal offence in Danish, Greenlandic or Faroese law; defamation remains criminalised; and a 2023 provision criminalising 'improper treatment of objects with significant religious significance' has drawn Human Rights Committee and civil-society concern over vagueness and chilling effects on expression.",A/HRC/WG.6/52/DNK/2 para. 12; A/HRC/WG.6/52/DNK/2 para. 24; A/HRC/WG.6/52/DNK/2 para. 23,"UN Compilation (A/HRC/WG.6/52/DNK/2), para. 12 — Committee against Torture: ""torture was not criminalized as a distinct offence in the Danish Penal Code, the Military Criminal Code or the Greenlandic or Faroese criminal law""
UN Compilation (A/HRC/WG.6/52/DNK/2), para. 24 — Human Rights Committee: ""the amendment to section 110 (e) of the Penal Code, which criminalized the 'improper treatment of objects with significant religious significance' ... concerns about the vagueness of the terms and potential chilling effects on legitimate expression""
UN Compilation (A/HRC/WG.6/52/DNK/2), para. 23 — UNESCO: ""defamation was a criminal offence under Danish law and recommended that Denmark decriminalize defamation"""
60.34,South Africa,noted,Constitutional & legislative framework,"Legislative reforms (torture offence, defamation, expression)",C,Not implemented / no relevant action taken,Incorporate the United Nations human rights conventions into the national legislation and give full effect to the rights enshrined in the conventions,"Torture is still not a distinct criminal offence in Danish, Greenlandic or Faroese law; defamation remains criminalised; and a 2023 provision criminalising 'improper treatment of objects with significant religious significance' has drawn Human Rights Committee and civil-society concern over vagueness and chilling effects on expression.",A/HRC/WG.6/52/DNK/2 para. 12; A/HRC/WG.6/52/DNK/2 para. 24; A/HRC/WG.6/52/DNK/2 para. 23,"UN Compilation (A/HRC/WG.6/52/DNK/2), para. 12 — Committee against Torture: ""torture was not criminalized as a distinct offence in the Danish Penal Code, the Military Criminal Code or the Greenlandic or Faroese criminal law""
UN Compilation (A/HRC/WG.6/52/DNK/2), para. 24 — Human Rights Committee: ""the amendment to section 110 (e) of the Penal Code, which criminalized the 'improper treatment of objects with significant religious significance' ... concerns about the vagueness of the terms and potential chilling effects on legitimate expression""
UN Compilation (A/HRC/WG.6/52/DNK/2), para. 23 — UNESCO: ""defamation was a criminal offence under Danish law and recommended that Denmark decriminalize defamation"""
60.35,Uzbekistan,supported,Constitutional & legislative framework,"Legislative reforms (torture offence, defamation, expression)",C,Not implemented / no relevant action taken,"Integrate the Convention against Torture and Other Cruel, Inhuman or Degrading Treatment or Punishment into its national legislation","Torture is still not a distinct criminal offence in Danish, Greenlandic or Faroese law; defamation remains criminalised; and a 2023 provision criminalising 'improper treatment of objects with significant religious significance' has drawn Human Rights Committee and civil-society concern over vagueness and chilling effects on expression.",A/HRC/WG.6/52/DNK/2 para. 12; A/HRC/WG.6/52/DNK/2 para. 24; A/HRC/WG.6/52/DNK/2 para. 23,"UN Compilation (A/HRC/WG.6/52/DNK/2), para. 12 — Committee against Torture: ""torture was not criminalized as a distinct offence in the Danish Penal Code, the Military Criminal Code or the Greenlandic or Faroese criminal law""
UN Compilation (A/HRC/WG.6/52/DNK/2), para. 24 — Human Rights Committee: ""the amendment to section 110 (e) of the Penal Code, which criminalized the 'improper treatment of objects with significant religious significance' ... concerns about the vagueness of the terms and potential chilling effects on legitimate expression""
UN Compilation (A/HRC/WG.6/52/DNK/2), para. 23 — UNESCO: ""defamation was a criminal offence under Danish law and recommended that Denmark decriminalize defamation"""
60.36,Zambia,noted,Constitutional & legislative framework,"Legislative reforms (torture offence, defamation, expression)",C,Not implemented / no relevant action taken,Incorporate all provisions of the Convention on the Rights of the Child and its Optional Protocols into the national legislation,"Torture is still not a distinct criminal offence in Danish, Greenlandic or Faroese law; defamation remains criminalised; and a 2023 provision criminalising 'improper treatment of objects with significant religious significance' has drawn Human Rights Committee and civil-society concern over vagueness and chilling effects on expression.",A/HRC/WG.6/52/DNK/2 para. 12; A/HRC/WG.6/52/DNK/2 para. 24; A/HRC/WG.6/52/DNK/2 para. 23,"UN Compilation (A/HRC/WG.6/52/DNK/2), para. 12 — Committee against Torture: ""torture was not criminalized as a distinct offence in the Danish Penal Code, the Military Criminal Code or the Greenlandic or Faroese criminal law""
UN Compilation (A/HRC/WG.6/52/DNK/2), para. 24 — Human Rights Committee: ""the amendment to section 110 (e) of the Penal Code, which criminalized the 'improper treatment of objects with significant religious significance' ... concerns about the vagueness of the terms and potential chilling effects on legitimate expression""
UN Compilation (A/HRC/WG.6/52/DNK/2), para. 23 — UNESCO: ""defamation was a criminal offence under Danish law and recommended that Denmark decriminalize defamation"""
60.37,Islamic Republic of Iran,noted,Unilateral coercive measures,Unilateral coercive measures,D,No information available on implementation,"Refrain from contributing to gross violations of the human rights of the population targeted by the unilateral coercive measures, through compliance with such measures",The 4th-cycle documentation contains no information relevant to this recommendation.,,
60.38,Republic of Korea,supported,Equality & non-discrimination,Anti-discrimination framework; national action plan against racism,B,"Partially implemented / steps taken, further action needed","Step up efforts to protect the rights of marginalized and minority groups, including immigrants and persons with disabilities, and to ensure their equal access to employment, education, health services and justice","Denmark has a broad anti-discrimination legal framework and in February 2025 adopted a National Action Plan against Racism with 36 initiatives, alongside successive action plans against antisemitism; CERD and stakeholders nonetheless report persistent gaps - no legislative prohibition of racial or ethnic profiling, weak hate-crime data, and a 2025 plan criticised for limited scope and for lacking a definition of racism.",A/HRC/WG.6/52/DNK/1 para. 112; A/HRC/WG.6/52/DNK/3 para. 21; A/HRC/WG.6/52/DNK/2 para. 9,"National Report (A/HRC/WG.6/52/DNK/1), para. 112 — Denmark: ""In February 2025, the Danish Government presented a national action plan against racism with 36 initiatives and the ambition to fight racism in a variety of areas in society""
Stakeholders' Summary (A/HRC/WG.6/52/DNK/3), para. 21 — Joint submission 1; Joint submission 2: ""welcomed the adoption of a national action plan against racism in February 2025. However, they were concerned that the plan had limitations in scope and lacked a clear definition of racism""
UN Compilation (A/HRC/WG.6/52/DNK/2), para. 9 — Committee on the Elimination of Racial Discrimination: ""expressed concern about the lack of a clear prohibition of racial profiling and of operational guidelines to combat racial profiling"""
60.39,Mexico,noted,Equality & non-discrimination,Anti-discrimination framework; national action plan against racism,B,"Partially implemented / steps taken, further action needed","Adopt a comprehensive legislative framework to prohibit all types of discrimination and repeal provisions that encourage stigmatization or segregation, including the criminalization of begging","Denmark has a broad anti-discrimination legal framework and in February 2025 adopted a National Action Plan against Racism with 36 initiatives, alongside successive action plans against antisemitism; CERD and stakeholders nonetheless report persistent gaps - no legislative prohibition of racial or ethnic profiling, weak hate-crime data, and a 2025 plan criticised for limited scope and for lacking a definition of racism.",A/HRC/WG.6/52/DNK/1 para. 112; A/HRC/WG.6/52/DNK/3 para. 21; A/HRC/WG.6/52/DNK/2 para. 9,"National Report (A/HRC/WG.6/52/DNK/1), para. 112 — Denmark: ""In February 2025, the Danish Government presented a national action plan against racism with 36 initiatives and the ambition to fight racism in a variety of areas in society""
Stakeholders' Summary (A/HRC/WG.6/52/DNK/3), para. 21 — Joint submission 1; Joint submission 2: ""welcomed the adoption of a national action plan against racism in February 2025. However, they were concerned that the plan had limitations in scope and lacked a clear definition of racism""
UN Compilation (A/HRC/WG.6/52/DNK/2), para. 9 — Committee on the Elimination of Racial Discrimination: ""expressed concern about the lack of a clear prohibition of racial profiling and of operational guidelines to combat racial profiling"""
60.40,Nicaragua,supported,Equality & non-discrimination,Anti-discrimination framework; national action plan against racism,B,"Partially implemented / steps taken, further action needed",Seek a legislative framework that guarantees protection against discrimination of any kind,"Denmark has a broad anti-discrimination legal framework and in February 2025 adopted a National Action Plan against Racism with 36 initiatives, alongside successive action plans against antisemitism; CERD and stakeholders nonetheless report persistent gaps - no legislative prohibition of racial or ethnic profiling, weak hate-crime data, and a 2025 plan criticised for limited scope and for lacking a definition of racism.",A/HRC/WG.6/52/DNK/1 para. 112; A/HRC/WG.6/52/DNK/3 para. 21; A/HRC/WG.6/52/DNK/2 para. 9,"National Report (A/HRC/WG.6/52/DNK/1), para. 112 — Denmark: ""In February 2025, the Danish Government presented a national action plan against racism with 36 initiatives and the ambition to fight racism in a variety of areas in society""
Stakeholders' Summary (A/HRC/WG.6/52/DNK/3), para. 21 — Joint submission 1; Joint submission 2: ""welcomed the adoption of a national action plan against racism in February 2025. However, they were concerned that the plan had limitations in scope and lacked a clear definition of racism""
UN Compilation (A/HRC/WG.6/52/DNK/2), para. 9 — Committee on the Elimination of Racial Discrimination: ""expressed concern about the lack of a clear prohibition of racial profiling and of operational guidelines to combat racial profiling"""
60.41,Turkey,supported,Equality & non-discrimination,Anti-discrimination framework; national action plan against racism,B,"Partially implemented / steps taken, further action needed",Enact comprehensive anti-discrimination legislation complying with its international obligations that will promote tolerance as well as better integration of minorities and immigrants to Danish society,"Denmark has a broad anti-discrimination legal framework and in February 2025 adopted a National Action Plan against Racism with 36 initiatives, alongside successive action plans against antisemitism; CERD and stakeholders nonetheless report persistent gaps - no legislative prohibition of racial or ethnic profiling, weak hate-crime data, and a 2025 plan criticised for limited scope and for lacking a definition of racism.",A/HRC/WG.6/52/DNK/1 para. 112; A/HRC/WG.6/52/DNK/3 para. 21; A/HRC/WG.6/52/DNK/2 para. 9,"National Report (A/HRC/WG.6/52/DNK/1), para. 112 — Denmark: ""In February 2025, the Danish Government presented a national action plan against racism with 36 initiatives and the ambition to fight racism in a variety of areas in society""
Stakeholders' Summary (A/HRC/WG.6/52/DNK/3), para. 21 — Joint submission 1; Joint submission 2: ""welcomed the adoption of a national action plan against racism in February 2025. However, they were concerned that the plan had limitations in scope and lacked a clear definition of racism""
UN Compilation (A/HRC/WG.6/52/DNK/2), para. 9 — Committee on the Elimination of Racial Discrimination: ""expressed concern about the lack of a clear prohibition of racial profiling and of operational guidelines to combat racial profiling"""
60.42,Chile,supported,Equality & non-discrimination,Anti-discrimination framework; national action plan against racism,B,"Partially implemented / steps taken, further action needed",Make progress towards the development and implementation of a comprehensive law against discrimination,"Denmark has a broad anti-discrimination legal framework and in February 2025 adopted a National Action Plan against Racism with 36 initiatives, alongside successive action plans against antisemitism; CERD and stakeholders nonetheless report persistent gaps - no legislative prohibition of racial or ethnic profiling, weak hate-crime data, and a 2025 plan criticised for limited scope and for lacking a definition of racism.",A/HRC/WG.6/52/DNK/1 para. 112; A/HRC/WG.6/52/DNK/3 para. 21; A/HRC/WG.6/52/DNK/2 para. 9,"National Report (A/HRC/WG.6/52/DNK/1), para. 112 — Denmark: ""In February 2025, the Danish Government presented a national action plan against racism with 36 initiatives and the ambition to fight racism in a variety of areas in society""
Stakeholders' Summary (A/HRC/WG.6/52/DNK/3), para. 21 — Joint submission 1; Joint submission 2: ""welcomed the adoption of a national action plan against racism in February 2025. However, they were concerned that the plan had limitations in scope and lacked a clear definition of racism""
UN Compilation (A/HRC/WG.6/52/DNK/2), para. 9 — Committee on the Elimination of Racial Discrimination: ""expressed concern about the lack of a clear prohibition of racial profiling and of operational guidelines to combat racial profiling"""
60.43,Libya,supported,Equality & non-discrimination,Anti-discrimination framework; national action plan against racism,B,"Partially implemented / steps taken, further action needed","Take all measures to prevent all forms of discrimination, namely on grounds of ethnicity, colour, religion and nationality","Denmark has a broad anti-discrimination legal framework and in February 2025 adopted a National Action Plan against Racism with 36 initiatives, alongside successive action plans against antisemitism; CERD and stakeholders nonetheless report persistent gaps - no legislative prohibition of racial or ethnic profiling, weak hate-crime data, and a 2025 plan criticised for limited scope and for lacking a definition of racism.",A/HRC/WG.6/52/DNK/1 para. 112; A/HRC/WG.6/52/DNK/3 para. 21; A/HRC/WG.6/52/DNK/2 para. 9,"National Report (A/HRC/WG.6/52/DNK/1), para. 112 — Denmark: ""In February 2025, the Danish Government presented a national action plan against racism with 36 initiatives and the ambition to fight racism in a variety of areas in society""
Stakeholders' Summary (A/HRC/WG.6/52/DNK/3), para. 21 — Joint submission 1; Joint submission 2: ""welcomed the adoption of a national action plan against racism in February 2025. However, they were concerned that the plan had limitations in scope and lacked a clear definition of racism""
UN Compilation (A/HRC/WG.6/52/DNK/2), para. 9 — Committee on the Elimination of Racial Discrimination: ""expressed concern about the lack of a clear prohibition of racial profiling and of operational guidelines to combat racial profiling"""
60.44,State of Palestine,supported,Equality & non-discrimination,Anti-discrimination framework; national action plan against racism,B,"Partially implemented / steps taken, further action needed","Continue its efforts to address the gaps in the anti-discrimination legal framework, including by adopting comprehensive anti-discrimination legislation, and to repeal provisions that have direct and indirect discriminatory effects on refugees and migrants","Denmark has a broad anti-discrimination legal framework and in February 2025 adopted a National Action Plan against Racism with 36 initiatives, alongside successive action plans against antisemitism; CERD and stakeholders nonetheless report persistent gaps - no legislative prohibition of racial or ethnic profiling, weak hate-crime data, and a 2025 plan criticised for limited scope and for lacking a definition of racism.",A/HRC/WG.6/52/DNK/1 para. 112; A/HRC/WG.6/52/DNK/3 para. 21; A/HRC/WG.6/52/DNK/2 para. 9,"National Report (A/HRC/WG.6/52/DNK/1), para. 112 — Denmark: ""In February 2025, the Danish Government presented a national action plan against racism with 36 initiatives and the ambition to fight racism in a variety of areas in society""
Stakeholders' Summary (A/HRC/WG.6/52/DNK/3), para. 21 — Joint submission 1; Joint submission 2: ""welcomed the adoption of a national action plan against racism in February 2025. However, they were concerned that the plan had limitations in scope and lacked a clear definition of racism""
UN Compilation (A/HRC/WG.6/52/DNK/2), para. 9 — Committee on the Elimination of Racial Discrimination: ""expressed concern about the lack of a clear prohibition of racial profiling and of operational guidelines to combat racial profiling"""
60.45,Tunisia,supported,Equality & non-discrimination,Anti-discrimination framework; national action plan against racism,B,"Partially implemented / steps taken, further action needed","Continue efforts to develop measures to prevent discrimination, intolerance and racism, and combat hate speech and crimes","Denmark has a broad anti-discrimination legal framework and in February 2025 adopted a National Action Plan against Racism with 36 initiatives, alongside successive action plans against antisemitism; CERD and stakeholders nonetheless report persistent gaps - no legislative prohibition of racial or ethnic profiling, weak hate-crime data, and a 2025 plan criticised for limited scope and for lacking a definition of racism.",A/HRC/WG.6/52/DNK/1 para. 112; A/HRC/WG.6/52/DNK/3 para. 21; A/HRC/WG.6/52/DNK/2 para. 9,"National Report (A/HRC/WG.6/52/DNK/1), para. 112 — Denmark: ""In February 2025, the Danish Government presented a national action plan against racism with 36 initiatives and the ambition to fight racism in a variety of areas in society""
Stakeholders' Summary (A/HRC/WG.6/52/DNK/3), para. 21 — Joint submission 1; Joint submission 2: ""welcomed the adoption of a national action plan against racism in February 2025. However, they were concerned that the plan had limitations in scope and lacked a clear definition of racism""
UN Compilation (A/HRC/WG.6/52/DNK/2), para. 9 — Committee on the Elimination of Racial Discrimination: ""expressed concern about the lack of a clear prohibition of racial profiling and of operational guidelines to combat racial profiling"""
60.46,United Kingdom of Great Britain and Northern Ireland,noted,Equality & non-discrimination,Anti-discrimination framework; national action plan against racism,B,"Partially implemented / steps taken, further action needed",Include all relevant ethnic and religious minorities in its forthcoming action plan on combating racism and hate crimes,"Denmark has a broad anti-discrimination legal framework and in February 2025 adopted a National Action Plan against Racism with 36 initiatives, alongside successive action plans against antisemitism; CERD and stakeholders nonetheless report persistent gaps - no legislative prohibition of racial or ethnic profiling, weak hate-crime data, and a 2025 plan criticised for limited scope and for lacking a definition of racism.",A/HRC/WG.6/52/DNK/1 para. 112; A/HRC/WG.6/52/DNK/3 para. 21; A/HRC/WG.6/52/DNK/2 para. 9,"National Report (A/HRC/WG.6/52/DNK/1), para. 112 — Denmark: ""In February 2025, the Danish Government presented a national action plan against racism with 36 initiatives and the ambition to fight racism in a variety of areas in society""
Stakeholders' Summary (A/HRC/WG.6/52/DNK/3), para. 21 — Joint submission 1; Joint submission 2: ""welcomed the adoption of a national action plan against racism in February 2025. However, they were concerned that the plan had limitations in scope and lacked a clear definition of racism""
UN Compilation (A/HRC/WG.6/52/DNK/2), para. 9 — Committee on the Elimination of Racial Discrimination: ""expressed concern about the lack of a clear prohibition of racial profiling and of operational guidelines to combat racial profiling"""
60.47,Malaysia,supported,Equality & non-discrimination,Anti-discrimination framework; national action plan against racism,B,"Partially implemented / steps taken, further action needed","Enhance laws and legislation to curb all forms of discrimination, racism and hatred","Denmark has a broad anti-discrimination legal framework and in February 2025 adopted a National Action Plan against Racism with 36 initiatives, alongside successive action plans against antisemitism; CERD and stakeholders nonetheless report persistent gaps - no legislative prohibition of racial or ethnic profiling, weak hate-crime data, and a 2025 plan criticised for limited scope and for lacking a definition of racism.",A/HRC/WG.6/52/DNK/1 para. 112; A/HRC/WG.6/52/DNK/3 para. 21; A/HRC/WG.6/52/DNK/2 para. 9,"National Report (A/HRC/WG.6/52/DNK/1), para. 112 — Denmark: ""In February 2025, the Danish Government presented a national action plan against racism with 36 initiatives and the ambition to fight racism in a variety of areas in society""
Stakeholders' Summary (A/HRC/WG.6/52/DNK/3), para. 21 — Joint submission 1; Joint submission 2: ""welcomed the adoption of a national action plan against racism in February 2025. However, they were concerned that the plan had limitations in scope and lacked a clear definition of racism""
UN Compilation (A/HRC/WG.6/52/DNK/2), para. 9 — Committee on the Elimination of Racial Discrimination: ""expressed concern about the lack of a clear prohibition of racial profiling and of operational guidelines to combat racial profiling"""
60.48,Malaysia,supported,Equality & non-discrimination,Anti-discrimination framework; national action plan against racism,B,"Partially implemented / steps taken, further action needed",Reduce inequalities and take concrete actions to promote interracial and interreligious relations,"Denmark has a broad anti-discrimination legal framework and in February 2025 adopted a National Action Plan against Racism with 36 initiatives, alongside successive action plans against antisemitism; CERD and stakeholders nonetheless report persistent gaps - no legislative prohibition of racial or ethnic profiling, weak hate-crime data, and a 2025 plan criticised for limited scope and for lacking a definition of racism.",A/HRC/WG.6/52/DNK/1 para. 112; A/HRC/WG.6/52/DNK/3 para. 21; A/HRC/WG.6/52/DNK/2 para. 9,"National Report (A/HRC/WG.6/52/DNK/1), para. 112 — Denmark: ""In February 2025, the Danish Government presented a national action plan against racism with 36 initiatives and the ambition to fight racism in a variety of areas in society""
Stakeholders' Summary (A/HRC/WG.6/52/DNK/3), para. 21 — Joint submission 1; Joint submission 2: ""welcomed the adoption of a national action plan against racism in February 2025. However, they were concerned that the plan had limitations in scope and lacked a clear definition of racism""
UN Compilation (A/HRC/WG.6/52/DNK/2), para. 9 — Committee on the Elimination of Racial Discrimination: ""expressed concern about the lack of a clear prohibition of racial profiling and of operational guidelines to combat racial profiling"""
60.49,Bangladesh,supported,Equality & non-discrimination,Anti-discrimination framework; national action plan against racism,B,"Partially implemented / steps taken, further action needed","Take measures to prohibit all forms of discrimination, racism, xenophobia and intolerance on the grounds of religion or belief, ethnicity and immigration status","Denmark has a broad anti-discrimination legal framework and in February 2025 adopted a National Action Plan against Racism with 36 initiatives, alongside successive action plans against antisemitism; CERD and stakeholders nonetheless report persistent gaps - no legislative prohibition of racial or ethnic profiling, weak hate-crime data, and a 2025 plan criticised for limited scope and for lacking a definition of racism.",A/HRC/WG.6/52/DNK/1 para. 112; A/HRC/WG.6/52/DNK/3 para. 21; A/HRC/WG.6/52/DNK/2 para. 9,"National Report (A/HRC/WG.6/52/DNK/1), para. 112 — Denmark: ""In February 2025, the Danish Government presented a national action plan against racism with 36 initiatives and the ambition to fight racism in a variety of areas in society""
Stakeholders' Summary (A/HRC/WG.6/52/DNK/3), para. 21 — Joint submission 1; Joint submission 2: ""welcomed the adoption of a national action plan against racism in February 2025. However, they were concerned that the plan had limitations in scope and lacked a clear definition of racism""
UN Compilation (A/HRC/WG.6/52/DNK/2), para. 9 — Committee on the Elimination of Racial Discrimination: ""expressed concern about the lack of a clear prohibition of racial profiling and of operational guidelines to combat racial profiling"""
60.50,Costa Rica,supported,Equality & non-discrimination,Anti-discrimination framework; national action plan against racism,B,"Partially implemented / steps taken, further action needed","Ensure that measures to combat discrimination based on gender, ethnic origin or disability are fully promoted and respected","Denmark has a broad anti-discrimination legal framework and in February 2025 adopted a National Action Plan against Racism with 36 initiatives, alongside successive action plans against antisemitism; CERD and stakeholders nonetheless report persistent gaps - no legislative prohibition of racial or ethnic profiling, weak hate-crime data, and a 2025 plan criticised for limited scope and for lacking a definition of racism.",A/HRC/WG.6/52/DNK/1 para. 112; A/HRC/WG.6/52/DNK/3 para. 21; A/HRC/WG.6/52/DNK/2 para. 9,"National Report (A/HRC/WG.6/52/DNK/1), para. 112 — Denmark: ""In February 2025, the Danish Government presented a national action plan against racism with 36 initiatives and the ambition to fight racism in a variety of areas in society""
Stakeholders' Summary (A/HRC/WG.6/52/DNK/3), para. 21 — Joint submission 1; Joint submission 2: ""welcomed the adoption of a national action plan against racism in February 2025. However, they were concerned that the plan had limitations in scope and lacked a clear definition of racism""
UN Compilation (A/HRC/WG.6/52/DNK/2), para. 9 — Committee on the Elimination of Racial Discrimination: ""expressed concern about the lack of a clear prohibition of racial profiling and of operational guidelines to combat racial profiling"""
60.51,Democratic People’s Republic of Korea,noted,Equality & non-discrimination,Protect LGBTI persons from discrimination,B,"Partially implemented / steps taken, further action needed","Adopt a comprehensive strategy to eliminate all kinds of discrimination on the basis of racism, religion, gender identity, age and disability, and ensure non-discriminatory treatment of all minority communities within its territory","Denmark strengthened protection of LGBT+ people in December 2021 by adding gender identity, gender expression and sex characteristics to the hate-crime, hate-speech and discrimination laws, funds LGBT+ action plans and introduced 'co-fatherhood' in 2025; legal gender recognition for minors regardless of age was rejected by Parliament in January 2025.",A/HRC/WG.6/52/DNK/1 para. 29; A/HRC/WG.6/52/DNK/3 para. 50,"National Report (A/HRC/WG.6/52/DNK/1), para. 29 — Denmark: ""In December 2021, Denmark strengthened the protection of LGBT+ people by explicitly referring to gender identity, gender expression and sex characteristics as grounds of protection in the Danish laws covering hate crimes, hate speech and discrimination""
Stakeholders' Summary (A/HRC/WG.6/52/DNK/3), para. 50 — Joint submission 2: ""legal gender recognition regardless of age had not been adopted, following the rejection of a parliamentary proposal in January 2025"""
60.52,Ecuador,supported,Equality & non-discrimination,Protect LGBTI persons from discrimination,B,"Partially implemented / steps taken, further action needed","Carry out the necessary actions to fully include in the national legal framework the express prohibition of all forms of discrimination enshrined in international human rights instruments, especially on grounds such as sexual orientation, gender identity, religion, age and disability","Denmark strengthened protection of LGBT+ people in December 2021 by adding gender identity, gender expression and sex characteristics to the hate-crime, hate-speech and discrimination laws, funds LGBT+ action plans and introduced 'co-fatherhood' in 2025; legal gender recognition for minors regardless of age was rejected by Parliament in January 2025.",A/HRC/WG.6/52/DNK/1 para. 29; A/HRC/WG.6/52/DNK/3 para. 50,"National Report (A/HRC/WG.6/52/DNK/1), para. 29 — Denmark: ""In December 2021, Denmark strengthened the protection of LGBT+ people by explicitly referring to gender identity, gender expression and sex characteristics as grounds of protection in the Danish laws covering hate crimes, hate speech and discrimination""
Stakeholders' Summary (A/HRC/WG.6/52/DNK/3), para. 50 — Joint submission 2: ""legal gender recognition regardless of age had not been adopted, following the rejection of a parliamentary proposal in January 2025"""
60.53,France,noted,Equality & non-discrimination,Anti-discrimination framework; national action plan against racism,B,"Partially implemented / steps taken, further action needed","Repeal provisions that have a discriminatory effect in public policies, particularly in education and access to social housing","Denmark has a broad anti-discrimination legal framework and in February 2025 adopted a National Action Plan against Racism with 36 initiatives, alongside successive action plans against antisemitism; CERD and stakeholders nonetheless report persistent gaps - no legislative prohibition of racial or ethnic profiling, weak hate-crime data, and a 2025 plan criticised for limited scope and for lacking a definition of racism.",A/HRC/WG.6/52/DNK/1 para. 112; A/HRC/WG.6/52/DNK/3 para. 21; A/HRC/WG.6/52/DNK/2 para. 9,"National Report (A/HRC/WG.6/52/DNK/1), para. 112 — Denmark: ""In February 2025, the Danish Government presented a national action plan against racism with 36 initiatives and the ambition to fight racism in a variety of areas in society""
Stakeholders' Summary (A/HRC/WG.6/52/DNK/3), para. 21 — Joint submission 1; Joint submission 2: ""welcomed the adoption of a national action plan against racism in February 2025. However, they were concerned that the plan had limitations in scope and lacked a clear definition of racism""
UN Compilation (A/HRC/WG.6/52/DNK/2), para. 9 — Committee on the Elimination of Racial Discrimination: ""expressed concern about the lack of a clear prohibition of racial profiling and of operational guidelines to combat racial profiling"""
60.54,Georgia,supported,Racial discrimination,Combat racial discrimination,B,"Partially implemented / steps taken, further action needed","Further provide information on other measures, and on developing of an action plan on racism in the next periodic report","CERD finds persistent gaps: no legislative prohibition of racial profiling, weak hate-crime data, and the discriminatory 'non-Western'/'Parallel Society' framework retained under renamed terminology.",A/HRC/WG.6/52/DNK/2 para. 8,"UN Compilation (A/HRC/WG.6/52/DNK/2), para. 8 — Committee on the Elimination of Racial Discrimination: ""the underreporting of racist hate crimes and hate speech, the lack of comprehensive data collection in that regard and gaps between the number of hate crimes registered by police, the number of prosecutions and the number of convictions"""
60.55,Ghana,supported,Equality & non-discrimination,Anti-discrimination framework; national action plan against racism,B,"Partially implemented / steps taken, further action needed","Intensify efforts to combat discrimination, xenophobia as well as racism and bring perpetrators to justice","Denmark has a broad anti-discrimination legal framework and in February 2025 adopted a National Action Plan against Racism with 36 initiatives, alongside successive action plans against antisemitism; CERD and stakeholders nonetheless report persistent gaps - no legislative prohibition of racial or ethnic profiling, weak hate-crime data, and a 2025 plan criticised for limited scope and for lacking a definition of racism.",A/HRC/WG.6/52/DNK/1 para. 112; A/HRC/WG.6/52/DNK/3 para. 21; A/HRC/WG.6/52/DNK/2 para. 9,"National Report (A/HRC/WG.6/52/DNK/1), para. 112 — Denmark: ""In February 2025, the Danish Government presented a national action plan against racism with 36 initiatives and the ambition to fight racism in a variety of areas in society""
Stakeholders' Summary (A/HRC/WG.6/52/DNK/3), para. 21 — Joint submission 1; Joint submission 2: ""welcomed the adoption of a national action plan against racism in February 2025. However, they were concerned that the plan had limitations in scope and lacked a clear definition of racism""
UN Compilation (A/HRC/WG.6/52/DNK/2), para. 9 — Committee on the Elimination of Racial Discrimination: ""expressed concern about the lack of a clear prohibition of racial profiling and of operational guidelines to combat racial profiling"""
60.56,Greece,supported,Equality & non-discrimination,Anti-discrimination framework; national action plan against racism,B,"Partially implemented / steps taken, further action needed",Adopt comprehensive anti-discrimination legislation,"Denmark has a broad anti-discrimination legal framework and in February 2025 adopted a National Action Plan against Racism with 36 initiatives, alongside successive action plans against antisemitism; CERD and stakeholders nonetheless report persistent gaps - no legislative prohibition of racial or ethnic profiling, weak hate-crime data, and a 2025 plan criticised for limited scope and for lacking a definition of racism.",A/HRC/WG.6/52/DNK/1 para. 112; A/HRC/WG.6/52/DNK/3 para. 21; A/HRC/WG.6/52/DNK/2 para. 9,"National Report (A/HRC/WG.6/52/DNK/1), para. 112 — Denmark: ""In February 2025, the Danish Government presented a national action plan against racism with 36 initiatives and the ambition to fight racism in a variety of areas in society""
Stakeholders' Summary (A/HRC/WG.6/52/DNK/3), para. 21 — Joint submission 1; Joint submission 2: ""welcomed the adoption of a national action plan against racism in February 2025. However, they were concerned that the plan had limitations in scope and lacked a clear definition of racism""
UN Compilation (A/HRC/WG.6/52/DNK/2), para. 9 — Committee on the Elimination of Racial Discrimination: ""expressed concern about the lack of a clear prohibition of racial profiling and of operational guidelines to combat racial profiling"""
60.57,Indonesia,noted,National Human Rights Action Plans (or specific areas) / implementation plans,Adopt and implement national action plans,B,"Partially implemented / steps taken, further action needed","Develop a comprehensive national human rights plan which incorporates actions to prevent xenophobia, racism and hate crimes, and further encourage social integration","Denmark works through numerous multi-year action plans (against racism 2025, antisemitism 2022 and 2025, intimate-partner violence 2023-2026, trafficking, LGBT+, disability 2025-2028); the DIHR and civil society note several lack measurable goals and indicators and that the intimate-partner-violence plan expires in 2026 without a successor.",A/HRC/WG.6/52/DNK/3 para. 2; A/HRC/WG.6/52/DNK/3 para. 9,"Stakeholders' Summary (A/HRC/WG.6/52/DNK/3), para. 2 — Danish Institute for Human Rights: ""a national action plan against racism was published in February 2025 and recommended that Denmark expand the action plan with specific, measurable goals and indicators""
Stakeholders' Summary (A/HRC/WG.6/52/DNK/3), para. 9 — Danish Institute for Human Rights: ""the national action plan against intimate partner violence and homicide would expire in 2026 ... recommended that Denmark adopt a renewed national action plan to combat violence against women"""
60.58,Jordan,noted,National Human Rights Action Plans (or specific areas) / implementation plans,Adopt and implement national action plans,B,"Partially implemented / steps taken, further action needed","Adopt a national action plan against racism to combat the persistence of discriminatory acts against the rights of persons belonging to ethnic, religious and linguistic minorities","Denmark works through numerous multi-year action plans (against racism 2025, antisemitism 2022 and 2025, intimate-partner violence 2023-2026, trafficking, LGBT+, disability 2025-2028); the DIHR and civil society note several lack measurable goals and indicators and that the intimate-partner-violence plan expires in 2026 without a successor.",A/HRC/WG.6/52/DNK/3 para. 2; A/HRC/WG.6/52/DNK/3 para. 9,"Stakeholders' Summary (A/HRC/WG.6/52/DNK/3), para. 2 — Danish Institute for Human Rights: ""a national action plan against racism was published in February 2025 and recommended that Denmark expand the action plan with specific, measurable goals and indicators""
Stakeholders' Summary (A/HRC/WG.6/52/DNK/3), para. 9 — Danish Institute for Human Rights: ""the national action plan against intimate partner violence and homicide would expire in 2026 ... recommended that Denmark adopt a renewed national action plan to combat violence against women"""
60.59,Namibia,noted,National Human Rights Action Plans (or specific areas) / implementation plans,Adopt and implement national action plans,B,"Partially implemented / steps taken, further action needed",Adopt a national action plan against racism,"Denmark works through numerous multi-year action plans (against racism 2025, antisemitism 2022 and 2025, intimate-partner violence 2023-2026, trafficking, LGBT+, disability 2025-2028); the DIHR and civil society note several lack measurable goals and indicators and that the intimate-partner-violence plan expires in 2026 without a successor.",A/HRC/WG.6/52/DNK/3 para. 2; A/HRC/WG.6/52/DNK/3 para. 9,"Stakeholders' Summary (A/HRC/WG.6/52/DNK/3), para. 2 — Danish Institute for Human Rights: ""a national action plan against racism was published in February 2025 and recommended that Denmark expand the action plan with specific, measurable goals and indicators""
Stakeholders' Summary (A/HRC/WG.6/52/DNK/3), para. 9 — Danish Institute for Human Rights: ""the national action plan against intimate partner violence and homicide would expire in 2026 ... recommended that Denmark adopt a renewed national action plan to combat violence against women"""
60.60,Pakistan,noted,National Human Rights Action Plans (or specific areas) / implementation plans,Adopt and implement national action plans,B,"Partially implemented / steps taken, further action needed",Develop and implement a national action plan to combat discrimination on any ground,"Denmark works through numerous multi-year action plans (against racism 2025, antisemitism 2022 and 2025, intimate-partner violence 2023-2026, trafficking, LGBT+, disability 2025-2028); the DIHR and civil society note several lack measurable goals and indicators and that the intimate-partner-violence plan expires in 2026 without a successor.",A/HRC/WG.6/52/DNK/3 para. 2; A/HRC/WG.6/52/DNK/3 para. 9,"Stakeholders' Summary (A/HRC/WG.6/52/DNK/3), para. 2 — Danish Institute for Human Rights: ""a national action plan against racism was published in February 2025 and recommended that Denmark expand the action plan with specific, measurable goals and indicators""
Stakeholders' Summary (A/HRC/WG.6/52/DNK/3), para. 9 — Danish Institute for Human Rights: ""the national action plan against intimate partner violence and homicide would expire in 2026 ... recommended that Denmark adopt a renewed national action plan to combat violence against women"""
60.61,Qatar,noted,National Human Rights Action Plans (or specific areas) / implementation plans,Adopt and implement national action plans,B,"Partially implemented / steps taken, further action needed","Adopt a comprehensive national action plan to combat racism and ethnic and religious hate crimes, and ensure that they are effectively investigated and that perpetrators are brought to justice","Denmark works through numerous multi-year action plans (against racism 2025, antisemitism 2022 and 2025, intimate-partner violence 2023-2026, trafficking, LGBT+, disability 2025-2028); the DIHR and civil society note several lack measurable goals and indicators and that the intimate-partner-violence plan expires in 2026 without a successor.",A/HRC/WG.6/52/DNK/3 para. 2; A/HRC/WG.6/52/DNK/3 para. 9,"Stakeholders' Summary (A/HRC/WG.6/52/DNK/3), para. 2 — Danish Institute for Human Rights: ""a national action plan against racism was published in February 2025 and recommended that Denmark expand the action plan with specific, measurable goals and indicators""
Stakeholders' Summary (A/HRC/WG.6/52/DNK/3), para. 9 — Danish Institute for Human Rights: ""the national action plan against intimate partner violence and homicide would expire in 2026 ... recommended that Denmark adopt a renewed national action plan to combat violence against women"""
60.62,Russian Federation,noted,National Human Rights Action Plans (or specific areas) / implementation plans,Adopt and implement national action plans,B,"Partially implemented / steps taken, further action needed",Develop a national action plan on combating racism and xenophobia keeping in mind an increase of crimes on the bases of religious and racial hatred,"Denmark works through numerous multi-year action plans (against racism 2025, antisemitism 2022 and 2025, intimate-partner violence 2023-2026, trafficking, LGBT+, disability 2025-2028); the DIHR and civil society note several lack measurable goals and indicators and that the intimate-partner-violence plan expires in 2026 without a successor.",A/HRC/WG.6/52/DNK/3 para. 2; A/HRC/WG.6/52/DNK/3 para. 9,"Stakeholders' Summary (A/HRC/WG.6/52/DNK/3), para. 2 — Danish Institute for Human Rights: ""a national action plan against racism was published in February 2025 and recommended that Denmark expand the action plan with specific, measurable goals and indicators""
Stakeholders' Summary (A/HRC/WG.6/52/DNK/3), para. 9 — Danish Institute for Human Rights: ""the national action plan against intimate partner violence and homicide would expire in 2026 ... recommended that Denmark adopt a renewed national action plan to combat violence against women"""
60.63,Senegal,noted,National Human Rights Action Plans (or specific areas) / implementation plans,Adopt and implement national action plans,B,"Partially implemented / steps taken, further action needed",Adopt a national action plan to combat racism and hate crimes motivated by ethnic or religious considerations,"Denmark works through numerous multi-year action plans (against racism 2025, antisemitism 2022 and 2025, intimate-partner violence 2023-2026, trafficking, LGBT+, disability 2025-2028); the DIHR and civil society note several lack measurable goals and indicators and that the intimate-partner-violence plan expires in 2026 without a successor.",A/HRC/WG.6/52/DNK/3 para. 2; A/HRC/WG.6/52/DNK/3 para. 9,"Stakeholders' Summary (A/HRC/WG.6/52/DNK/3), para. 2 — Danish Institute for Human Rights: ""a national action plan against racism was published in February 2025 and recommended that Denmark expand the action plan with specific, measurable goals and indicators""
Stakeholders' Summary (A/HRC/WG.6/52/DNK/3), para. 9 — Danish Institute for Human Rights: ""the national action plan against intimate partner violence and homicide would expire in 2026 ... recommended that Denmark adopt a renewed national action plan to combat violence against women"""
60.64,Singapore,supported,National Human Rights Action Plans (or specific areas) / implementation plans,Adopt and implement national action plans,B,"Partially implemented / steps taken, further action needed","Consider adopting a national action plan to combat racism and hate crime, and ensuring that such crimes are effectively investigated and prosecuted","Denmark works through numerous multi-year action plans (against racism 2025, antisemitism 2022 and 2025, intimate-partner violence 2023-2026, trafficking, LGBT+, disability 2025-2028); the DIHR and civil society note several lack measurable goals and indicators and that the intimate-partner-violence plan expires in 2026 without a successor.",A/HRC/WG.6/52/DNK/3 para. 2; A/HRC/WG.6/52/DNK/3 para. 9,"Stakeholders' Summary (A/HRC/WG.6/52/DNK/3), para. 2 — Danish Institute for Human Rights: ""a national action plan against racism was published in February 2025 and recommended that Denmark expand the action plan with specific, measurable goals and indicators""
Stakeholders' Summary (A/HRC/WG.6/52/DNK/3), para. 9 — Danish Institute for Human Rights: ""the national action plan against intimate partner violence and homicide would expire in 2026 ... recommended that Denmark adopt a renewed national action plan to combat violence against women"""
60.65,Turkey,noted,National Human Rights Action Plans (or specific areas) / implementation plans,Adopt and implement national action plans,B,"Partially implemented / steps taken, further action needed",Prepare an action plan against Islamophia,"Denmark works through numerous multi-year action plans (against racism 2025, antisemitism 2022 and 2025, intimate-partner violence 2023-2026, trafficking, LGBT+, disability 2025-2028); the DIHR and civil society note several lack measurable goals and indicators and that the intimate-partner-violence plan expires in 2026 without a successor.",A/HRC/WG.6/52/DNK/3 para. 2; A/HRC/WG.6/52/DNK/3 para. 9,"Stakeholders' Summary (A/HRC/WG.6/52/DNK/3), para. 2 — Danish Institute for Human Rights: ""a national action plan against racism was published in February 2025 and recommended that Denmark expand the action plan with specific, measurable goals and indicators""
Stakeholders' Summary (A/HRC/WG.6/52/DNK/3), para. 9 — Danish Institute for Human Rights: ""the national action plan against intimate partner violence and homicide would expire in 2026 ... recommended that Denmark adopt a renewed national action plan to combat violence against women"""
60.66,United States of America,noted,Equality & non-discrimination,Protect LGBTI persons from discrimination,B,"Partially implemented / steps taken, further action needed","Develop a national human rights action plan; adopt comprehensive legislation to combat discrimination, especially against members of religious and ethnic minority groups, women and girls, and LGBTIQ+ persons; and end the official application of the term “ghetto” to immigrant communities","Denmark strengthened protection of LGBT+ people in December 2021 by adding gender identity, gender expression and sex characteristics to the hate-crime, hate-speech and discrimination laws, funds LGBT+ action plans and introduced 'co-fatherhood' in 2025; legal gender recognition for minors regardless of age was rejected by Parliament in January 2025.",A/HRC/WG.6/52/DNK/1 para. 29; A/HRC/WG.6/52/DNK/3 para. 50,"National Report (A/HRC/WG.6/52/DNK/1), para. 29 — Denmark: ""In December 2021, Denmark strengthened the protection of LGBT+ people by explicitly referring to gender identity, gender expression and sex characteristics as grounds of protection in the Danish laws covering hate crimes, hate speech and discrimination""
Stakeholders' Summary (A/HRC/WG.6/52/DNK/3), para. 50 — Joint submission 2: ""legal gender recognition regardless of age had not been adopted, following the rejection of a parliamentary proposal in January 2025"""
60.67,Belgium,noted,National Human Rights Action Plans (or specific areas) / implementation plans,Adopt and implement national action plans,B,"Partially implemented / steps taken, further action needed","Adopt a national action plan against racism, racial discrimination, xenophobia and related intolerance","Denmark works through numerous multi-year action plans (against racism 2025, antisemitism 2022 and 2025, intimate-partner violence 2023-2026, trafficking, LGBT+, disability 2025-2028); the DIHR and civil society note several lack measurable goals and indicators and that the intimate-partner-violence plan expires in 2026 without a successor.",A/HRC/WG.6/52/DNK/3 para. 2; A/HRC/WG.6/52/DNK/3 para. 9,"Stakeholders' Summary (A/HRC/WG.6/52/DNK/3), para. 2 — Danish Institute for Human Rights: ""a national action plan against racism was published in February 2025 and recommended that Denmark expand the action plan with specific, measurable goals and indicators""
Stakeholders' Summary (A/HRC/WG.6/52/DNK/3), para. 9 — Danish Institute for Human Rights: ""the national action plan against intimate partner violence and homicide would expire in 2026 ... recommended that Denmark adopt a renewed national action plan to combat violence against women"""
60.68,Bulgaria,noted,Discrimination against women,Combat discrimination against women,B,"Partially implemented / steps taken, further action needed","Adopt a long-term strategy and action plan aiming at parity between women and men in the public and private spheres by 2030, in addition to the annual gender equality action plans","Denmark reformed parental leave for equal rights (2022), introduced a 40/60 board gender-balance target for large listed companies (2024) and full gender equality in military conscription (2025); persistent occupational segregation and a gender pay gap remain.",A/HRC/WG.6/52/DNK/1 para. 19; A/HRC/WG.6/52/DNK/3 para. 47,"National Report (A/HRC/WG.6/52/DNK/1), para. 19 — Denmark: ""In December 2024, further rules were introduced that require the largest listed companies to reach a set target figure of a 40/60 gender representation on their board of Directors""
Stakeholders' Summary (A/HRC/WG.6/52/DNK/3), para. 47 — Institute for Protection of Women's Rights: ""persistent gender pay gaps remained, as the average Danish woman earned 12.3 percent less than the average Danish man in 2023"""
60.69,Burkina Faso,noted,Equality & non-discrimination,Anti-discrimination framework; national action plan against racism,B,"Partially implemented / steps taken, further action needed",Adopt a national action plan to combat racism and hate crimes based on ethnic or religious grounds,"Denmark has a broad anti-discrimination legal framework and in February 2025 adopted a National Action Plan against Racism with 36 initiatives, alongside successive action plans against antisemitism; CERD and stakeholders nonetheless report persistent gaps - no legislative prohibition of racial or ethnic profiling, weak hate-crime data, and a 2025 plan criticised for limited scope and for lacking a definition of racism.",A/HRC/WG.6/52/DNK/1 para. 112; A/HRC/WG.6/52/DNK/3 para. 21; A/HRC/WG.6/52/DNK/2 para. 9,"National Report (A/HRC/WG.6/52/DNK/1), para. 112 — Denmark: ""In February 2025, the Danish Government presented a national action plan against racism with 36 initiatives and the ambition to fight racism in a variety of areas in society""
Stakeholders' Summary (A/HRC/WG.6/52/DNK/3), para. 21 — Joint submission 1; Joint submission 2: ""welcomed the adoption of a national action plan against racism in February 2025. However, they were concerned that the plan had limitations in scope and lacked a clear definition of racism""
UN Compilation (A/HRC/WG.6/52/DNK/2), para. 9 — Committee on the Elimination of Racial Discrimination: ""expressed concern about the lack of a clear prohibition of racial profiling and of operational guidelines to combat racial profiling"""
60.70,Cote d’Ivoire,noted,National Human Rights Action Plans (or specific areas) / implementation plans,Adopt and implement national action plans,B,"Partially implemented / steps taken, further action needed",Adopt a national action plan to combat racism and hate crimes based on ethnic or religious grounds and bring perpetrators to justice,"Denmark works through numerous multi-year action plans (against racism 2025, antisemitism 2022 and 2025, intimate-partner violence 2023-2026, trafficking, LGBT+, disability 2025-2028); the DIHR and civil society note several lack measurable goals and indicators and that the intimate-partner-violence plan expires in 2026 without a successor.",A/HRC/WG.6/52/DNK/3 para. 2; A/HRC/WG.6/52/DNK/3 para. 9,"Stakeholders' Summary (A/HRC/WG.6/52/DNK/3), para. 2 — Danish Institute for Human Rights: ""a national action plan against racism was published in February 2025 and recommended that Denmark expand the action plan with specific, measurable goals and indicators""
Stakeholders' Summary (A/HRC/WG.6/52/DNK/3), para. 9 — Danish Institute for Human Rights: ""the national action plan against intimate partner violence and homicide would expire in 2026 ... recommended that Denmark adopt a renewed national action plan to combat violence against women"""
60.71,Italy,supported,Equality & non-discrimination,Anti-discrimination framework; national action plan against racism,B,"Partially implemented / steps taken, further action needed","Continue the efforts to combat racism and racial discrimination, including against migrants, also by taking measures to improve the legislative framework","Denmark has a broad anti-discrimination legal framework and in February 2025 adopted a National Action Plan against Racism with 36 initiatives, alongside successive action plans against antisemitism; CERD and stakeholders nonetheless report persistent gaps - no legislative prohibition of racial or ethnic profiling, weak hate-crime data, and a 2025 plan criticised for limited scope and for lacking a definition of racism.",A/HRC/WG.6/52/DNK/1 para. 112; A/HRC/WG.6/52/DNK/3 para. 21; A/HRC/WG.6/52/DNK/2 para. 9,"National Report (A/HRC/WG.6/52/DNK/1), para. 112 — Denmark: ""In February 2025, the Danish Government presented a national action plan against racism with 36 initiatives and the ambition to fight racism in a variety of areas in society""
Stakeholders' Summary (A/HRC/WG.6/52/DNK/3), para. 21 — Joint submission 1; Joint submission 2: ""welcomed the adoption of a national action plan against racism in February 2025. However, they were concerned that the plan had limitations in scope and lacked a clear definition of racism""
UN Compilation (A/HRC/WG.6/52/DNK/2), para. 9 — Committee on the Elimination of Racial Discrimination: ""expressed concern about the lack of a clear prohibition of racial profiling and of operational guidelines to combat racial profiling"""
60.72,Japan,supported,Equality & non-discrimination,Anti-discrimination framework; national action plan against racism,B,"Partially implemented / steps taken, further action needed","Continue to take further measures to prevent racism, hate speech and hate crimes, including COVID-19-related hate incidents","Denmark has a broad anti-discrimination legal framework and in February 2025 adopted a National Action Plan against Racism with 36 initiatives, alongside successive action plans against antisemitism; CERD and stakeholders nonetheless report persistent gaps - no legislative prohibition of racial or ethnic profiling, weak hate-crime data, and a 2025 plan criticised for limited scope and for lacking a definition of racism.",A/HRC/WG.6/52/DNK/1 para. 112; A/HRC/WG.6/52/DNK/3 para. 21; A/HRC/WG.6/52/DNK/2 para. 9,"National Report (A/HRC/WG.6/52/DNK/1), para. 112 — Denmark: ""In February 2025, the Danish Government presented a national action plan against racism with 36 initiatives and the ambition to fight racism in a variety of areas in society""
Stakeholders' Summary (A/HRC/WG.6/52/DNK/3), para. 21 — Joint submission 1; Joint submission 2: ""welcomed the adoption of a national action plan against racism in February 2025. However, they were concerned that the plan had limitations in scope and lacked a clear definition of racism""
UN Compilation (A/HRC/WG.6/52/DNK/2), para. 9 — Committee on the Elimination of Racial Discrimination: ""expressed concern about the lack of a clear prohibition of racial profiling and of operational guidelines to combat racial profiling"""
60.73,Jordan,supported,Equality & non-discrimination,Anti-discrimination framework; national action plan against racism,B,"Partially implemented / steps taken, further action needed","Prohibit instrumentalizing racism, xenophobia and hate speech by politicians in the pursuit of political office, and promote inclusion and solidarity","Denmark has a broad anti-discrimination legal framework and in February 2025 adopted a National Action Plan against Racism with 36 initiatives, alongside successive action plans against antisemitism; CERD and stakeholders nonetheless report persistent gaps - no legislative prohibition of racial or ethnic profiling, weak hate-crime data, and a 2025 plan criticised for limited scope and for lacking a definition of racism.",A/HRC/WG.6/52/DNK/1 para. 112; A/HRC/WG.6/52/DNK/3 para. 21; A/HRC/WG.6/52/DNK/2 para. 9,"National Report (A/HRC/WG.6/52/DNK/1), para. 112 — Denmark: ""In February 2025, the Danish Government presented a national action plan against racism with 36 initiatives and the ambition to fight racism in a variety of areas in society""
Stakeholders' Summary (A/HRC/WG.6/52/DNK/3), para. 21 — Joint submission 1; Joint submission 2: ""welcomed the adoption of a national action plan against racism in February 2025. However, they were concerned that the plan had limitations in scope and lacked a clear definition of racism""
UN Compilation (A/HRC/WG.6/52/DNK/2), para. 9 — Committee on the Elimination of Racial Discrimination: ""expressed concern about the lack of a clear prohibition of racial profiling and of operational guidelines to combat racial profiling"""
60.74,Nigeria,supported,Equality & non-discrimination,Anti-discrimination framework; national action plan against racism,B,"Partially implemented / steps taken, further action needed","Further strengthen measures to combat racism, racial discrimination, hate speech and hate crimes, and ensure the full enjoyment of human rights by all","Denmark has a broad anti-discrimination legal framework and in February 2025 adopted a National Action Plan against Racism with 36 initiatives, alongside successive action plans against antisemitism; CERD and stakeholders nonetheless report persistent gaps - no legislative prohibition of racial or ethnic profiling, weak hate-crime data, and a 2025 plan criticised for limited scope and for lacking a definition of racism.",A/HRC/WG.6/52/DNK/1 para. 112; A/HRC/WG.6/52/DNK/3 para. 21; A/HRC/WG.6/52/DNK/2 para. 9,"National Report (A/HRC/WG.6/52/DNK/1), para. 112 — Denmark: ""In February 2025, the Danish Government presented a national action plan against racism with 36 initiatives and the ambition to fight racism in a variety of areas in society""
Stakeholders' Summary (A/HRC/WG.6/52/DNK/3), para. 21 — Joint submission 1; Joint submission 2: ""welcomed the adoption of a national action plan against racism in February 2025. However, they were concerned that the plan had limitations in scope and lacked a clear definition of racism""
UN Compilation (A/HRC/WG.6/52/DNK/2), para. 9 — Committee on the Elimination of Racial Discrimination: ""expressed concern about the lack of a clear prohibition of racial profiling and of operational guidelines to combat racial profiling"""
60.75,Republic of Korea,supported,Equality & non-discrimination,Anti-discrimination framework; national action plan against racism,B,"Partially implemented / steps taken, further action needed","Continue implementing measures to prevent and combat racial discrimination, intolerance and hate crimes","Denmark has a broad anti-discrimination legal framework and in February 2025 adopted a National Action Plan against Racism with 36 initiatives, alongside successive action plans against antisemitism; CERD and stakeholders nonetheless report persistent gaps - no legislative prohibition of racial or ethnic profiling, weak hate-crime data, and a 2025 plan criticised for limited scope and for lacking a definition of racism.",A/HRC/WG.6/52/DNK/1 para. 112; A/HRC/WG.6/52/DNK/3 para. 21; A/HRC/WG.6/52/DNK/2 para. 9,"National Report (A/HRC/WG.6/52/DNK/1), para. 112 — Denmark: ""In February 2025, the Danish Government presented a national action plan against racism with 36 initiatives and the ambition to fight racism in a variety of areas in society""
Stakeholders' Summary (A/HRC/WG.6/52/DNK/3), para. 21 — Joint submission 1; Joint submission 2: ""welcomed the adoption of a national action plan against racism in February 2025. However, they were concerned that the plan had limitations in scope and lacked a clear definition of racism""
UN Compilation (A/HRC/WG.6/52/DNK/2), para. 9 — Committee on the Elimination of Racial Discrimination: ""expressed concern about the lack of a clear prohibition of racial profiling and of operational guidelines to combat racial profiling"""
60.76,Romania,supported,Equality & non-discrimination,Anti-discrimination framework; national action plan against racism,B,"Partially implemented / steps taken, further action needed",Continue the efforts of combating racism and discrimination,"Denmark has a broad anti-discrimination legal framework and in February 2025 adopted a National Action Plan against Racism with 36 initiatives, alongside successive action plans against antisemitism; CERD and stakeholders nonetheless report persistent gaps - no legislative prohibition of racial or ethnic profiling, weak hate-crime data, and a 2025 plan criticised for limited scope and for lacking a definition of racism.",A/HRC/WG.6/52/DNK/1 para. 112; A/HRC/WG.6/52/DNK/3 para. 21; A/HRC/WG.6/52/DNK/2 para. 9,"National Report (A/HRC/WG.6/52/DNK/1), para. 112 — Denmark: ""In February 2025, the Danish Government presented a national action plan against racism with 36 initiatives and the ambition to fight racism in a variety of areas in society""
Stakeholders' Summary (A/HRC/WG.6/52/DNK/3), para. 21 — Joint submission 1; Joint submission 2: ""welcomed the adoption of a national action plan against racism in February 2025. However, they were concerned that the plan had limitations in scope and lacked a clear definition of racism""
UN Compilation (A/HRC/WG.6/52/DNK/2), para. 9 — Committee on the Elimination of Racial Discrimination: ""expressed concern about the lack of a clear prohibition of racial profiling and of operational guidelines to combat racial profiling"""
60.77,Saudi Arabia,supported,Equality & non-discrimination,Anti-discrimination framework; national action plan against racism,B,"Partially implemented / steps taken, further action needed","Take the necessary measures to combat racism, including monitoring and condemning hate speech in political and public discourse","Denmark has a broad anti-discrimination legal framework and in February 2025 adopted a National Action Plan against Racism with 36 initiatives, alongside successive action plans against antisemitism; CERD and stakeholders nonetheless report persistent gaps - no legislative prohibition of racial or ethnic profiling, weak hate-crime data, and a 2025 plan criticised for limited scope and for lacking a definition of racism.",A/HRC/WG.6/52/DNK/1 para. 112; A/HRC/WG.6/52/DNK/3 para. 21; A/HRC/WG.6/52/DNK/2 para. 9,"National Report (A/HRC/WG.6/52/DNK/1), para. 112 — Denmark: ""In February 2025, the Danish Government presented a national action plan against racism with 36 initiatives and the ambition to fight racism in a variety of areas in society""
Stakeholders' Summary (A/HRC/WG.6/52/DNK/3), para. 21 — Joint submission 1; Joint submission 2: ""welcomed the adoption of a national action plan against racism in February 2025. However, they were concerned that the plan had limitations in scope and lacked a clear definition of racism""
UN Compilation (A/HRC/WG.6/52/DNK/2), para. 9 — Committee on the Elimination of Racial Discrimination: ""expressed concern about the lack of a clear prohibition of racial profiling and of operational guidelines to combat racial profiling"""
60.78,Bolivarian Republic of Venezuela,noted,National Human Rights Action Plans (or specific areas) / implementation plans,Adopt and implement national action plans,B,"Partially implemented / steps taken, further action needed","Combat the significant increase in discrimination, racism, xenophobia and hate attacks against migrants and ethnic minorities, and adopt a comprehensive action plan for its eradication","Denmark works through numerous multi-year action plans (against racism 2025, antisemitism 2022 and 2025, intimate-partner violence 2023-2026, trafficking, LGBT+, disability 2025-2028); the DIHR and civil society note several lack measurable goals and indicators and that the intimate-partner-violence plan expires in 2026 without a successor.",A/HRC/WG.6/52/DNK/3 para. 2; A/HRC/WG.6/52/DNK/3 para. 9,"Stakeholders' Summary (A/HRC/WG.6/52/DNK/3), para. 2 — Danish Institute for Human Rights: ""a national action plan against racism was published in February 2025 and recommended that Denmark expand the action plan with specific, measurable goals and indicators""
Stakeholders' Summary (A/HRC/WG.6/52/DNK/3), para. 9 — Danish Institute for Human Rights: ""the national action plan against intimate partner violence and homicide would expire in 2026 ... recommended that Denmark adopt a renewed national action plan to combat violence against women"""
60.79,Malaysia,supported,Equality & non-discrimination,Anti-discrimination framework; national action plan against racism,B,"Partially implemented / steps taken, further action needed","Combat racism and hate speech, especially against religious minorities, immigrants and asylum seekers","Denmark has a broad anti-discrimination legal framework and in February 2025 adopted a National Action Plan against Racism with 36 initiatives, alongside successive action plans against antisemitism; CERD and stakeholders nonetheless report persistent gaps - no legislative prohibition of racial or ethnic profiling, weak hate-crime data, and a 2025 plan criticised for limited scope and for lacking a definition of racism.",A/HRC/WG.6/52/DNK/1 para. 112; A/HRC/WG.6/52/DNK/3 para. 21; A/HRC/WG.6/52/DNK/2 para. 9,"National Report (A/HRC/WG.6/52/DNK/1), para. 112 — Denmark: ""In February 2025, the Danish Government presented a national action plan against racism with 36 initiatives and the ambition to fight racism in a variety of areas in society""
Stakeholders' Summary (A/HRC/WG.6/52/DNK/3), para. 21 — Joint submission 1; Joint submission 2: ""welcomed the adoption of a national action plan against racism in February 2025. However, they were concerned that the plan had limitations in scope and lacked a clear definition of racism""
UN Compilation (A/HRC/WG.6/52/DNK/2), para. 9 — Committee on the Elimination of Racial Discrimination: ""expressed concern about the lack of a clear prohibition of racial profiling and of operational guidelines to combat racial profiling"""
60.80,Brazil,supported,Equality & non-discrimination,Anti-discrimination framework; national action plan against racism,B,"Partially implemented / steps taken, further action needed","Step up measures to combat racism and negative stereotyping, including on social housing initiatives","Denmark has a broad anti-discrimination legal framework and in February 2025 adopted a National Action Plan against Racism with 36 initiatives, alongside successive action plans against antisemitism; CERD and stakeholders nonetheless report persistent gaps - no legislative prohibition of racial or ethnic profiling, weak hate-crime data, and a 2025 plan criticised for limited scope and for lacking a definition of racism.",A/HRC/WG.6/52/DNK/1 para. 112; A/HRC/WG.6/52/DNK/3 para. 21; A/HRC/WG.6/52/DNK/2 para. 9,"National Report (A/HRC/WG.6/52/DNK/1), para. 112 — Denmark: ""In February 2025, the Danish Government presented a national action plan against racism with 36 initiatives and the ambition to fight racism in a variety of areas in society""
Stakeholders' Summary (A/HRC/WG.6/52/DNK/3), para. 21 — Joint submission 1; Joint submission 2: ""welcomed the adoption of a national action plan against racism in February 2025. However, they were concerned that the plan had limitations in scope and lacked a clear definition of racism""
UN Compilation (A/HRC/WG.6/52/DNK/2), para. 9 — Committee on the Elimination of Racial Discrimination: ""expressed concern about the lack of a clear prohibition of racial profiling and of operational guidelines to combat racial profiling"""
60.81,China,supported,Equality & non-discrimination,Anti-discrimination framework; national action plan against racism,B,"Partially implemented / steps taken, further action needed","Combat racial discrimination and hate crimes against Asians and people of Asian descent, and prevent some politicians and the media from inciting racial discrimination under the pretext of freedom of expression","Denmark has a broad anti-discrimination legal framework and in February 2025 adopted a National Action Plan against Racism with 36 initiatives, alongside successive action plans against antisemitism; CERD and stakeholders nonetheless report persistent gaps - no legislative prohibition of racial or ethnic profiling, weak hate-crime data, and a 2025 plan criticised for limited scope and for lacking a definition of racism.",A/HRC/WG.6/52/DNK/1 para. 112; A/HRC/WG.6/52/DNK/3 para. 21; A/HRC/WG.6/52/DNK/2 para. 9,"National Report (A/HRC/WG.6/52/DNK/1), para. 112 — Denmark: ""In February 2025, the Danish Government presented a national action plan against racism with 36 initiatives and the ambition to fight racism in a variety of areas in society""
Stakeholders' Summary (A/HRC/WG.6/52/DNK/3), para. 21 — Joint submission 1; Joint submission 2: ""welcomed the adoption of a national action plan against racism in February 2025. However, they were concerned that the plan had limitations in scope and lacked a clear definition of racism""
UN Compilation (A/HRC/WG.6/52/DNK/2), para. 9 — Committee on the Elimination of Racial Discrimination: ""expressed concern about the lack of a clear prohibition of racial profiling and of operational guidelines to combat racial profiling"""
60.82,Costa Rica,supported,Equality & non-discrimination,Anti-discrimination framework; national action plan against racism,B,"Partially implemented / steps taken, further action needed","Ensure that the actions taken by the Government in the prevention of intolerance, racism or hate crimes are based on human rights principles, including rights related to cultural diversity and freedom of worship","Denmark has a broad anti-discrimination legal framework and in February 2025 adopted a National Action Plan against Racism with 36 initiatives, alongside successive action plans against antisemitism; CERD and stakeholders nonetheless report persistent gaps - no legislative prohibition of racial or ethnic profiling, weak hate-crime data, and a 2025 plan criticised for limited scope and for lacking a definition of racism.",A/HRC/WG.6/52/DNK/1 para. 112; A/HRC/WG.6/52/DNK/3 para. 21; A/HRC/WG.6/52/DNK/2 para. 9,"National Report (A/HRC/WG.6/52/DNK/1), para. 112 — Denmark: ""In February 2025, the Danish Government presented a national action plan against racism with 36 initiatives and the ambition to fight racism in a variety of areas in society""
Stakeholders' Summary (A/HRC/WG.6/52/DNK/3), para. 21 — Joint submission 1; Joint submission 2: ""welcomed the adoption of a national action plan against racism in February 2025. However, they were concerned that the plan had limitations in scope and lacked a clear definition of racism""
UN Compilation (A/HRC/WG.6/52/DNK/2), para. 9 — Committee on the Elimination of Racial Discrimination: ""expressed concern about the lack of a clear prohibition of racial profiling and of operational guidelines to combat racial profiling"""
60.83,Cuba,supported,Equality & non-discrimination,Anti-discrimination framework; national action plan against racism,B,"Partially implemented / steps taken, further action needed",Implement effective measures to fight against racism and hate crimes based on ethnic or religious grounds,"Denmark has a broad anti-discrimination legal framework and in February 2025 adopted a National Action Plan against Racism with 36 initiatives, alongside successive action plans against antisemitism; CERD and stakeholders nonetheless report persistent gaps - no legislative prohibition of racial or ethnic profiling, weak hate-crime data, and a 2025 plan criticised for limited scope and for lacking a definition of racism.",A/HRC/WG.6/52/DNK/1 para. 112; A/HRC/WG.6/52/DNK/3 para. 21; A/HRC/WG.6/52/DNK/2 para. 9,"National Report (A/HRC/WG.6/52/DNK/1), para. 112 — Denmark: ""In February 2025, the Danish Government presented a national action plan against racism with 36 initiatives and the ambition to fight racism in a variety of areas in society""
Stakeholders' Summary (A/HRC/WG.6/52/DNK/3), para. 21 — Joint submission 1; Joint submission 2: ""welcomed the adoption of a national action plan against racism in February 2025. However, they were concerned that the plan had limitations in scope and lacked a clear definition of racism""
UN Compilation (A/HRC/WG.6/52/DNK/2), para. 9 — Committee on the Elimination of Racial Discrimination: ""expressed concern about the lack of a clear prohibition of racial profiling and of operational guidelines to combat racial profiling"""
60.84,Indonesia,supported,Equality & non-discrimination,Anti-discrimination framework; national action plan against racism,B,"Partially implemented / steps taken, further action needed",Build a more inclusive society by improving national legislation and government programmes aimed at ending discrimination based on ethnicities or religion,"Denmark has a broad anti-discrimination legal framework and in February 2025 adopted a National Action Plan against Racism with 36 initiatives, alongside successive action plans against antisemitism; CERD and stakeholders nonetheless report persistent gaps - no legislative prohibition of racial or ethnic profiling, weak hate-crime data, and a 2025 plan criticised for limited scope and for lacking a definition of racism.",A/HRC/WG.6/52/DNK/1 para. 112; A/HRC/WG.6/52/DNK/3 para. 21; A/HRC/WG.6/52/DNK/2 para. 9,"National Report (A/HRC/WG.6/52/DNK/1), para. 112 — Denmark: ""In February 2025, the Danish Government presented a national action plan against racism with 36 initiatives and the ambition to fight racism in a variety of areas in society""
Stakeholders' Summary (A/HRC/WG.6/52/DNK/3), para. 21 — Joint submission 1; Joint submission 2: ""welcomed the adoption of a national action plan against racism in February 2025. However, they were concerned that the plan had limitations in scope and lacked a clear definition of racism""
UN Compilation (A/HRC/WG.6/52/DNK/2), para. 9 — Committee on the Elimination of Racial Discrimination: ""expressed concern about the lack of a clear prohibition of racial profiling and of operational guidelines to combat racial profiling"""
60.85,Islamic Republic of Iran,supported,Equality & non-discrimination,Anti-discrimination framework; national action plan against racism,B,"Partially implemented / steps taken, further action needed",Take steps to counter ever-increasing Islamophobia and hate crimes against Muslims in Denmark and develop comprehensive anti-discrimination legislation,"Denmark has a broad anti-discrimination legal framework and in February 2025 adopted a National Action Plan against Racism with 36 initiatives, alongside successive action plans against antisemitism; CERD and stakeholders nonetheless report persistent gaps - no legislative prohibition of racial or ethnic profiling, weak hate-crime data, and a 2025 plan criticised for limited scope and for lacking a definition of racism.",A/HRC/WG.6/52/DNK/1 para. 112; A/HRC/WG.6/52/DNK/3 para. 21; A/HRC/WG.6/52/DNK/2 para. 9,"National Report (A/HRC/WG.6/52/DNK/1), para. 112 — Denmark: ""In February 2025, the Danish Government presented a national action plan against racism with 36 initiatives and the ambition to fight racism in a variety of areas in society""
Stakeholders' Summary (A/HRC/WG.6/52/DNK/3), para. 21 — Joint submission 1; Joint submission 2: ""welcomed the adoption of a national action plan against racism in February 2025. However, they were concerned that the plan had limitations in scope and lacked a clear definition of racism""
UN Compilation (A/HRC/WG.6/52/DNK/2), para. 9 — Committee on the Elimination of Racial Discrimination: ""expressed concern about the lack of a clear prohibition of racial profiling and of operational guidelines to combat racial profiling"""
60.86,Spain,noted,Equality & non-discrimination,Repeal the 'Parallel Society' / 'Ghetto' laws,C,Not implemented / no relevant action taken,Remove from the definition of “ghetto” the geographic criterion of the residents’ origin and repeal provisions that in practice discriminate against residents of “ghettos”,CERD and civil society call for repeal of the discriminatory 'non-Western'/'Parallel Society' provisions; Denmark has renamed the terminology but retained the framework.,A/HRC/WG.6/52/DNK/2 para. 7; A/HRC/WG.6/52/DNK/1 para. 105,"UN Compilation (A/HRC/WG.6/52/DNK/2), para. 7 — Committee on the Elimination of Racial Discrimination: ""the laws previously known as the 'Ghetto Package' had a discriminatory impact on ethnic minorities ... (b) repeal discriminatory provisions""
National Report (A/HRC/WG.6/52/DNK/1), para. 105 — Denmark: ""A political agreement has been reached to change the term 'ghetto' ... to 'parallel societies' and 'areas of transformation'"""
60.87,Switzerland,supported,Equality & non-discrimination,Repeal the 'Parallel Society' / 'Ghetto' laws,C,Not implemented / no relevant action taken,Stop using the term “ghetto” to designate disadvantaged residential areas and ensure that there is no discrimination in solving problems of social inclusion and housing,CERD and civil society call for repeal of the discriminatory 'non-Western'/'Parallel Society' provisions; Denmark has renamed the terminology but retained the framework.,A/HRC/WG.6/52/DNK/2 para. 7; A/HRC/WG.6/52/DNK/1 para. 105,"UN Compilation (A/HRC/WG.6/52/DNK/2), para. 7 — Committee on the Elimination of Racial Discrimination: ""the laws previously known as the 'Ghetto Package' had a discriminatory impact on ethnic minorities ... (b) repeal discriminatory provisions""
National Report (A/HRC/WG.6/52/DNK/1), para. 105 — Denmark: ""A political agreement has been reached to change the term 'ghetto' ... to 'parallel societies' and 'areas of transformation'"""
60.88,Turkmenistan,supported,Equality & non-discrimination,Anti-discrimination framework; national action plan against racism,B,"Partially implemented / steps taken, further action needed","Step up efforts to eliminate discrimination faced by minority groups, non-citizens and refugees, especially with regard to employment, education, housing, health services and access to justice","Denmark has a broad anti-discrimination legal framework and in February 2025 adopted a National Action Plan against Racism with 36 initiatives, alongside successive action plans against antisemitism; CERD and stakeholders nonetheless report persistent gaps - no legislative prohibition of racial or ethnic profiling, weak hate-crime data, and a 2025 plan criticised for limited scope and for lacking a definition of racism.",A/HRC/WG.6/52/DNK/1 para. 112; A/HRC/WG.6/52/DNK/3 para. 21; A/HRC/WG.6/52/DNK/2 para. 9,"National Report (A/HRC/WG.6/52/DNK/1), para. 112 — Denmark: ""In February 2025, the Danish Government presented a national action plan against racism with 36 initiatives and the ambition to fight racism in a variety of areas in society""
Stakeholders' Summary (A/HRC/WG.6/52/DNK/3), para. 21 — Joint submission 1; Joint submission 2: ""welcomed the adoption of a national action plan against racism in February 2025. However, they were concerned that the plan had limitations in scope and lacked a clear definition of racism""
UN Compilation (A/HRC/WG.6/52/DNK/2), para. 9 — Committee on the Elimination of Racial Discrimination: ""expressed concern about the lack of a clear prohibition of racial profiling and of operational guidelines to combat racial profiling"""
60.89,Bahrain,supported,Equality & non-discrimination,Anti-discrimination framework; national action plan against racism,B,"Partially implemented / steps taken, further action needed",Ensure non-discriminatory treatment of all religious communities and encourage interreligious and “interconviction” dialogues,"Denmark has a broad anti-discrimination legal framework and in February 2025 adopted a National Action Plan against Racism with 36 initiatives, alongside successive action plans against antisemitism; CERD and stakeholders nonetheless report persistent gaps - no legislative prohibition of racial or ethnic profiling, weak hate-crime data, and a 2025 plan criticised for limited scope and for lacking a definition of racism.",A/HRC/WG.6/52/DNK/1 para. 112; A/HRC/WG.6/52/DNK/3 para. 21; A/HRC/WG.6/52/DNK/2 para. 9,"National Report (A/HRC/WG.6/52/DNK/1), para. 112 — Denmark: ""In February 2025, the Danish Government presented a national action plan against racism with 36 initiatives and the ambition to fight racism in a variety of areas in society""
Stakeholders' Summary (A/HRC/WG.6/52/DNK/3), para. 21 — Joint submission 1; Joint submission 2: ""welcomed the adoption of a national action plan against racism in February 2025. However, they were concerned that the plan had limitations in scope and lacked a clear definition of racism""
UN Compilation (A/HRC/WG.6/52/DNK/2), para. 9 — Committee on the Elimination of Racial Discrimination: ""expressed concern about the lack of a clear prohibition of racial profiling and of operational guidelines to combat racial profiling"""
60.90,Pakistan,supported,Equality & non-discrimination,Anti-discrimination framework; national action plan against racism,B,"Partially implemented / steps taken, further action needed","Refrain from legislation that discriminates among migrants on the basis of their race, religion and ethnicity","Denmark has a broad anti-discrimination legal framework and in February 2025 adopted a National Action Plan against Racism with 36 initiatives, alongside successive action plans against antisemitism; CERD and stakeholders nonetheless report persistent gaps - no legislative prohibition of racial or ethnic profiling, weak hate-crime data, and a 2025 plan criticised for limited scope and for lacking a definition of racism.",A/HRC/WG.6/52/DNK/1 para. 112; A/HRC/WG.6/52/DNK/3 para. 21; A/HRC/WG.6/52/DNK/2 para. 9,"National Report (A/HRC/WG.6/52/DNK/1), para. 112 — Denmark: ""In February 2025, the Danish Government presented a national action plan against racism with 36 initiatives and the ambition to fight racism in a variety of areas in society""
Stakeholders' Summary (A/HRC/WG.6/52/DNK/3), para. 21 — Joint submission 1; Joint submission 2: ""welcomed the adoption of a national action plan against racism in February 2025. However, they were concerned that the plan had limitations in scope and lacked a clear definition of racism""
UN Compilation (A/HRC/WG.6/52/DNK/2), para. 9 — Committee on the Elimination of Racial Discrimination: ""expressed concern about the lack of a clear prohibition of racial profiling and of operational guidelines to combat racial profiling"""
60.91,Somalia,supported,Equality & non-discrimination,Anti-discrimination framework; national action plan against racism,B,"Partially implemented / steps taken, further action needed",Take all appropriate measures in order to ensure equality in all aspects of life for the children living in the country regardless of their religion or national origin,"Denmark has a broad anti-discrimination legal framework and in February 2025 adopted a National Action Plan against Racism with 36 initiatives, alongside successive action plans against antisemitism; CERD and stakeholders nonetheless report persistent gaps - no legislative prohibition of racial or ethnic profiling, weak hate-crime data, and a 2025 plan criticised for limited scope and for lacking a definition of racism.",A/HRC/WG.6/52/DNK/1 para. 112; A/HRC/WG.6/52/DNK/3 para. 21; A/HRC/WG.6/52/DNK/2 para. 9,"National Report (A/HRC/WG.6/52/DNK/1), para. 112 — Denmark: ""In February 2025, the Danish Government presented a national action plan against racism with 36 initiatives and the ambition to fight racism in a variety of areas in society""
Stakeholders' Summary (A/HRC/WG.6/52/DNK/3), para. 21 — Joint submission 1; Joint submission 2: ""welcomed the adoption of a national action plan against racism in February 2025. However, they were concerned that the plan had limitations in scope and lacked a clear definition of racism""
UN Compilation (A/HRC/WG.6/52/DNK/2), para. 9 — Committee on the Elimination of Racial Discrimination: ""expressed concern about the lack of a clear prohibition of racial profiling and of operational guidelines to combat racial profiling"""
60.92,Argentina,supported,Equality & non-discrimination,Anti-discrimination framework; national action plan against racism,B,"Partially implemented / steps taken, further action needed","Design policies to eliminate intersecting forms of discrimination, especially against elderly and migrant women, and ensure that the granting of residence permits to women and children who have been victims of domestic violence is not conditioned upon the receipt of social benefits","Denmark has a broad anti-discrimination legal framework and in February 2025 adopted a National Action Plan against Racism with 36 initiatives, alongside successive action plans against antisemitism; CERD and stakeholders nonetheless report persistent gaps - no legislative prohibition of racial or ethnic profiling, weak hate-crime data, and a 2025 plan criticised for limited scope and for lacking a definition of racism.",A/HRC/WG.6/52/DNK/1 para. 112; A/HRC/WG.6/52/DNK/3 para. 21; A/HRC/WG.6/52/DNK/2 para. 9,"National Report (A/HRC/WG.6/52/DNK/1), para. 112 — Denmark: ""In February 2025, the Danish Government presented a national action plan against racism with 36 initiatives and the ambition to fight racism in a variety of areas in society""
Stakeholders' Summary (A/HRC/WG.6/52/DNK/3), para. 21 — Joint submission 1; Joint submission 2: ""welcomed the adoption of a national action plan against racism in February 2025. However, they were concerned that the plan had limitations in scope and lacked a clear definition of racism""
UN Compilation (A/HRC/WG.6/52/DNK/2), para. 9 — Committee on the Elimination of Racial Discrimination: ""expressed concern about the lack of a clear prohibition of racial profiling and of operational guidelines to combat racial profiling"""
60.93,Norway,supported,Equality & non-discrimination,Anti-discrimination framework; national action plan against racism,B,"Partially implemented / steps taken, further action needed","Continue efforts to combat hate crime, specifically following up on the recommendation by the European Commission against Racism and Intolerance to establish a comprehensive data collection system that would facilitate more efficient policy design and better analysis of the hate crimes committed","Denmark has a broad anti-discrimination legal framework and in February 2025 adopted a National Action Plan against Racism with 36 initiatives, alongside successive action plans against antisemitism; CERD and stakeholders nonetheless report persistent gaps - no legislative prohibition of racial or ethnic profiling, weak hate-crime data, and a 2025 plan criticised for limited scope and for lacking a definition of racism.",A/HRC/WG.6/52/DNK/1 para. 112; A/HRC/WG.6/52/DNK/3 para. 21; A/HRC/WG.6/52/DNK/2 para. 9,"National Report (A/HRC/WG.6/52/DNK/1), para. 112 — Denmark: ""In February 2025, the Danish Government presented a national action plan against racism with 36 initiatives and the ambition to fight racism in a variety of areas in society""
Stakeholders' Summary (A/HRC/WG.6/52/DNK/3), para. 21 — Joint submission 1; Joint submission 2: ""welcomed the adoption of a national action plan against racism in February 2025. However, they were concerned that the plan had limitations in scope and lacked a clear definition of racism""
UN Compilation (A/HRC/WG.6/52/DNK/2), para. 9 — Committee on the Elimination of Racial Discrimination: ""expressed concern about the lack of a clear prohibition of racial profiling and of operational guidelines to combat racial profiling"""
60.94,Singapore,supported,Equality & non-discrimination,Anti-discrimination framework; national action plan against racism,B,"Partially implemented / steps taken, further action needed","Take effective actions to prohibit hate speech online and offline, including the use of legislative and/or policy measures","Denmark has a broad anti-discrimination legal framework and in February 2025 adopted a National Action Plan against Racism with 36 initiatives, alongside successive action plans against antisemitism; CERD and stakeholders nonetheless report persistent gaps - no legislative prohibition of racial or ethnic profiling, weak hate-crime data, and a 2025 plan criticised for limited scope and for lacking a definition of racism.",A/HRC/WG.6/52/DNK/1 para. 112; A/HRC/WG.6/52/DNK/3 para. 21; A/HRC/WG.6/52/DNK/2 para. 9,"National Report (A/HRC/WG.6/52/DNK/1), para. 112 — Denmark: ""In February 2025, the Danish Government presented a national action plan against racism with 36 initiatives and the ambition to fight racism in a variety of areas in society""
Stakeholders' Summary (A/HRC/WG.6/52/DNK/3), para. 21 — Joint submission 1; Joint submission 2: ""welcomed the adoption of a national action plan against racism in February 2025. However, they were concerned that the plan had limitations in scope and lacked a clear definition of racism""
UN Compilation (A/HRC/WG.6/52/DNK/2), para. 9 — Committee on the Elimination of Racial Discrimination: ""expressed concern about the lack of a clear prohibition of racial profiling and of operational guidelines to combat racial profiling"""
60.95,Viet Nam,supported,Equality & non-discrimination,Anti-discrimination framework; national action plan against racism,B,"Partially implemented / steps taken, further action needed",Streamline initiatives aimed at preventing hate speech and fighting intolerance in a comprehensive effort to prevent extremism and radicalization,"Denmark has a broad anti-discrimination legal framework and in February 2025 adopted a National Action Plan against Racism with 36 initiatives, alongside successive action plans against antisemitism; CERD and stakeholders nonetheless report persistent gaps - no legislative prohibition of racial or ethnic profiling, weak hate-crime data, and a 2025 plan criticised for limited scope and for lacking a definition of racism.",A/HRC/WG.6/52/DNK/1 para. 112; A/HRC/WG.6/52/DNK/3 para. 21; A/HRC/WG.6/52/DNK/2 para. 9,"National Report (A/HRC/WG.6/52/DNK/1), para. 112 — Denmark: ""In February 2025, the Danish Government presented a national action plan against racism with 36 initiatives and the ambition to fight racism in a variety of areas in society""
Stakeholders' Summary (A/HRC/WG.6/52/DNK/3), para. 21 — Joint submission 1; Joint submission 2: ""welcomed the adoption of a national action plan against racism in February 2025. However, they were concerned that the plan had limitations in scope and lacked a clear definition of racism""
UN Compilation (A/HRC/WG.6/52/DNK/2), para. 9 — Committee on the Elimination of Racial Discrimination: ""expressed concern about the lack of a clear prohibition of racial profiling and of operational guidelines to combat racial profiling"""
60.96,Turkey,noted,Administration of justice & fair trial,Access to justice; police complaints; safeguards,C,Not implemented / no relevant action taken,Strengthen the communication between the national police and the Muslim community,"CRPD reports persistent barriers to access to justice for persons with disabilities, and the DIHR calls for the Independent Police Complaints Authority's mandate to be expanded to assess human-rights violations; no responsive legislative change is reported.",A/HRC/WG.6/52/DNK/2 para. 21; A/HRC/WG.6/52/DNK/3 para. 4,"UN Compilation (A/HRC/WG.6/52/DNK/2), para. 21 — Committee on the Rights of Persons with Disabilities: ""barriers to access to justice for persons with disabilities, across Denmark, the Faroe Islands and Greenland, including the insufficient provision of procedural accommodation""
Stakeholders' Summary (A/HRC/WG.6/52/DNK/3), para. 4 — Danish Institute for Human Rights: ""expand the mandate of the Independent Police Complaints Authority to include assessing and deciding on whether individuals who file complaints against the police had been subjected to human rights violations"""
60.97,Bolivarian Republic of Venezuela,noted,Administration of justice & fair trial,Prohibit racial and ethnic profiling,C,Not implemented / no relevant action taken,"Put an end to abusive, humiliating and discriminatory practices by the police against ethnic minorities and prohibit their controls based on ethnic profiling","There is still no legislative prohibition of racial or ethnic profiling and no operational guidelines, per CERD.",A/HRC/WG.6/52/DNK/2 para. 9,"UN Compilation (A/HRC/WG.6/52/DNK/2), para. 9 — Committee on the Elimination of Racial Discrimination: ""the lack of a clear prohibition of racial profiling and of operational guidelines to combat racial profiling ... define and prohibit racial profiling in legislation"""
60.98,Botswana,supported,Administration of justice & fair trial,Access to justice; police complaints; safeguards,C,Not implemented / no relevant action taken,"Thoroughly investigate reports of discrimination based on xenophobia, hatred and racism against immigrants or citizens of non-Danish origin and ensure that perpetrators are brought to justice","CRPD reports persistent barriers to access to justice for persons with disabilities, and the DIHR calls for the Independent Police Complaints Authority's mandate to be expanded to assess human-rights violations; no responsive legislative change is reported.",A/HRC/WG.6/52/DNK/2 para. 21; A/HRC/WG.6/52/DNK/3 para. 4,"UN Compilation (A/HRC/WG.6/52/DNK/2), para. 21 — Committee on the Rights of Persons with Disabilities: ""barriers to access to justice for persons with disabilities, across Denmark, the Faroe Islands and Greenland, including the insufficient provision of procedural accommodation""
Stakeholders' Summary (A/HRC/WG.6/52/DNK/3), para. 4 — Danish Institute for Human Rights: ""expand the mandate of the Independent Police Complaints Authority to include assessing and deciding on whether individuals who file complaints against the police had been subjected to human rights violations"""
60.99,Netherlands,noted,Sexual & reproductive health and rights,Sexual and reproductive health and rights,B,"Partially implemented / steps taken, further action needed","Develop – in consultation with rights holders – national guidelines for responding to people with variations in sex characteristics, including the possibility to postpone non-emergency, invasive and irreversible genital surgery or hormone treatment on infants and children until they are able to meaningfully participate in decision-making and give their informed consent",Denmark raised the abortion time-limit to 18 weeks (adopted 24 April 2025) and mandates sexuality education through upper-secondary education; CEDAW notes unaddressed sexual and reproductive health gaps for women and girls in Greenland.,A/HRC/WG.6/52/DNK/3 para. 40; A/HRC/WG.6/52/DNK/2 para. 58,"Stakeholders' Summary (A/HRC/WG.6/52/DNK/3), para. 40 — European Centre for Law and Justice: ""the adoption, on 24 April 2025, of a proposal relating to abortion raising the limit for abortion to 18 weeks of pregnancy""
UN Compilation (A/HRC/WG.6/52/DNK/2), para. 58 — Committee on the Elimination of Discrimination against Women: ""the high abortion rate and the high prevalence of sexually transmitted infections among women and girls in Greenland"""
60.100,Uruguay,supported,Children: definition,Child protection; violence against children,B,"Partially implemented / steps taken, further action needed",Continue promoting the revision of the law to establish mechanisms that allow minors under 18 years of age to modify their legal gender,"The Danish Child's Act entered into force on 1 January 2024 incorporating CRC obligations, and psychological violence against children has been criminalised; CAT and JS2 remain concerned about children in social care placed in closed facilities and the very low number of psychological-violence cases reaching the courts.",A/HRC/WG.6/52/DNK/1 para. 96; A/HRC/WG.6/52/DNK/3 para. 48,"National Report (A/HRC/WG.6/52/DNK/1), para. 96 — Denmark: ""The Danish Child's Act entered into force on January 1st 2024. The law ensures that the obligations of Denmark in relation to the UN Convention on the Rights of the Child ... are respected""
Stakeholders' Summary (A/HRC/WG.6/52/DNK/3), para. 48 — Joint submission 2: ""a significant number of children in Denmark continued to be subjected to corporal and psychological violence ... only very few cases of psychological violence were brought to the judicial system"""
60.101,Chile,supported,Equality & non-discrimination,Protect LGBTI persons from discrimination,B,"Partially implemented / steps taken, further action needed","Maintain the efforts to promote and protect the rights of lesbian, gay, bisexual, transgender and intersex persons, especially to protect the body integrity of intersex girls and boys","Denmark strengthened protection of LGBT+ people in December 2021 by adding gender identity, gender expression and sex characteristics to the hate-crime, hate-speech and discrimination laws, funds LGBT+ action plans and introduced 'co-fatherhood' in 2025; legal gender recognition for minors regardless of age was rejected by Parliament in January 2025.",A/HRC/WG.6/52/DNK/1 para. 29; A/HRC/WG.6/52/DNK/3 para. 50,"National Report (A/HRC/WG.6/52/DNK/1), para. 29 — Denmark: ""In December 2021, Denmark strengthened the protection of LGBT+ people by explicitly referring to gender identity, gender expression and sex characteristics as grounds of protection in the Danish laws covering hate crimes, hate speech and discrimination""
Stakeholders' Summary (A/HRC/WG.6/52/DNK/3), para. 50 — Joint submission 2: ""legal gender recognition regardless of age had not been adopted, following the rejection of a parliamentary proposal in January 2025"""
60.102,Malta,supported,Children: definition,Child protection; violence against children,B,"Partially implemented / steps taken, further action needed",Amend the law to allow persons under the age of 18 to change their legal gender,"The Danish Child's Act entered into force on 1 January 2024 incorporating CRC obligations, and psychological violence against children has been criminalised; CAT and JS2 remain concerned about children in social care placed in closed facilities and the very low number of psychological-violence cases reaching the courts.",A/HRC/WG.6/52/DNK/1 para. 96; A/HRC/WG.6/52/DNK/3 para. 48,"National Report (A/HRC/WG.6/52/DNK/1), para. 96 — Denmark: ""The Danish Child's Act entered into force on January 1st 2024. The law ensures that the obligations of Denmark in relation to the UN Convention on the Rights of the Child ... are respected""
Stakeholders' Summary (A/HRC/WG.6/52/DNK/3), para. 48 — Joint submission 2: ""a significant number of children in Denmark continued to be subjected to corporal and psychological violence ... only very few cases of psychological violence were brought to the judicial system"""
60.103,Lebanon,supported,Equality & non-discrimination,Anti-discrimination framework; national action plan against racism,B,"Partially implemented / steps taken, further action needed",Continue to spread the values of tolerance and openness in Danish society,"Denmark has a broad anti-discrimination legal framework and in February 2025 adopted a National Action Plan against Racism with 36 initiatives, alongside successive action plans against antisemitism; CERD and stakeholders nonetheless report persistent gaps - no legislative prohibition of racial or ethnic profiling, weak hate-crime data, and a 2025 plan criticised for limited scope and for lacking a definition of racism.",A/HRC/WG.6/52/DNK/1 para. 112; A/HRC/WG.6/52/DNK/3 para. 21; A/HRC/WG.6/52/DNK/2 para. 9,"National Report (A/HRC/WG.6/52/DNK/1), para. 112 — Denmark: ""In February 2025, the Danish Government presented a national action plan against racism with 36 initiatives and the ambition to fight racism in a variety of areas in society""
Stakeholders' Summary (A/HRC/WG.6/52/DNK/3), para. 21 — Joint submission 1; Joint submission 2: ""welcomed the adoption of a national action plan against racism in February 2025. However, they were concerned that the plan had limitations in scope and lacked a clear definition of racism""
UN Compilation (A/HRC/WG.6/52/DNK/2), para. 9 — Committee on the Elimination of Racial Discrimination: ""expressed concern about the lack of a clear prohibition of racial profiling and of operational guidelines to combat racial profiling"""
60.104,Saudi Arabia,supported,Equality & non-discrimination,Anti-discrimination framework; national action plan against racism,B,"Partially implemented / steps taken, further action needed","Develop awareness programmes to promote a culture of tolerance and respect for cultural diversity, and combat discrimination, stereotypes and Islamophobia","Denmark has a broad anti-discrimination legal framework and in February 2025 adopted a National Action Plan against Racism with 36 initiatives, alongside successive action plans against antisemitism; CERD and stakeholders nonetheless report persistent gaps - no legislative prohibition of racial or ethnic profiling, weak hate-crime data, and a 2025 plan criticised for limited scope and for lacking a definition of racism.",A/HRC/WG.6/52/DNK/1 para. 112; A/HRC/WG.6/52/DNK/3 para. 21; A/HRC/WG.6/52/DNK/2 para. 9,"National Report (A/HRC/WG.6/52/DNK/1), para. 112 — Denmark: ""In February 2025, the Danish Government presented a national action plan against racism with 36 initiatives and the ambition to fight racism in a variety of areas in society""
Stakeholders' Summary (A/HRC/WG.6/52/DNK/3), para. 21 — Joint submission 1; Joint submission 2: ""welcomed the adoption of a national action plan against racism in February 2025. However, they were concerned that the plan had limitations in scope and lacked a clear definition of racism""
UN Compilation (A/HRC/WG.6/52/DNK/2), para. 9 — Committee on the Elimination of Racial Discrimination: ""expressed concern about the lack of a clear prohibition of racial profiling and of operational guidelines to combat racial profiling"""
60.105,Turkmenistan,supported,Equality & non-discrimination,Anti-discrimination framework; national action plan against racism,B,"Partially implemented / steps taken, further action needed",Enhance efforts to promote tolerance and intercultural understanding with the aim of eliminating discrimination against minorities,"Denmark has a broad anti-discrimination legal framework and in February 2025 adopted a National Action Plan against Racism with 36 initiatives, alongside successive action plans against antisemitism; CERD and stakeholders nonetheless report persistent gaps - no legislative prohibition of racial or ethnic profiling, weak hate-crime data, and a 2025 plan criticised for limited scope and for lacking a definition of racism.",A/HRC/WG.6/52/DNK/1 para. 112; A/HRC/WG.6/52/DNK/3 para. 21; A/HRC/WG.6/52/DNK/2 para. 9,"National Report (A/HRC/WG.6/52/DNK/1), para. 112 — Denmark: ""In February 2025, the Danish Government presented a national action plan against racism with 36 initiatives and the ambition to fight racism in a variety of areas in society""
Stakeholders' Summary (A/HRC/WG.6/52/DNK/3), para. 21 — Joint submission 1; Joint submission 2: ""welcomed the adoption of a national action plan against racism in February 2025. However, they were concerned that the plan had limitations in scope and lacked a clear definition of racism""
UN Compilation (A/HRC/WG.6/52/DNK/2), para. 9 — Committee on the Elimination of Racial Discrimination: ""expressed concern about the lack of a clear prohibition of racial profiling and of operational guidelines to combat racial profiling"""
60.106,Turkmenistan,supported,Right to development,Development cooperation and ODA,B,"Partially implemented / steps taken, further action needed",Continue with its development assistance to developing countries to better achieve the right to development as part of the sustainable development agenda,Denmark has met the UN 0.7 per cent of GNI target for official development assistance for over 45 years and applies a human-rights-based approach to development cooperation.,A/HRC/WG.6/52/DNK/1 para. 115; A/HRC/WG.6/52/DNK/3 para. 42,"National Report (A/HRC/WG.6/52/DNK/1), para. 115 — Denmark: ""For more than 45 years, Denmark has committed at least 0.7 pct. of Gross National Income (GNI) in Official Development Assistance (ODA) in line with the UN target""
Stakeholders' Summary (A/HRC/WG.6/52/DNK/3), para. 42 — Maat Foundation for Peace, Development and Human Rights: ""Denmark was among the countries that had achieved the United Nations target on official development assistance"""
60.107,Ethiopia,supported,Right to development,Development cooperation and ODA,B,"Partially implemented / steps taken, further action needed",Maintain its global commitment to official development assistance through its steadfast support via the Danish Development Cooperation,Denmark has met the UN 0.7 per cent of GNI target for official development assistance for over 45 years and applies a human-rights-based approach to development cooperation.,A/HRC/WG.6/52/DNK/1 para. 115; A/HRC/WG.6/52/DNK/3 para. 42,"National Report (A/HRC/WG.6/52/DNK/1), para. 115 — Denmark: ""For more than 45 years, Denmark has committed at least 0.7 pct. of Gross National Income (GNI) in Official Development Assistance (ODA) in line with the UN target""
Stakeholders' Summary (A/HRC/WG.6/52/DNK/3), para. 42 — Maat Foundation for Peace, Development and Human Rights: ""Denmark was among the countries that had achieved the United Nations target on official development assistance"""
60.108,Haiti,supported,Human rights & the environment,Climate change and environment,B,"Partially implemented / steps taken, further action needed","Take concrete measures to combat the negative impacts of climate change, both at home and abroad","Denmark's Climate Act sets a 70 per cent emissions-reduction target for 2030 and net-negative 110 per cent by 2050, and Greenland joined the Paris Agreement in 2024; the Human Rights Committee still seeks information on climate impacts on the right to life in Greenland and the Faroe Islands.",A/HRC/WG.6/52/DNK/1 para. 193; A/HRC/WG.6/52/DNK/1 para. 143,"National Report (A/HRC/WG.6/52/DNK/1), para. 193 — Denmark: ""The Danish Climate Act sets a target of reducing Denmark's GHG emissions with 70% in 2030 compared to 1990 and Denmark aims to achieve net-negative by 110% by 2050""
National Report (A/HRC/WG.6/52/DNK/1), para. 143 — Denmark: ""Greenland withdrew its territorial reservation and joined the Paris Agreement in 2024"""
60.109,Bangladesh,noted,Human rights & the environment,Climate change and environment,B,"Partially implemented / steps taken, further action needed","Increase funding and support to tackle the climate crisis, particularly in climate-vulnerable countries, and ensure that its contribution to international climate finance is additional to its official development assistance","Denmark's Climate Act sets a 70 per cent emissions-reduction target for 2030 and net-negative 110 per cent by 2050, and Greenland joined the Paris Agreement in 2024; the Human Rights Committee still seeks information on climate impacts on the right to life in Greenland and the Faroe Islands.",A/HRC/WG.6/52/DNK/1 para. 193; A/HRC/WG.6/52/DNK/1 para. 143,"National Report (A/HRC/WG.6/52/DNK/1), para. 193 — Denmark: ""The Danish Climate Act sets a target of reducing Denmark's GHG emissions with 70% in 2030 compared to 1990 and Denmark aims to achieve net-negative by 110% by 2050""
National Report (A/HRC/WG.6/52/DNK/1), para. 143 — Denmark: ""Greenland withdrew its territorial reservation and joined the Paris Agreement in 2024"""
60.110,Bhutan,supported,Human rights & the environment,Climate change and environment,B,"Partially implemented / steps taken, further action needed","Continue its contribution to the international climate finance and continue its efforts in addressing the climate crisis, particularly in developing countries","Denmark's Climate Act sets a 70 per cent emissions-reduction target for 2030 and net-negative 110 per cent by 2050, and Greenland joined the Paris Agreement in 2024; the Human Rights Committee still seeks information on climate impacts on the right to life in Greenland and the Faroe Islands.",A/HRC/WG.6/52/DNK/1 para. 193; A/HRC/WG.6/52/DNK/1 para. 143,"National Report (A/HRC/WG.6/52/DNK/1), para. 193 — Denmark: ""The Danish Climate Act sets a target of reducing Denmark's GHG emissions with 70% in 2030 compared to 1990 and Denmark aims to achieve net-negative by 110% by 2050""
National Report (A/HRC/WG.6/52/DNK/1), para. 143 — Denmark: ""Greenland withdrew its territorial reservation and joined the Paris Agreement in 2024"""
60.111,Cyprus,supported,Human rights & the environment,Climate change and environment,B,"Partially implemented / steps taken, further action needed","Continue to support the recognition of the right to a safe, clean, healthy and sustainable environment","Denmark's Climate Act sets a 70 per cent emissions-reduction target for 2030 and net-negative 110 per cent by 2050, and Greenland joined the Paris Agreement in 2024; the Human Rights Committee still seeks information on climate impacts on the right to life in Greenland and the Faroe Islands.",A/HRC/WG.6/52/DNK/1 para. 193; A/HRC/WG.6/52/DNK/1 para. 143,"National Report (A/HRC/WG.6/52/DNK/1), para. 193 — Denmark: ""The Danish Climate Act sets a target of reducing Denmark's GHG emissions with 70% in 2030 compared to 1990 and Denmark aims to achieve net-negative by 110% by 2050""
National Report (A/HRC/WG.6/52/DNK/1), para. 143 — Denmark: ""Greenland withdrew its territorial reservation and joined the Paris Agreement in 2024"""
60.112,Fiji,supported,Human rights & climate change,Climate change mitigation and adaptation,B,"Partially implemented / steps taken, further action needed","Ensure the meaningful participation of women, children, persons with disabilities and Inuit communities in the development and implementation of climate change and disaster risk reduction frameworks",Denmark's Climate Act targets a 70 per cent emissions cut by 2030 and net-negative 110 per cent by 2050; the Human Rights Committee still seeks information on climate impacts on the right to life in Greenland and the Faroe Islands.,A/HRC/WG.6/52/DNK/1 para. 193,"National Report (A/HRC/WG.6/52/DNK/1), para. 193 — Denmark: ""The Danish Climate Act sets a target of reducing Denmark's GHG emissions with 70% in 2030 compared to 1990 and Denmark aims to achieve net-negative by 110% by 2050"""
60.113,Islamic Republic of Iran,supported,Business & Human Rights,"Business and human rights, including mandatory due diligence",B,"Partially implemented / steps taken, further action needed",Ensure that their businesses respect human rights and avoid environmental damage in other countries,"Denmark actively supported the EU Corporate Sustainability Due Diligence Directive introducing mandatory human-rights and environmental due diligence and maintains an OECD National Contact Point; JS2 seeks stronger arms-export controls and post-employment rules, and Denmark's approach to the 'Omnibus' simplification has drawn concern about weakening the directive.",A/HRC/WG.6/52/DNK/1 para. 118; A/HRC/WG.6/52/DNK/3 para. 28,"National Report (A/HRC/WG.6/52/DNK/1), para. 118 — Denmark: ""Denmark has actively supported the introduction of mandatory human rights and environmental due diligence at the EU level through the adoption of the Corporate Sustainability Due Diligence Directive (CSDDD)""
Stakeholders' Summary (A/HRC/WG.6/52/DNK/3), para. 28 — Joint submission 2: ""adopt a case-by-case assessment of arm export licenses and prohibit exports if there was an overriding risk that this would contribute to breach of international humanitarian law"""
60.114,Panama,supported,Business & Human Rights,"Business and human rights, including mandatory due diligence",B,"Partially implemented / steps taken, further action needed",Establish effective mechanisms to require businesses in its territory or under its jurisdiction to conduct human rights-related due diligence to address abuses regarding toxic substances throughout their supply chain,"Denmark actively supported the EU Corporate Sustainability Due Diligence Directive introducing mandatory human-rights and environmental due diligence and maintains an OECD National Contact Point; JS2 seeks stronger arms-export controls and post-employment rules, and Denmark's approach to the 'Omnibus' simplification has drawn concern about weakening the directive.",A/HRC/WG.6/52/DNK/1 para. 118; A/HRC/WG.6/52/DNK/3 para. 28,"National Report (A/HRC/WG.6/52/DNK/1), para. 118 — Denmark: ""Denmark has actively supported the introduction of mandatory human rights and environmental due diligence at the EU level through the adoption of the Corporate Sustainability Due Diligence Directive (CSDDD)""
Stakeholders' Summary (A/HRC/WG.6/52/DNK/3), para. 28 — Joint submission 2: ""adopt a case-by-case assessment of arm export licenses and prohibit exports if there was an overriding risk that this would contribute to breach of international humanitarian law"""
60.115,South Africa,supported,Business & Human Rights,"Business and human rights, including mandatory due diligence",B,"Partially implemented / steps taken, further action needed","Consider obligations on business enterprises to carry out due diligence to respect human rights and the environment within their global value chains and by their business relationships, to prevent any harm","Denmark actively supported the EU Corporate Sustainability Due Diligence Directive introducing mandatory human-rights and environmental due diligence and maintains an OECD National Contact Point; JS2 seeks stronger arms-export controls and post-employment rules, and Denmark's approach to the 'Omnibus' simplification has drawn concern about weakening the directive.",A/HRC/WG.6/52/DNK/1 para. 118; A/HRC/WG.6/52/DNK/3 para. 28,"National Report (A/HRC/WG.6/52/DNK/1), para. 118 — Denmark: ""Denmark has actively supported the introduction of mandatory human rights and environmental due diligence at the EU level through the adoption of the Corporate Sustainability Due Diligence Directive (CSDDD)""
Stakeholders' Summary (A/HRC/WG.6/52/DNK/3), para. 28 — Joint submission 2: ""adopt a case-by-case assessment of arm export licenses and prohibit exports if there was an overriding risk that this would contribute to breach of international humanitarian law"""
60.116,State of Palestine,supported,Business & Human Rights,"Business and human rights, including mandatory due diligence",B,"Partially implemented / steps taken, further action needed","Enact specific legislation to conflict-affected areas and provide guidance and advice for business enterprises on ensuring respect for human rights to prevent and address the heightened risk of corporate involvement in gross human right violations in conflict-affected areas, including situations of foreign occupation","Denmark actively supported the EU Corporate Sustainability Due Diligence Directive introducing mandatory human-rights and environmental due diligence and maintains an OECD National Contact Point; JS2 seeks stronger arms-export controls and post-employment rules, and Denmark's approach to the 'Omnibus' simplification has drawn concern about weakening the directive.",A/HRC/WG.6/52/DNK/1 para. 118; A/HRC/WG.6/52/DNK/3 para. 28,"National Report (A/HRC/WG.6/52/DNK/1), para. 118 — Denmark: ""Denmark has actively supported the introduction of mandatory human rights and environmental due diligence at the EU level through the adoption of the Corporate Sustainability Due Diligence Directive (CSDDD)""
Stakeholders' Summary (A/HRC/WG.6/52/DNK/3), para. 28 — Joint submission 2: ""adopt a case-by-case assessment of arm export licenses and prohibit exports if there was an overriding risk that this would contribute to breach of international humanitarian law"""
60.117,Togo,supported,Business & Human Rights,"Business and human rights, including mandatory due diligence",B,"Partially implemented / steps taken, further action needed",Adopt a legislative and regulatory framework that commits companies to respect human rights and prevent environmental damage throughout their value chains and business relationships,"Denmark actively supported the EU Corporate Sustainability Due Diligence Directive introducing mandatory human-rights and environmental due diligence and maintains an OECD National Contact Point; JS2 seeks stronger arms-export controls and post-employment rules, and Denmark's approach to the 'Omnibus' simplification has drawn concern about weakening the directive.",A/HRC/WG.6/52/DNK/1 para. 118; A/HRC/WG.6/52/DNK/3 para. 28,"National Report (A/HRC/WG.6/52/DNK/1), para. 118 — Denmark: ""Denmark has actively supported the introduction of mandatory human rights and environmental due diligence at the EU level through the adoption of the Corporate Sustainability Due Diligence Directive (CSDDD)""
Stakeholders' Summary (A/HRC/WG.6/52/DNK/3), para. 28 — Joint submission 2: ""adopt a case-by-case assessment of arm export licenses and prohibit exports if there was an overriding risk that this would contribute to breach of international humanitarian law"""
60.118,Malawi,supported,Business & Human Rights,"Business and human rights, including mandatory due diligence",B,"Partially implemented / steps taken, further action needed","Strengthen the legal and other regulatory frameworks to ensure that an obligation of human rights due diligence is borne by companies domiciled in its jurisdiction and hold them accountable for violations of economic, social and cultural rights","Denmark actively supported the EU Corporate Sustainability Due Diligence Directive introducing mandatory human-rights and environmental due diligence and maintains an OECD National Contact Point; JS2 seeks stronger arms-export controls and post-employment rules, and Denmark's approach to the 'Omnibus' simplification has drawn concern about weakening the directive.",A/HRC/WG.6/52/DNK/1 para. 118; A/HRC/WG.6/52/DNK/3 para. 28,"National Report (A/HRC/WG.6/52/DNK/1), para. 118 — Denmark: ""Denmark has actively supported the introduction of mandatory human rights and environmental due diligence at the EU level through the adoption of the Corporate Sustainability Due Diligence Directive (CSDDD)""
Stakeholders' Summary (A/HRC/WG.6/52/DNK/3), para. 28 — Joint submission 2: ""adopt a case-by-case assessment of arm export licenses and prohibit exports if there was an overriding risk that this would contribute to breach of international humanitarian law"""
60.119,Zambia,supported,Business & Human Rights,"Business and human rights, including mandatory due diligence",B,"Partially implemented / steps taken, further action needed",Adopt legal and other regulatory frameworks requiring business entities to exercise human rights due diligence in their operations at home and abroad,"Denmark actively supported the EU Corporate Sustainability Due Diligence Directive introducing mandatory human-rights and environmental due diligence and maintains an OECD National Contact Point; JS2 seeks stronger arms-export controls and post-employment rules, and Denmark's approach to the 'Omnibus' simplification has drawn concern about weakening the directive.",A/HRC/WG.6/52/DNK/1 para. 118; A/HRC/WG.6/52/DNK/3 para. 28,"National Report (A/HRC/WG.6/52/DNK/1), para. 118 — Denmark: ""Denmark has actively supported the introduction of mandatory human rights and environmental due diligence at the EU level through the adoption of the Corporate Sustainability Due Diligence Directive (CSDDD)""
Stakeholders' Summary (A/HRC/WG.6/52/DNK/3), para. 28 — Joint submission 2: ""adopt a case-by-case assessment of arm export licenses and prohibit exports if there was an overriding risk that this would contribute to breach of international humanitarian law"""
60.120,Fiji,supported,Business & Human Rights,"Business and human rights, including mandatory due diligence",B,"Partially implemented / steps taken, further action needed",Continue to encourage and ensure that businesses domiciled in its jurisdiction respect human rights and are environmentally responsible and accountable,"Denmark actively supported the EU Corporate Sustainability Due Diligence Directive introducing mandatory human-rights and environmental due diligence and maintains an OECD National Contact Point; JS2 seeks stronger arms-export controls and post-employment rules, and Denmark's approach to the 'Omnibus' simplification has drawn concern about weakening the directive.",A/HRC/WG.6/52/DNK/1 para. 118; A/HRC/WG.6/52/DNK/3 para. 28,"National Report (A/HRC/WG.6/52/DNK/1), para. 118 — Denmark: ""Denmark has actively supported the introduction of mandatory human rights and environmental due diligence at the EU level through the adoption of the Corporate Sustainability Due Diligence Directive (CSDDD)""
Stakeholders' Summary (A/HRC/WG.6/52/DNK/3), para. 28 — Joint submission 2: ""adopt a case-by-case assessment of arm export licenses and prohibit exports if there was an overriding risk that this would contribute to breach of international humanitarian law"""
60.121,Finland,supported,Business & Human Rights,"Business and human rights, including mandatory due diligence",B,"Partially implemented / steps taken, further action needed","Introduce legislation requiring companies and investors to respect human rights and to prevent environmental harm, including by carrying out due diligence, and to establish corporate liability for human rights and environmental harm","Denmark actively supported the EU Corporate Sustainability Due Diligence Directive introducing mandatory human-rights and environmental due diligence and maintains an OECD National Contact Point; JS2 seeks stronger arms-export controls and post-employment rules, and Denmark's approach to the 'Omnibus' simplification has drawn concern about weakening the directive.",A/HRC/WG.6/52/DNK/1 para. 118; A/HRC/WG.6/52/DNK/3 para. 28,"National Report (A/HRC/WG.6/52/DNK/1), para. 118 — Denmark: ""Denmark has actively supported the introduction of mandatory human rights and environmental due diligence at the EU level through the adoption of the Corporate Sustainability Due Diligence Directive (CSDDD)""
Stakeholders' Summary (A/HRC/WG.6/52/DNK/3), para. 28 — Joint submission 2: ""adopt a case-by-case assessment of arm export licenses and prohibit exports if there was an overriding risk that this would contribute to breach of international humanitarian law"""
60.122,North Macedonia,noted,"Prohibition of torture & ill-treatment (including cruel, inhuman or degrading treatment)",Criminalise torture as a distinct offence,C,Not implemented / no relevant action taken,Include torture as a distinct offence in its Criminal Code,"Torture is still not a stand-alone offence in Danish, Greenlandic or Faroese criminal law, despite repeated CAT recommendations.",A/HRC/WG.6/52/DNK/2 para. 12; A/HRC/WG.6/52/DNK/3 para. 12,"UN Compilation (A/HRC/WG.6/52/DNK/2), para. 12 — Committee against Torture: ""torture was not criminalized as a distinct offence in the Danish Penal Code, the Military Criminal Code or the Greenlandic or Faroese criminal law""
Stakeholders' Summary (A/HRC/WG.6/52/DNK/3), para. 12 — Danish Institute for Human Rights: ""torture was not explicitly defined as a punishable act in Greenland's Penal Code and recommended that Greenland incorporate torture as a specific crime"""
60.123,Turkey,noted,"Prohibition of torture & ill-treatment (including cruel, inhuman or degrading treatment)",Criminalise torture as a distinct offence,C,Not implemented / no relevant action taken,Include torture as a separate offence in its Criminal Code,"Torture is still not a stand-alone offence in Danish, Greenlandic or Faroese criminal law, despite repeated CAT recommendations.",A/HRC/WG.6/52/DNK/2 para. 12; A/HRC/WG.6/52/DNK/3 para. 12,"UN Compilation (A/HRC/WG.6/52/DNK/2), para. 12 — Committee against Torture: ""torture was not criminalized as a distinct offence in the Danish Penal Code, the Military Criminal Code or the Greenlandic or Faroese criminal law""
Stakeholders' Summary (A/HRC/WG.6/52/DNK/3), para. 12 — Danish Institute for Human Rights: ""torture was not explicitly defined as a punishable act in Greenland's Penal Code and recommended that Greenland incorporate torture as a specific crime"""
60.124,Democratic People’s Republic of Korea,supported,"Prohibition of torture & ill-treatment (including cruel, inhuman or degrading treatment)",Criminalise torture; safeguards against ill-treatment,C,Not implemented / no relevant action taken,"Cease torture and cruel and inhuman treatment in places of detention, particularly for persons with an immigration background","Torture is still not a stand-alone offence in Danish, Greenlandic or Faroese criminal law despite repeated CAT recommendations; safeguards from the outset of detention and limits on strip-searching are also found wanting.",A/HRC/WG.6/52/DNK/2 para. 12; A/HRC/WG.6/52/DNK/2 para. 16,"UN Compilation (A/HRC/WG.6/52/DNK/2), para. 12 — Committee against Torture: ""torture was not criminalized as a distinct offence in the Danish Penal Code, the Military Criminal Code or the Greenlandic or Faroese criminal law""
UN Compilation (A/HRC/WG.6/52/DNK/2), para. 16 — Committee against Torture: ""sufficient legal safeguards, including timely access to legal representation and adequate interpretation and translation, were not always guaranteed from the outset of detention"""
60.125,Italy,supported,Right to health,Access to health care; psychiatric coercion; Greenland,B,"Partially implemented / steps taken, further action needed","Reduce the use of coercive measures in the psychiatric system, in particular against children","All residents have free access to public healthcare and Denmark adopted a 10-year psychiatry plan (2025) targeting a 30 per cent cut in coercive measures by 2030; CRPD and JS2 report coercion in psychiatric care remains high with the enabling legal changes not due before 2027, and CEDAW/DIHR flag unaddressed health gaps in Greenland (abortion rate, sexually transmitted infections, suicide).",A/HRC/WG.6/52/DNK/1 para. 87; A/HRC/WG.6/52/DNK/3 para. 27; A/HRC/WG.6/52/DNK/2 para. 57,"National Report (A/HRC/WG.6/52/DNK/1), para. 87 — Denmark: ""The most recent comprehensive political agreement from May 2025 ... contribute to the new and ambitious goal to reduce coercive measures by 30% by 2030""
Stakeholders' Summary (A/HRC/WG.6/52/DNK/3), para. 27 — Joint submission 2: ""coercive measures continued to be excessively used in psychiatric institutions and that the 10-year plan adopted in 2025 ... lacked a necessary preventive approach""
UN Compilation (A/HRC/WG.6/52/DNK/2), para. 57 — Committee on the Elimination of Discrimination against Women: ""the high prevalence of suicide and suicide attempts in Greenland and recommended that Denmark collect comprehensive data on the causes and address them"""
60.126,Sweden,supported,Right to health,Access to health care; psychiatric coercion; Greenland,B,"Partially implemented / steps taken, further action needed",Reduce the use of coercion on adults and children within psychiatric care from current levels,"All residents have free access to public healthcare and Denmark adopted a 10-year psychiatry plan (2025) targeting a 30 per cent cut in coercive measures by 2030; CRPD and JS2 report coercion in psychiatric care remains high with the enabling legal changes not due before 2027, and CEDAW/DIHR flag unaddressed health gaps in Greenland (abortion rate, sexually transmitted infections, suicide).",A/HRC/WG.6/52/DNK/1 para. 87; A/HRC/WG.6/52/DNK/3 para. 27; A/HRC/WG.6/52/DNK/2 para. 57,"National Report (A/HRC/WG.6/52/DNK/1), para. 87 — Denmark: ""The most recent comprehensive political agreement from May 2025 ... contribute to the new and ambitious goal to reduce coercive measures by 30% by 2030""
Stakeholders' Summary (A/HRC/WG.6/52/DNK/3), para. 27 — Joint submission 2: ""coercive measures continued to be excessively used in psychiatric institutions and that the 10-year plan adopted in 2025 ... lacked a necessary preventive approach""
UN Compilation (A/HRC/WG.6/52/DNK/2), para. 57 — Committee on the Elimination of Discrimination against Women: ""the high prevalence of suicide and suicide attempts in Greenland and recommended that Denmark collect comprehensive data on the causes and address them"""
60.127,Austria,supported,Right to health,Access to health care; psychiatric coercion; Greenland,B,"Partially implemented / steps taken, further action needed",Ensure that the use of physical restraint and other forms of coercion in psychiatric institutions is in line with international human rights norms and standards,"All residents have free access to public healthcare and Denmark adopted a 10-year psychiatry plan (2025) targeting a 30 per cent cut in coercive measures by 2030; CRPD and JS2 report coercion in psychiatric care remains high with the enabling legal changes not due before 2027, and CEDAW/DIHR flag unaddressed health gaps in Greenland (abortion rate, sexually transmitted infections, suicide).",A/HRC/WG.6/52/DNK/1 para. 87; A/HRC/WG.6/52/DNK/3 para. 27; A/HRC/WG.6/52/DNK/2 para. 57,"National Report (A/HRC/WG.6/52/DNK/1), para. 87 — Denmark: ""The most recent comprehensive political agreement from May 2025 ... contribute to the new and ambitious goal to reduce coercive measures by 30% by 2030""
Stakeholders' Summary (A/HRC/WG.6/52/DNK/3), para. 27 — Joint submission 2: ""coercive measures continued to be excessively used in psychiatric institutions and that the 10-year plan adopted in 2025 ... lacked a necessary preventive approach""
UN Compilation (A/HRC/WG.6/52/DNK/2), para. 57 — Committee on the Elimination of Discrimination against Women: ""the high prevalence of suicide and suicide attempts in Greenland and recommended that Denmark collect comprehensive data on the causes and address them"""
60.128,Panama,supported,Sexual & gender-based violence,Define rape on the basis of lack of consent,A,Largely implemented / action largely satisfactory,"Incorporate consent into the elements that make up the legal definition of rape, in line with the recommendations of the Committee on Economic, Social and Cultural Rights","Denmark adopted a consent-based rape provision in 2020, under which sex without consent is rape.",A/HRC/WG.6/52/DNK/1 para. 56; A/HRC/WG.6/52/DNK/3 para. 46,"National Report (A/HRC/WG.6/52/DNK/1), para. 56 — Denmark: ""The Danish Parliament adopted in 2020 a consent-based rape provision according to which sex without consent is considered rape""
Stakeholders' Summary (A/HRC/WG.6/52/DNK/3), para. 46 — Joint submission 2: ""welcomed that Denmark's rape provision had been amended to be based on lack of consent"""
60.129,Nicaragua,supported,Sexual & gender-based violence,Prevent and address sexual and gender-based violence,B,"Partially implemented / steps taken, further action needed","Ensure the creation of effective mechanisms to combat sexual abuse and domestic violence, especially against women","Denmark adopted a consent-based rape law (2020), a National Action Plan on Intimate Partner Violence and Killings 2023-2026, psychological-violence provisions, a victims' hotline and new shelters (including for men, 2024); CEDAW, CAT and JS2 report rising gender-based violence, few rape convictions, and the Istanbul Convention still not applied to Greenland and the Faroe Islands.",A/HRC/WG.6/52/DNK/2 para. 35; A/HRC/WG.6/52/DNK/2 para. 36; A/HRC/WG.6/52/DNK/3 para. 46,"UN Compilation (A/HRC/WG.6/52/DNK/2), para. 35 — Committee against Torture: ""welcomed the adoption of the National Action Plan to Combat Intimate Partner Violence and Intimate Partner Killings 2023-2026""
UN Compilation (A/HRC/WG.6/52/DNK/2), para. 36 — Committee on the Elimination of Discrimination against Women: ""it noted with concern the rise in gender-based violence against women, high incidences of sexual violence against women with disabilities and the reported high prevalence of sexual harassment in the workplace and the education system""
Stakeholders' Summary (A/HRC/WG.6/52/DNK/3), para. 46 — Joint submission 2: ""a small proportion of reported cases of rape resulting in convictions, and a high number of suspected femicides in the first half of 2025"""
60.130,Bahamas,supported,Sexual & gender-based violence,Prevent and address sexual and gender-based violence,B,"Partially implemented / steps taken, further action needed",Take measures to increase prosecution of perpetrators of sexual violence,"Denmark adopted a consent-based rape law (2020), a National Action Plan on Intimate Partner Violence and Killings 2023-2026, psychological-violence provisions, a victims' hotline and new shelters (including for men, 2024); CEDAW, CAT and JS2 report rising gender-based violence, few rape convictions, and the Istanbul Convention still not applied to Greenland and the Faroe Islands.",A/HRC/WG.6/52/DNK/2 para. 35; A/HRC/WG.6/52/DNK/2 para. 36; A/HRC/WG.6/52/DNK/3 para. 46,"UN Compilation (A/HRC/WG.6/52/DNK/2), para. 35 — Committee against Torture: ""welcomed the adoption of the National Action Plan to Combat Intimate Partner Violence and Intimate Partner Killings 2023-2026""
UN Compilation (A/HRC/WG.6/52/DNK/2), para. 36 — Committee on the Elimination of Discrimination against Women: ""it noted with concern the rise in gender-based violence against women, high incidences of sexual violence against women with disabilities and the reported high prevalence of sexual harassment in the workplace and the education system""
Stakeholders' Summary (A/HRC/WG.6/52/DNK/3), para. 46 — Joint submission 2: ""a small proportion of reported cases of rape resulting in convictions, and a high number of suspected femicides in the first half of 2025"""
60.131,Liechtenstein,supported,Sexual & gender-based violence,Prevent and address sexual and gender-based violence,B,"Partially implemented / steps taken, further action needed","Continue its efforts to eliminate all forms of sexual and gender-based violence, including by addressing barriers to reporting, investigation and prosecution of sexual violence, and to provide justice to survivors","Denmark adopted a consent-based rape law (2020), a National Action Plan on Intimate Partner Violence and Killings 2023-2026, psychological-violence provisions, a victims' hotline and new shelters (including for men, 2024); CEDAW, CAT and JS2 report rising gender-based violence, few rape convictions, and the Istanbul Convention still not applied to Greenland and the Faroe Islands.",A/HRC/WG.6/52/DNK/2 para. 35; A/HRC/WG.6/52/DNK/2 para. 36; A/HRC/WG.6/52/DNK/3 para. 46,"UN Compilation (A/HRC/WG.6/52/DNK/2), para. 35 — Committee against Torture: ""welcomed the adoption of the National Action Plan to Combat Intimate Partner Violence and Intimate Partner Killings 2023-2026""
UN Compilation (A/HRC/WG.6/52/DNK/2), para. 36 — Committee on the Elimination of Discrimination against Women: ""it noted with concern the rise in gender-based violence against women, high incidences of sexual violence against women with disabilities and the reported high prevalence of sexual harassment in the workplace and the education system""
Stakeholders' Summary (A/HRC/WG.6/52/DNK/3), para. 46 — Joint submission 2: ""a small proportion of reported cases of rape resulting in convictions, and a high number of suspected femicides in the first half of 2025"""
60.132,Tunisia,supported,Violence against women,Prevent and address violence against women,B,"Partially implemented / steps taken, further action needed",Continue efforts to strengthen policies and strategies to prevent domestic violence and to protect women and children who are victims of violence,"Denmark maintains national action plans against intimate-partner violence since 2002 (current plan 2023-2026), a consent-based rape law (2020), crisis shelters and a victims' hotline; stakeholders report rising femicide, gaps in restraining-order use, and that the current plan expires in 2026 without a successor.",A/HRC/WG.6/52/DNK/1 para. 49; A/HRC/WG.6/52/DNK/3 para. 44; A/HRC/WG.6/52/DNK/3 para. 9,"National Report (A/HRC/WG.6/52/DNK/1), para. 49 — Denmark: ""Since 2002, national action plans to combat intimate partner violence and intimate partner killings have been in place. The current National Action Plan (2023-2026)""
Stakeholders' Summary (A/HRC/WG.6/52/DNK/3), para. 44 — Maat Foundation for Peace, Development and Human Rights: ""47.5 percent of women had experienced physical or sexual violence or threats thereof, and referred to an increase in femicides""
Stakeholders' Summary (A/HRC/WG.6/52/DNK/3), para. 9 — Danish Institute for Human Rights: ""recommended that Denmark adopt a renewed national action plan to combat violence against women and introduce a dedicated offence code for intimate partner homicide"""
60.133,Australia,supported,Sexual & gender-based violence,Prevent and address sexual and gender-based violence,B,"Partially implemented / steps taken, further action needed","Continue efforts to increase protections for victims of gender-based violence during investigations, including regular training for relevant professionals on the National Police Guidelines","Denmark adopted a consent-based rape law (2020), a National Action Plan on Intimate Partner Violence and Killings 2023-2026, psychological-violence provisions, a victims' hotline and new shelters (including for men, 2024); CEDAW, CAT and JS2 report rising gender-based violence, few rape convictions, and the Istanbul Convention still not applied to Greenland and the Faroe Islands.",A/HRC/WG.6/52/DNK/2 para. 35; A/HRC/WG.6/52/DNK/2 para. 36; A/HRC/WG.6/52/DNK/3 para. 46,"UN Compilation (A/HRC/WG.6/52/DNK/2), para. 35 — Committee against Torture: ""welcomed the adoption of the National Action Plan to Combat Intimate Partner Violence and Intimate Partner Killings 2023-2026""
UN Compilation (A/HRC/WG.6/52/DNK/2), para. 36 — Committee on the Elimination of Discrimination against Women: ""it noted with concern the rise in gender-based violence against women, high incidences of sexual violence against women with disabilities and the reported high prevalence of sexual harassment in the workplace and the education system""
Stakeholders' Summary (A/HRC/WG.6/52/DNK/3), para. 46 — Joint submission 2: ""a small proportion of reported cases of rape resulting in convictions, and a high number of suspected femicides in the first half of 2025"""
60.134,Cyprus,supported,Sexual & gender-based violence,Prevent and address sexual and gender-based violence,B,"Partially implemented / steps taken, further action needed",Ensure that combating gender-based violence remains a top priority,"Denmark adopted a consent-based rape law (2020), a National Action Plan on Intimate Partner Violence and Killings 2023-2026, psychological-violence provisions, a victims' hotline and new shelters (including for men, 2024); CEDAW, CAT and JS2 report rising gender-based violence, few rape convictions, and the Istanbul Convention still not applied to Greenland and the Faroe Islands.",A/HRC/WG.6/52/DNK/2 para. 35; A/HRC/WG.6/52/DNK/2 para. 36; A/HRC/WG.6/52/DNK/3 para. 46,"UN Compilation (A/HRC/WG.6/52/DNK/2), para. 35 — Committee against Torture: ""welcomed the adoption of the National Action Plan to Combat Intimate Partner Violence and Intimate Partner Killings 2023-2026""
UN Compilation (A/HRC/WG.6/52/DNK/2), para. 36 — Committee on the Elimination of Discrimination against Women: ""it noted with concern the rise in gender-based violence against women, high incidences of sexual violence against women with disabilities and the reported high prevalence of sexual harassment in the workplace and the education system""
Stakeholders' Summary (A/HRC/WG.6/52/DNK/3), para. 46 — Joint submission 2: ""a small proportion of reported cases of rape resulting in convictions, and a high number of suspected femicides in the first half of 2025"""
60.135,Dominican Republic,supported,Sexual & gender-based violence,Prevent and address sexual and gender-based violence,B,"Partially implemented / steps taken, further action needed",Continue strengthening policies to combat domestic violence and sexual abuse and the implementation of protection and assistance programmes for victims,"Denmark adopted a consent-based rape law (2020), a National Action Plan on Intimate Partner Violence and Killings 2023-2026, psychological-violence provisions, a victims' hotline and new shelters (including for men, 2024); CEDAW, CAT and JS2 report rising gender-based violence, few rape convictions, and the Istanbul Convention still not applied to Greenland and the Faroe Islands.",A/HRC/WG.6/52/DNK/2 para. 35; A/HRC/WG.6/52/DNK/2 para. 36; A/HRC/WG.6/52/DNK/3 para. 46,"UN Compilation (A/HRC/WG.6/52/DNK/2), para. 35 — Committee against Torture: ""welcomed the adoption of the National Action Plan to Combat Intimate Partner Violence and Intimate Partner Killings 2023-2026""
UN Compilation (A/HRC/WG.6/52/DNK/2), para. 36 — Committee on the Elimination of Discrimination against Women: ""it noted with concern the rise in gender-based violence against women, high incidences of sexual violence against women with disabilities and the reported high prevalence of sexual harassment in the workplace and the education system""
Stakeholders' Summary (A/HRC/WG.6/52/DNK/3), para. 46 — Joint submission 2: ""a small proportion of reported cases of rape resulting in convictions, and a high number of suspected femicides in the first half of 2025"""
60.136,Ireland,noted,Conditions of detention,Restrict solitary confinement,B,"Partially implemented / steps taken, further action needed",Address the use of solitary confinement as a disciplinary measure in line with the recommendations of the European Committee for the Prevention of Torture and Inhuman or Degrading Treatment or Punishment,"A new disciplinary system (September 2023) substantially reduced long-term solitary confinement exceeding 14 days, but the law still allows up to 4 weeks in exceptional cases and up to 7 days for juveniles, and remand prisoners face de facto isolation.",A/HRC/WG.6/52/DNK/1 para. 80; A/HRC/WG.6/52/DNK/2 para. 18,"National Report (A/HRC/WG.6/52/DNK/1), para. 80 — Denmark: ""A new disciplinary penalty system entered into force in September 2023, which has led to ... a substantial decrease in long-term solitary confinement exceeding 14 days""
UN Compilation (A/HRC/WG.6/52/DNK/2), para. 18 — Committee against Torture: ""solitary confinement could last up to four weeks and was still allowed for juveniles"""
60.137,Norway,noted,Conditions of detention,Restrict solitary confinement,B,"Partially implemented / steps taken, further action needed","Abolish the use of solitary confinement on minors and ensure that its use as a disciplinary measure for inmates is in accordance with the United Nations Standard Minimum Rules for the Treatment of Prisoners (the Nelson Mandela Rules), as recommended by the European Committee for the Prevention of Torture and Inhuman or Degrading Treatment or Punishment","A new disciplinary system (September 2023) substantially reduced long-term solitary confinement exceeding 14 days, but the law still allows up to 4 weeks in exceptional cases and up to 7 days for juveniles, and remand prisoners face de facto isolation.",A/HRC/WG.6/52/DNK/1 para. 80; A/HRC/WG.6/52/DNK/2 para. 18,"National Report (A/HRC/WG.6/52/DNK/1), para. 80 — Denmark: ""A new disciplinary penalty system entered into force in September 2023, which has led to ... a substantial decrease in long-term solitary confinement exceeding 14 days""
UN Compilation (A/HRC/WG.6/52/DNK/2), para. 18 — Committee against Torture: ""solitary confinement could last up to four weeks and was still allowed for juveniles"""
60.138,Poland,noted,Children: juvenile justice,Restrict solitary confinement,B,"Partially implemented / steps taken, further action needed",Adopt legislation to completely abolish solitary confinement of children,"A new disciplinary system (September 2023) substantially reduced long-term solitary confinement exceeding 14 days, but the law still allows up to 4 weeks in exceptional cases and up to 7 days for juveniles, and remand prisoners face de facto isolation.",A/HRC/WG.6/52/DNK/1 para. 80; A/HRC/WG.6/52/DNK/2 para. 18,"National Report (A/HRC/WG.6/52/DNK/1), para. 80 — Denmark: ""A new disciplinary penalty system entered into force in September 2023, which has led to ... a substantial decrease in long-term solitary confinement exceeding 14 days""
UN Compilation (A/HRC/WG.6/52/DNK/2), para. 18 — Committee against Torture: ""solitary confinement could last up to four weeks and was still allowed for juveniles"""
60.139,Slovenia,noted,Children: juvenile justice,Restrict solitary confinement,B,"Partially implemented / steps taken, further action needed",Prohibit the use of solitary confinement for children within the criminal justice system,"A new disciplinary system (September 2023) substantially reduced long-term solitary confinement exceeding 14 days, but the law still allows up to 4 weeks in exceptional cases and up to 7 days for juveniles, and remand prisoners face de facto isolation.",A/HRC/WG.6/52/DNK/1 para. 80; A/HRC/WG.6/52/DNK/2 para. 18,"National Report (A/HRC/WG.6/52/DNK/1), para. 80 — Denmark: ""A new disciplinary penalty system entered into force in September 2023, which has led to ... a substantial decrease in long-term solitary confinement exceeding 14 days""
UN Compilation (A/HRC/WG.6/52/DNK/2), para. 18 — Committee against Torture: ""solitary confinement could last up to four weeks and was still allowed for juveniles"""
60.140,Sweden,noted,Conditions of detention,Restrict solitary confinement,B,"Partially implemented / steps taken, further action needed",Reduce the practice of solitary confinement exceeding 14 days in prisons and at Danish deportation/refugee centres from current levels,"A new disciplinary system (September 2023) substantially reduced long-term solitary confinement exceeding 14 days, but the law still allows up to 4 weeks in exceptional cases and up to 7 days for juveniles, and remand prisoners face de facto isolation.",A/HRC/WG.6/52/DNK/1 para. 80; A/HRC/WG.6/52/DNK/2 para. 18,"National Report (A/HRC/WG.6/52/DNK/1), para. 80 — Denmark: ""A new disciplinary penalty system entered into force in September 2023, which has led to ... a substantial decrease in long-term solitary confinement exceeding 14 days""
UN Compilation (A/HRC/WG.6/52/DNK/2), para. 18 — Committee against Torture: ""solitary confinement could last up to four weeks and was still allowed for juveniles"""
60.141,Bolivarian Republic of Venezuela,supported,Conditions of detention,Improve detention conditions; reduce pre-trial detention,B,"Partially implemented / steps taken, further action needed","Take measures against serious overcrowding in prisons, terrible prison conditions and the violation of inmates’ rights","A new disciplinary system (September 2023) reduced long-term solitary confinement over 14 days and prison capacity is being expanded, but CAT, the CPT and the DIHR report continuing overcrowding, extensive and lengthening pre-trial detention, and remand prisoners in de facto isolation up to 23 hours a day.",A/HRC/WG.6/52/DNK/1 para. 80; A/HRC/WG.6/52/DNK/3 para. 3; A/HRC/WG.6/52/DNK/2 para. 14,"National Report (A/HRC/WG.6/52/DNK/1), para. 80 — Denmark: ""A new disciplinary penalty system entered into force in September 2023, which has led to ... a substantial decrease in long-term solitary confinement exceeding 14 days""
Stakeholders' Summary (A/HRC/WG.6/52/DNK/3), para. 3 — Danish Institute for Human Rights: ""some detainees stayed in their cells close to 23 hours a day, often without access to meaningful activities and with restrictions on contact with the outside world""
UN Compilation (A/HRC/WG.6/52/DNK/2), para. 14 — Committee against Torture: ""a high proportion of remand detention and an increase in the duration of pretrial detention, with low usage of alternatives to detention"""
60.142,Romania,supported,"Freedom of thought, conscience & religion",Freedom of religion or belief,C,Not implemented / no relevant action taken,Further foster freedom of religion and belief,"The 2023 provision on 'improper treatment of objects with significant religious significance' has raised expression concerns, and the European Association of Jehovah's Witnesses reports unaddressed hate incidents; the National Report describes a 2025 revision of the Act on Religious Communities but no measure directly responsive to these recommendations.",A/HRC/WG.6/52/DNK/3 para. 35; A/HRC/WG.6/52/DNK/1 para. 84,"Stakeholders' Summary (A/HRC/WG.6/52/DNK/3), para. 35 — European Association of Jehovah's Witnesses: ""reports of hate incidents and acts of violence affecting Jehovah witnesses in Denmark, including in the context of the peaceful public manifestation of their beliefs""
National Report (A/HRC/WG.6/52/DNK/1), para. 84 — Denmark: ""The [Act on Religious Communities] was revised in 2025 ... The revision, which entered into force on January 1st, 2026, includes additional codification of existing practices"""
60.143,Haiti,supported,"Freedom of thought, conscience & religion",Freedom of religion or belief,C,Not implemented / no relevant action taken,Maintain the special status of the Evangelical Lutheran Church as the “Established Church of Denmark”,"The 2023 provision on 'improper treatment of objects with significant religious significance' has raised expression concerns, and the European Association of Jehovah's Witnesses reports unaddressed hate incidents; the National Report describes a 2025 revision of the Act on Religious Communities but no measure directly responsive to these recommendations.",A/HRC/WG.6/52/DNK/3 para. 35; A/HRC/WG.6/52/DNK/1 para. 84,"Stakeholders' Summary (A/HRC/WG.6/52/DNK/3), para. 35 — European Association of Jehovah's Witnesses: ""reports of hate incidents and acts of violence affecting Jehovah witnesses in Denmark, including in the context of the peaceful public manifestation of their beliefs""
National Report (A/HRC/WG.6/52/DNK/1), para. 84 — Denmark: ""The [Act on Religious Communities] was revised in 2025 ... The revision, which entered into force on January 1st, 2026, includes additional codification of existing practices"""
60.144,Nicaragua,supported,"Freedom of thought, conscience & religion",Freedom of religion or belief,C,Not implemented / no relevant action taken,"Ensure respect for personal freedoms, with an emphasis on religious freedom","The 2023 provision on 'improper treatment of objects with significant religious significance' has raised expression concerns, and the European Association of Jehovah's Witnesses reports unaddressed hate incidents; the National Report describes a 2025 revision of the Act on Religious Communities but no measure directly responsive to these recommendations.",A/HRC/WG.6/52/DNK/3 para. 35; A/HRC/WG.6/52/DNK/1 para. 84,"Stakeholders' Summary (A/HRC/WG.6/52/DNK/3), para. 35 — European Association of Jehovah's Witnesses: ""reports of hate incidents and acts of violence affecting Jehovah witnesses in Denmark, including in the context of the peaceful public manifestation of their beliefs""
National Report (A/HRC/WG.6/52/DNK/1), para. 84 — Denmark: ""The [Act on Religious Communities] was revised in 2025 ... The revision, which entered into force on January 1st, 2026, includes additional codification of existing practices"""
60.145,Pakistan,noted,"Freedom of thought, conscience & religion",Freedom of religion or belief,C,Not implemented / no relevant action taken,Amend legislation to abolish the ban on facial covering that is violative of international human rights law,"The 2023 provision on 'improper treatment of objects with significant religious significance' has raised expression concerns, and the European Association of Jehovah's Witnesses reports unaddressed hate incidents; the National Report describes a 2025 revision of the Act on Religious Communities but no measure directly responsive to these recommendations.",A/HRC/WG.6/52/DNK/3 para. 35; A/HRC/WG.6/52/DNK/1 para. 84,"Stakeholders' Summary (A/HRC/WG.6/52/DNK/3), para. 35 — European Association of Jehovah's Witnesses: ""reports of hate incidents and acts of violence affecting Jehovah witnesses in Denmark, including in the context of the peaceful public manifestation of their beliefs""
National Report (A/HRC/WG.6/52/DNK/1), para. 84 — Denmark: ""The [Act on Religious Communities] was revised in 2025 ... The revision, which entered into force on January 1st, 2026, includes additional codification of existing practices"""
60.146,United States of America,noted,"Freedom of thought, conscience & religion",Freedom of religion or belief,C,Not implemented / no relevant action taken,"Ensure members of religious minority groups are guaranteed the right to freedom of religion or belief, including by repealing the ban on full face coverings in public places and permitting kosher and halal slaughter of animals","The 2023 provision on 'improper treatment of objects with significant religious significance' has raised expression concerns, and the European Association of Jehovah's Witnesses reports unaddressed hate incidents; the National Report describes a 2025 revision of the Act on Religious Communities but no measure directly responsive to these recommendations.",A/HRC/WG.6/52/DNK/3 para. 35; A/HRC/WG.6/52/DNK/1 para. 84,"Stakeholders' Summary (A/HRC/WG.6/52/DNK/3), para. 35 — European Association of Jehovah's Witnesses: ""reports of hate incidents and acts of violence affecting Jehovah witnesses in Denmark, including in the context of the peaceful public manifestation of their beliefs""
National Report (A/HRC/WG.6/52/DNK/1), para. 84 — Denmark: ""The [Act on Religious Communities] was revised in 2025 ... The revision, which entered into force on January 1st, 2026, includes additional codification of existing practices"""
60.147,Canada,supported,Administration of justice & fair trial,Access to justice; police complaints; safeguards,C,Not implemented / no relevant action taken,Hold social media companies to account when illegal user-generated content is not addressed in a timely fashion,"CRPD reports persistent barriers to access to justice for persons with disabilities, and the DIHR calls for the Independent Police Complaints Authority's mandate to be expanded to assess human-rights violations; no responsive legislative change is reported.",A/HRC/WG.6/52/DNK/2 para. 21; A/HRC/WG.6/52/DNK/3 para. 4,"UN Compilation (A/HRC/WG.6/52/DNK/2), para. 21 — Committee on the Rights of Persons with Disabilities: ""barriers to access to justice for persons with disabilities, across Denmark, the Faroe Islands and Greenland, including the insufficient provision of procedural accommodation""
Stakeholders' Summary (A/HRC/WG.6/52/DNK/3), para. 4 — Danish Institute for Human Rights: ""expand the mandate of the Independent Police Complaints Authority to include assessing and deciding on whether individuals who file complaints against the police had been subjected to human rights violations"""
60.148,Iraq,supported,Human trafficking & contemporary forms of slavery,Combat trafficking in persons,B,"Partially implemented / steps taken, further action needed","Ensure full investigation in cases of human trafficking, including sexual exploitation, and bring to justice the perpetrators","Denmark adopted a National Action Plan to Combat Trafficking in Human Beings 2022-2025 (with a 2026-2029 plan in preparation) and established a Special Crime Unit; CAT, CEDAW and the DIHR report a persistently low number of investigations and convictions, a limited recovery and reflection period, and no independent national rapporteur.",A/HRC/WG.6/52/DNK/2 para. 30; A/HRC/WG.6/52/DNK/1 para. 73; A/HRC/WG.6/52/DNK/3 para. 8,"UN Compilation (A/HRC/WG.6/52/DNK/2), para. 30 — Committee against Torture: ""welcomed the adoption by Denmark of a National Action Plan to Combat Trafficking in Human Beings 2022-2025. However, it was concerned about the low number of investigations and convictions for trafficking in human beings and the limited recovery and reflection period for victims""
National Report (A/HRC/WG.6/52/DNK/1), para. 73 — Denmark: ""A new action plan against human trafficking for the period of 2026-2029 is under preparation""
Stakeholders' Summary (A/HRC/WG.6/52/DNK/3), para. 8 — Danish Institute for Human Rights: ""a low number of convictions for trafficking of human beings, while the number of persons exposed to trafficking had increased ... establish a permanent, independent National Rapporteur"""
60.149,Jordan,supported,Access to justice & remedy,Access to justice and effective remedies,C,Not implemented / no relevant action taken,Ensure that cases of human trafficking are effectively investigated and the perpetrators prosecuted and adequately punished,CRPD reports persistent barriers to access to justice for persons with disabilities and the DIHR seeks an expanded police-complaints mandate; no responsive change is reported.,A/HRC/WG.6/52/DNK/2 para. 21,"UN Compilation (A/HRC/WG.6/52/DNK/2), para. 21 — Committee on the Rights of Persons with Disabilities: ""barriers to access to justice for persons with disabilities ... insufficient provision of procedural accommodation in judicial and administrative proceedings"""
60.150,Nepal,supported,Human trafficking & contemporary forms of slavery,Combat trafficking in persons,B,"Partially implemented / steps taken, further action needed",Continue measures to prevent trafficking in persons,"Denmark adopted a National Action Plan to Combat Trafficking in Human Beings 2022-2025 (with a 2026-2029 plan in preparation) and established a Special Crime Unit; CAT, CEDAW and the DIHR report a persistently low number of investigations and convictions, a limited recovery and reflection period, and no independent national rapporteur.",A/HRC/WG.6/52/DNK/2 para. 30; A/HRC/WG.6/52/DNK/1 para. 73; A/HRC/WG.6/52/DNK/3 para. 8,"UN Compilation (A/HRC/WG.6/52/DNK/2), para. 30 — Committee against Torture: ""welcomed the adoption by Denmark of a National Action Plan to Combat Trafficking in Human Beings 2022-2025. However, it was concerned about the low number of investigations and convictions for trafficking in human beings and the limited recovery and reflection period for victims""
National Report (A/HRC/WG.6/52/DNK/1), para. 73 — Denmark: ""A new action plan against human trafficking for the period of 2026-2029 is under preparation""
Stakeholders' Summary (A/HRC/WG.6/52/DNK/3), para. 8 — Danish Institute for Human Rights: ""a low number of convictions for trafficking of human beings, while the number of persons exposed to trafficking had increased ... establish a permanent, independent National Rapporteur"""
60.151,Nigeria,supported,Human trafficking & contemporary forms of slavery,Combat trafficking in persons,B,"Partially implemented / steps taken, further action needed",Sustain efforts in combating human trafficking and ensure the protection of the rights of victims as well as the rights of migrants,"Denmark adopted a National Action Plan to Combat Trafficking in Human Beings 2022-2025 (with a 2026-2029 plan in preparation) and established a Special Crime Unit; CAT, CEDAW and the DIHR report a persistently low number of investigations and convictions, a limited recovery and reflection period, and no independent national rapporteur.",A/HRC/WG.6/52/DNK/2 para. 30; A/HRC/WG.6/52/DNK/1 para. 73; A/HRC/WG.6/52/DNK/3 para. 8,"UN Compilation (A/HRC/WG.6/52/DNK/2), para. 30 — Committee against Torture: ""welcomed the adoption by Denmark of a National Action Plan to Combat Trafficking in Human Beings 2022-2025. However, it was concerned about the low number of investigations and convictions for trafficking in human beings and the limited recovery and reflection period for victims""
National Report (A/HRC/WG.6/52/DNK/1), para. 73 — Denmark: ""A new action plan against human trafficking for the period of 2026-2029 is under preparation""
Stakeholders' Summary (A/HRC/WG.6/52/DNK/3), para. 8 — Danish Institute for Human Rights: ""a low number of convictions for trafficking of human beings, while the number of persons exposed to trafficking had increased ... establish a permanent, independent National Rapporteur"""
60.152,Qatar,supported,Human trafficking & contemporary forms of slavery,Combat trafficking in persons,B,"Partially implemented / steps taken, further action needed","Ensure just and comprehensive investigation of human trafficking cases, bring perpetrators to justice, ensure victims’ access to redress, and establish mechanisms to identify and protect child victims of trafficking","Denmark adopted a National Action Plan to Combat Trafficking in Human Beings 2022-2025 (with a 2026-2029 plan in preparation) and established a Special Crime Unit; CAT, CEDAW and the DIHR report a persistently low number of investigations and convictions, a limited recovery and reflection period, and no independent national rapporteur.",A/HRC/WG.6/52/DNK/2 para. 30; A/HRC/WG.6/52/DNK/1 para. 73; A/HRC/WG.6/52/DNK/3 para. 8,"UN Compilation (A/HRC/WG.6/52/DNK/2), para. 30 — Committee against Torture: ""welcomed the adoption by Denmark of a National Action Plan to Combat Trafficking in Human Beings 2022-2025. However, it was concerned about the low number of investigations and convictions for trafficking in human beings and the limited recovery and reflection period for victims""
National Report (A/HRC/WG.6/52/DNK/1), para. 73 — Denmark: ""A new action plan against human trafficking for the period of 2026-2029 is under preparation""
Stakeholders' Summary (A/HRC/WG.6/52/DNK/3), para. 8 — Danish Institute for Human Rights: ""a low number of convictions for trafficking of human beings, while the number of persons exposed to trafficking had increased ... establish a permanent, independent National Rapporteur"""
60.153,Liechtenstein,supported,Human trafficking & contemporary forms of slavery,Combat trafficking in persons,B,"Partially implemented / steps taken, further action needed","Strengthen its efforts to thoroughly investigate all cases of human trafficking, including trafficking in children, and ensure survivors’ access to justice and reparations","Denmark adopted a National Action Plan to Combat Trafficking in Human Beings 2022-2025 (with a 2026-2029 plan in preparation) and established a Special Crime Unit; CAT, CEDAW and the DIHR report a persistently low number of investigations and convictions, a limited recovery and reflection period, and no independent national rapporteur.",A/HRC/WG.6/52/DNK/2 para. 30; A/HRC/WG.6/52/DNK/1 para. 73; A/HRC/WG.6/52/DNK/3 para. 8,"UN Compilation (A/HRC/WG.6/52/DNK/2), para. 30 — Committee against Torture: ""welcomed the adoption by Denmark of a National Action Plan to Combat Trafficking in Human Beings 2022-2025. However, it was concerned about the low number of investigations and convictions for trafficking in human beings and the limited recovery and reflection period for victims""
National Report (A/HRC/WG.6/52/DNK/1), para. 73 — Denmark: ""A new action plan against human trafficking for the period of 2026-2029 is under preparation""
Stakeholders' Summary (A/HRC/WG.6/52/DNK/3), para. 8 — Danish Institute for Human Rights: ""a low number of convictions for trafficking of human beings, while the number of persons exposed to trafficking had increased ... establish a permanent, independent National Rapporteur"""
60.154,Serbia,noted,Human trafficking & contemporary forms of slavery,Combat trafficking in persons,B,"Partially implemented / steps taken, further action needed","Step up efforts to combat human trafficking and sexual exploitation, to establish mechanisms for the identification and protection of child victims of trafficking, to ensure that child victims are not treated as criminals, to provide free legal aid and professional psychological assistance to child victims and to ensure that children, after repatriation, have a guaranteed residence permit in Denmark","Denmark adopted a National Action Plan to Combat Trafficking in Human Beings 2022-2025 (with a 2026-2029 plan in preparation) and established a Special Crime Unit; CAT, CEDAW and the DIHR report a persistently low number of investigations and convictions, a limited recovery and reflection period, and no independent national rapporteur.",A/HRC/WG.6/52/DNK/2 para. 30; A/HRC/WG.6/52/DNK/1 para. 73; A/HRC/WG.6/52/DNK/3 para. 8,"UN Compilation (A/HRC/WG.6/52/DNK/2), para. 30 — Committee against Torture: ""welcomed the adoption by Denmark of a National Action Plan to Combat Trafficking in Human Beings 2022-2025. However, it was concerned about the low number of investigations and convictions for trafficking in human beings and the limited recovery and reflection period for victims""
National Report (A/HRC/WG.6/52/DNK/1), para. 73 — Denmark: ""A new action plan against human trafficking for the period of 2026-2029 is under preparation""
Stakeholders' Summary (A/HRC/WG.6/52/DNK/3), para. 8 — Danish Institute for Human Rights: ""a low number of convictions for trafficking of human beings, while the number of persons exposed to trafficking had increased ... establish a permanent, independent National Rapporteur"""
60.155,United Kingdom of Great Britain and Northern Ireland,supported,Human trafficking & contemporary forms of slavery,Combat trafficking in persons,B,"Partially implemented / steps taken, further action needed","Adopt a renewed action plan to combat trafficking in persons from 2022, prioritizing a victim-centred approach and prosecution of traffickers","Denmark adopted a National Action Plan to Combat Trafficking in Human Beings 2022-2025 (with a 2026-2029 plan in preparation) and established a Special Crime Unit; CAT, CEDAW and the DIHR report a persistently low number of investigations and convictions, a limited recovery and reflection period, and no independent national rapporteur.",A/HRC/WG.6/52/DNK/2 para. 30; A/HRC/WG.6/52/DNK/1 para. 73; A/HRC/WG.6/52/DNK/3 para. 8,"UN Compilation (A/HRC/WG.6/52/DNK/2), para. 30 — Committee against Torture: ""welcomed the adoption by Denmark of a National Action Plan to Combat Trafficking in Human Beings 2022-2025. However, it was concerned about the low number of investigations and convictions for trafficking in human beings and the limited recovery and reflection period for victims""
National Report (A/HRC/WG.6/52/DNK/1), para. 73 — Denmark: ""A new action plan against human trafficking for the period of 2026-2029 is under preparation""
Stakeholders' Summary (A/HRC/WG.6/52/DNK/3), para. 8 — Danish Institute for Human Rights: ""a low number of convictions for trafficking of human beings, while the number of persons exposed to trafficking had increased ... establish a permanent, independent National Rapporteur"""
60.156,Belarus,noted,Human trafficking & contemporary forms of slavery,Combat trafficking in persons,B,"Partially implemented / steps taken, further action needed","Ensure effective investigation and prosecution of crimes of trafficking in persons, especially in cases where the victims are asylum seekers, and review the conditions for granting residence permits to victims of trafficking in persons","Denmark adopted a National Action Plan to Combat Trafficking in Human Beings 2022-2025 (with a 2026-2029 plan in preparation) and established a Special Crime Unit; CAT, CEDAW and the DIHR report a persistently low number of investigations and convictions, a limited recovery and reflection period, and no independent national rapporteur.",A/HRC/WG.6/52/DNK/2 para. 30; A/HRC/WG.6/52/DNK/1 para. 73; A/HRC/WG.6/52/DNK/3 para. 8,"UN Compilation (A/HRC/WG.6/52/DNK/2), para. 30 — Committee against Torture: ""welcomed the adoption by Denmark of a National Action Plan to Combat Trafficking in Human Beings 2022-2025. However, it was concerned about the low number of investigations and convictions for trafficking in human beings and the limited recovery and reflection period for victims""
National Report (A/HRC/WG.6/52/DNK/1), para. 73 — Denmark: ""A new action plan against human trafficking for the period of 2026-2029 is under preparation""
Stakeholders' Summary (A/HRC/WG.6/52/DNK/3), para. 8 — Danish Institute for Human Rights: ""a low number of convictions for trafficking of human beings, while the number of persons exposed to trafficking had increased ... establish a permanent, independent National Rapporteur"""
60.157,Botswana,supported,Human trafficking & contemporary forms of slavery,Combat trafficking in persons,B,"Partially implemented / steps taken, further action needed","Strengthen mechanisms to protect and guard against trafficking in human beings, including sexual exploitation","Denmark adopted a National Action Plan to Combat Trafficking in Human Beings 2022-2025 (with a 2026-2029 plan in preparation) and established a Special Crime Unit; CAT, CEDAW and the DIHR report a persistently low number of investigations and convictions, a limited recovery and reflection period, and no independent national rapporteur.",A/HRC/WG.6/52/DNK/2 para. 30; A/HRC/WG.6/52/DNK/1 para. 73; A/HRC/WG.6/52/DNK/3 para. 8,"UN Compilation (A/HRC/WG.6/52/DNK/2), para. 30 — Committee against Torture: ""welcomed the adoption by Denmark of a National Action Plan to Combat Trafficking in Human Beings 2022-2025. However, it was concerned about the low number of investigations and convictions for trafficking in human beings and the limited recovery and reflection period for victims""
National Report (A/HRC/WG.6/52/DNK/1), para. 73 — Denmark: ""A new action plan against human trafficking for the period of 2026-2029 is under preparation""
Stakeholders' Summary (A/HRC/WG.6/52/DNK/3), para. 8 — Danish Institute for Human Rights: ""a low number of convictions for trafficking of human beings, while the number of persons exposed to trafficking had increased ... establish a permanent, independent National Rapporteur"""
60.158,China,supported,Human trafficking & contemporary forms of slavery,Combat trafficking in persons,B,"Partially implemented / steps taken, further action needed",Eliminate human trafficking by addressing its root causes,"Denmark adopted a National Action Plan to Combat Trafficking in Human Beings 2022-2025 (with a 2026-2029 plan in preparation) and established a Special Crime Unit; CAT, CEDAW and the DIHR report a persistently low number of investigations and convictions, a limited recovery and reflection period, and no independent national rapporteur.",A/HRC/WG.6/52/DNK/2 para. 30; A/HRC/WG.6/52/DNK/1 para. 73; A/HRC/WG.6/52/DNK/3 para. 8,"UN Compilation (A/HRC/WG.6/52/DNK/2), para. 30 — Committee against Torture: ""welcomed the adoption by Denmark of a National Action Plan to Combat Trafficking in Human Beings 2022-2025. However, it was concerned about the low number of investigations and convictions for trafficking in human beings and the limited recovery and reflection period for victims""
National Report (A/HRC/WG.6/52/DNK/1), para. 73 — Denmark: ""A new action plan against human trafficking for the period of 2026-2029 is under preparation""
Stakeholders' Summary (A/HRC/WG.6/52/DNK/3), para. 8 — Danish Institute for Human Rights: ""a low number of convictions for trafficking of human beings, while the number of persons exposed to trafficking had increased ... establish a permanent, independent National Rapporteur"""
60.159,Cuba,supported,Human trafficking & contemporary forms of slavery,Combat trafficking in persons,B,"Partially implemented / steps taken, further action needed","Take effective measures to prevent and suppress trafficking in persons for the purpose of exploitation, in particular among unaccompanied minors","Denmark adopted a National Action Plan to Combat Trafficking in Human Beings 2022-2025 (with a 2026-2029 plan in preparation) and established a Special Crime Unit; CAT, CEDAW and the DIHR report a persistently low number of investigations and convictions, a limited recovery and reflection period, and no independent national rapporteur.",A/HRC/WG.6/52/DNK/2 para. 30; A/HRC/WG.6/52/DNK/1 para. 73; A/HRC/WG.6/52/DNK/3 para. 8,"UN Compilation (A/HRC/WG.6/52/DNK/2), para. 30 — Committee against Torture: ""welcomed the adoption by Denmark of a National Action Plan to Combat Trafficking in Human Beings 2022-2025. However, it was concerned about the low number of investigations and convictions for trafficking in human beings and the limited recovery and reflection period for victims""
National Report (A/HRC/WG.6/52/DNK/1), para. 73 — Denmark: ""A new action plan against human trafficking for the period of 2026-2029 is under preparation""
Stakeholders' Summary (A/HRC/WG.6/52/DNK/3), para. 8 — Danish Institute for Human Rights: ""a low number of convictions for trafficking of human beings, while the number of persons exposed to trafficking had increased ... establish a permanent, independent National Rapporteur"""
60.160,Democratic People’s Republic of Korea,supported,Human trafficking & contemporary forms of slavery,Combat trafficking in persons,B,"Partially implemented / steps taken, further action needed","Ensure that cases of trafficking in human beings are thoroughly investigated, perpetrators are brought to justice and victims could have access to reparation","Denmark adopted a National Action Plan to Combat Trafficking in Human Beings 2022-2025 (with a 2026-2029 plan in preparation) and established a Special Crime Unit; CAT, CEDAW and the DIHR report a persistently low number of investigations and convictions, a limited recovery and reflection period, and no independent national rapporteur.",A/HRC/WG.6/52/DNK/2 para. 30; A/HRC/WG.6/52/DNK/1 para. 73; A/HRC/WG.6/52/DNK/3 para. 8,"UN Compilation (A/HRC/WG.6/52/DNK/2), para. 30 — Committee against Torture: ""welcomed the adoption by Denmark of a National Action Plan to Combat Trafficking in Human Beings 2022-2025. However, it was concerned about the low number of investigations and convictions for trafficking in human beings and the limited recovery and reflection period for victims""
National Report (A/HRC/WG.6/52/DNK/1), para. 73 — Denmark: ""A new action plan against human trafficking for the period of 2026-2029 is under preparation""
Stakeholders' Summary (A/HRC/WG.6/52/DNK/3), para. 8 — Danish Institute for Human Rights: ""a low number of convictions for trafficking of human beings, while the number of persons exposed to trafficking had increased ... establish a permanent, independent National Rapporteur"""
60.161,Philippines,supported,Human trafficking & contemporary forms of slavery,Combat trafficking in persons,B,"Partially implemented / steps taken, further action needed",Ensure that child victims of trafficking are not treated as offenders and are provided child- and gender-sensitive legal and psychosocial assistance and support,"Denmark adopted a National Action Plan to Combat Trafficking in Human Beings 2022-2025 (with a 2026-2029 plan in preparation) and established a Special Crime Unit; CAT, CEDAW and the DIHR report a persistently low number of investigations and convictions, a limited recovery and reflection period, and no independent national rapporteur.",A/HRC/WG.6/52/DNK/2 para. 30; A/HRC/WG.6/52/DNK/1 para. 73; A/HRC/WG.6/52/DNK/3 para. 8,"UN Compilation (A/HRC/WG.6/52/DNK/2), para. 30 — Committee against Torture: ""welcomed the adoption by Denmark of a National Action Plan to Combat Trafficking in Human Beings 2022-2025. However, it was concerned about the low number of investigations and convictions for trafficking in human beings and the limited recovery and reflection period for victims""
National Report (A/HRC/WG.6/52/DNK/1), para. 73 — Denmark: ""A new action plan against human trafficking for the period of 2026-2029 is under preparation""
Stakeholders' Summary (A/HRC/WG.6/52/DNK/3), para. 8 — Danish Institute for Human Rights: ""a low number of convictions for trafficking of human beings, while the number of persons exposed to trafficking had increased ... establish a permanent, independent National Rapporteur"""
60.162,Sudan,supported,Human trafficking & contemporary forms of slavery,Combat trafficking in persons,B,"Partially implemented / steps taken, further action needed",Consider establishing a national mechanism to identify and protect child victims of trafficking to ensure that child victims are not treated as offenders,"Denmark adopted a National Action Plan to Combat Trafficking in Human Beings 2022-2025 (with a 2026-2029 plan in preparation) and established a Special Crime Unit; CAT, CEDAW and the DIHR report a persistently low number of investigations and convictions, a limited recovery and reflection period, and no independent national rapporteur.",A/HRC/WG.6/52/DNK/2 para. 30; A/HRC/WG.6/52/DNK/1 para. 73; A/HRC/WG.6/52/DNK/3 para. 8,"UN Compilation (A/HRC/WG.6/52/DNK/2), para. 30 — Committee against Torture: ""welcomed the adoption by Denmark of a National Action Plan to Combat Trafficking in Human Beings 2022-2025. However, it was concerned about the low number of investigations and convictions for trafficking in human beings and the limited recovery and reflection period for victims""
National Report (A/HRC/WG.6/52/DNK/1), para. 73 — Denmark: ""A new action plan against human trafficking for the period of 2026-2029 is under preparation""
Stakeholders' Summary (A/HRC/WG.6/52/DNK/3), para. 8 — Danish Institute for Human Rights: ""a low number of convictions for trafficking of human beings, while the number of persons exposed to trafficking had increased ... establish a permanent, independent National Rapporteur"""
60.163,Zambia,supported,Human trafficking & contemporary forms of slavery,Combat trafficking in persons,B,"Partially implemented / steps taken, further action needed",Provide victims of child trafficking with free legal aid,"Denmark adopted a National Action Plan to Combat Trafficking in Human Beings 2022-2025 (with a 2026-2029 plan in preparation) and established a Special Crime Unit; CAT, CEDAW and the DIHR report a persistently low number of investigations and convictions, a limited recovery and reflection period, and no independent national rapporteur.",A/HRC/WG.6/52/DNK/2 para. 30; A/HRC/WG.6/52/DNK/1 para. 73; A/HRC/WG.6/52/DNK/3 para. 8,"UN Compilation (A/HRC/WG.6/52/DNK/2), para. 30 — Committee against Torture: ""welcomed the adoption by Denmark of a National Action Plan to Combat Trafficking in Human Beings 2022-2025. However, it was concerned about the low number of investigations and convictions for trafficking in human beings and the limited recovery and reflection period for victims""
National Report (A/HRC/WG.6/52/DNK/1), para. 73 — Denmark: ""A new action plan against human trafficking for the period of 2026-2029 is under preparation""
Stakeholders' Summary (A/HRC/WG.6/52/DNK/3), para. 8 — Danish Institute for Human Rights: ""a low number of convictions for trafficking of human beings, while the number of persons exposed to trafficking had increased ... establish a permanent, independent National Rapporteur"""
60.164,Croatia,supported,Human trafficking & contemporary forms of slavery,Combat trafficking in persons,B,"Partially implemented / steps taken, further action needed","Establish mechanisms to identify and protect child victims of trafficking, ensuring prevention of secondary victimization, and provide child victims with free legal aid, and support from child psychologists and social workers","Denmark adopted a National Action Plan to Combat Trafficking in Human Beings 2022-2025 (with a 2026-2029 plan in preparation) and established a Special Crime Unit; CAT, CEDAW and the DIHR report a persistently low number of investigations and convictions, a limited recovery and reflection period, and no independent national rapporteur.",A/HRC/WG.6/52/DNK/2 para. 30; A/HRC/WG.6/52/DNK/1 para. 73; A/HRC/WG.6/52/DNK/3 para. 8,"UN Compilation (A/HRC/WG.6/52/DNK/2), para. 30 — Committee against Torture: ""welcomed the adoption by Denmark of a National Action Plan to Combat Trafficking in Human Beings 2022-2025. However, it was concerned about the low number of investigations and convictions for trafficking in human beings and the limited recovery and reflection period for victims""
National Report (A/HRC/WG.6/52/DNK/1), para. 73 — Denmark: ""A new action plan against human trafficking for the period of 2026-2029 is under preparation""
Stakeholders' Summary (A/HRC/WG.6/52/DNK/3), para. 8 — Danish Institute for Human Rights: ""a low number of convictions for trafficking of human beings, while the number of persons exposed to trafficking had increased ... establish a permanent, independent National Rapporteur"""
60.165,Haiti,noted,Rights related to marriage & family,Family reunification,C,Not implemented / no relevant action taken,"Continue to support, through economic and social policies, the institution of the family and the preservation of family values","The Human Rights Committee and UNHCR call for amendment of the Aliens Act to reduce restrictions on family reunification for persons under temporary protection and to remove mandatory waiting periods; no such amendment is reported, though 2025 changes protect accompanying family members subjected to domestic violence.",A/HRC/WG.6/52/DNK/2 para. 29; A/HRC/WG.6/52/DNK/2 para. 28,"UN Compilation (A/HRC/WG.6/52/DNK/2), para. 29 — Human Rights Committee: ""asked Denmark to indicate the steps taken to amend the Aliens Act with a view to reducing restrictions on family reunification for persons under temporary protection status""
UN Compilation (A/HRC/WG.6/52/DNK/2), para. 28 — Office of the United Nations High Commissioner for Refugees: ""remove mandatory waiting periods for family reunification for all beneficiaries of international protection"""
60.166,Egypt,noted,Rights related to marriage & family,Family reunification,C,Not implemented / no relevant action taken,"Promote policies for supporting the family, as it is the fundamental and natural unit of society","The Human Rights Committee and UNHCR call for amendment of the Aliens Act to reduce restrictions on family reunification for persons under temporary protection and to remove mandatory waiting periods; no such amendment is reported, though 2025 changes protect accompanying family members subjected to domestic violence.",A/HRC/WG.6/52/DNK/2 para. 29; A/HRC/WG.6/52/DNK/2 para. 28,"UN Compilation (A/HRC/WG.6/52/DNK/2), para. 29 — Human Rights Committee: ""asked Denmark to indicate the steps taken to amend the Aliens Act with a view to reducing restrictions on family reunification for persons under temporary protection status""
UN Compilation (A/HRC/WG.6/52/DNK/2), para. 28 — Office of the United Nations High Commissioner for Refugees: ""remove mandatory waiting periods for family reunification for all beneficiaries of international protection"""
60.167,Thailand,noted,Labour rights and right to work,"Equal pay, ILO standards and labour-market inclusion",B,"Partially implemented / steps taken, further action needed","Legislate on conditions of work and welfare, so as to ensure that minimum standards are applicable to all workers, especially those from non-European countries","Denmark ratified ILO Convention No. 190 on violence and harassment at work (2024), is implementing the EU Pay Transparency Directive and adopted a 2025-2028 disability employment action plan; a 12.3 per cent gender pay gap persists and the employment rate of persons with disabilities remains lower than others.",A/HRC/WG.6/52/DNK/1 para. 8; A/HRC/WG.6/52/DNK/3 para. 47; A/HRC/WG.6/52/DNK/2 para. 32,"National Report (A/HRC/WG.6/52/DNK/1), para. 8 — Denmark: ""In 2024, Denmark ratified ILO convention number 190 concerning the elimination of violence and harassment in the world of work""
Stakeholders' Summary (A/HRC/WG.6/52/DNK/3), para. 47 — Institute for Protection of Women's Rights: ""the average Danish woman earned 12.3 percent less than the average Danish man in 2023, linked to occupational and hierarchical segregation""
UN Compilation (A/HRC/WG.6/52/DNK/2), para. 32 — Committee on the Rights of Persons with Disabilities: ""the employment rate of persons with disabilities was lower than that of others and recommended that Denmark adopt a long-term employment strategy"""
60.168,Luxembourg,noted,Labour rights and right to work,"Equal pay, ILO standards and labour-market inclusion",B,"Partially implemented / steps taken, further action needed","Take legislative measures related to conditions of work in order to guarantee that minimal standards apply to all workers, including those who are not covered by collective conventions","Denmark ratified ILO Convention No. 190 on violence and harassment at work (2024), is implementing the EU Pay Transparency Directive and adopted a 2025-2028 disability employment action plan; a 12.3 per cent gender pay gap persists and the employment rate of persons with disabilities remains lower than others.",A/HRC/WG.6/52/DNK/1 para. 8; A/HRC/WG.6/52/DNK/3 para. 47; A/HRC/WG.6/52/DNK/2 para. 32,"National Report (A/HRC/WG.6/52/DNK/1), para. 8 — Denmark: ""In 2024, Denmark ratified ILO convention number 190 concerning the elimination of violence and harassment in the world of work""
Stakeholders' Summary (A/HRC/WG.6/52/DNK/3), para. 47 — Institute for Protection of Women's Rights: ""the average Danish woman earned 12.3 percent less than the average Danish man in 2023, linked to occupational and hierarchical segregation""
UN Compilation (A/HRC/WG.6/52/DNK/2), para. 32 — Committee on the Rights of Persons with Disabilities: ""the employment rate of persons with disabilities was lower than that of others and recommended that Denmark adopt a long-term employment strategy"""
60.169,Cambodia,supported,Labour rights and right to work,"Equal pay, ILO standards and labour-market inclusion",B,"Partially implemented / steps taken, further action needed",Consider increasing access to employment and more support programmes for immigrants’ better integration into the labour market,"Denmark ratified ILO Convention No. 190 on violence and harassment at work (2024), is implementing the EU Pay Transparency Directive and adopted a 2025-2028 disability employment action plan; a 12.3 per cent gender pay gap persists and the employment rate of persons with disabilities remains lower than others.",A/HRC/WG.6/52/DNK/1 para. 8; A/HRC/WG.6/52/DNK/3 para. 47; A/HRC/WG.6/52/DNK/2 para. 32,"National Report (A/HRC/WG.6/52/DNK/1), para. 8 — Denmark: ""In 2024, Denmark ratified ILO convention number 190 concerning the elimination of violence and harassment in the world of work""
Stakeholders' Summary (A/HRC/WG.6/52/DNK/3), para. 47 — Institute for Protection of Women's Rights: ""the average Danish woman earned 12.3 percent less than the average Danish man in 2023, linked to occupational and hierarchical segregation""
UN Compilation (A/HRC/WG.6/52/DNK/2), para. 32 — Committee on the Rights of Persons with Disabilities: ""the employment rate of persons with disabilities was lower than that of others and recommended that Denmark adopt a long-term employment strategy"""
60.170,Iceland,supported,Labour rights and right to work,"Equal pay, ILO standards and labour-market inclusion",B,"Partially implemented / steps taken, further action needed",Enforce the principle of equal pay for work of equal value in order to narrow and ultimately close the gender pay gap,"Denmark ratified ILO Convention No. 190 on violence and harassment at work (2024), is implementing the EU Pay Transparency Directive and adopted a 2025-2028 disability employment action plan; a 12.3 per cent gender pay gap persists and the employment rate of persons with disabilities remains lower than others.",A/HRC/WG.6/52/DNK/1 para. 8; A/HRC/WG.6/52/DNK/3 para. 47; A/HRC/WG.6/52/DNK/2 para. 32,"National Report (A/HRC/WG.6/52/DNK/1), para. 8 — Denmark: ""In 2024, Denmark ratified ILO convention number 190 concerning the elimination of violence and harassment in the world of work""
Stakeholders' Summary (A/HRC/WG.6/52/DNK/3), para. 47 — Institute for Protection of Women's Rights: ""the average Danish woman earned 12.3 percent less than the average Danish man in 2023, linked to occupational and hierarchical segregation""
UN Compilation (A/HRC/WG.6/52/DNK/2), para. 32 — Committee on the Rights of Persons with Disabilities: ""the employment rate of persons with disabilities was lower than that of others and recommended that Denmark adopt a long-term employment strategy"""
60.171,Iraq,supported,Labour rights and right to work,"Equal pay, ILO standards and labour-market inclusion",B,"Partially implemented / steps taken, further action needed","Continue efforts to eliminate the wage gap between women and men, especially among women migrants","Denmark ratified ILO Convention No. 190 on violence and harassment at work (2024), is implementing the EU Pay Transparency Directive and adopted a 2025-2028 disability employment action plan; a 12.3 per cent gender pay gap persists and the employment rate of persons with disabilities remains lower than others.",A/HRC/WG.6/52/DNK/1 para. 8; A/HRC/WG.6/52/DNK/3 para. 47; A/HRC/WG.6/52/DNK/2 para. 32,"National Report (A/HRC/WG.6/52/DNK/1), para. 8 — Denmark: ""In 2024, Denmark ratified ILO convention number 190 concerning the elimination of violence and harassment in the world of work""
Stakeholders' Summary (A/HRC/WG.6/52/DNK/3), para. 47 — Institute for Protection of Women's Rights: ""the average Danish woman earned 12.3 percent less than the average Danish man in 2023, linked to occupational and hierarchical segregation""
UN Compilation (A/HRC/WG.6/52/DNK/2), para. 32 — Committee on the Rights of Persons with Disabilities: ""the employment rate of persons with disabilities was lower than that of others and recommended that Denmark adopt a long-term employment strategy"""
60.172,Kazakhstan,supported,Labour rights and right to work,"Equal pay, ILO standards and labour-market inclusion",B,"Partially implemented / steps taken, further action needed",Take necessary steps to bridge the pay gap to ensure transparency of difference in wages between the sexes,"Denmark ratified ILO Convention No. 190 on violence and harassment at work (2024), is implementing the EU Pay Transparency Directive and adopted a 2025-2028 disability employment action plan; a 12.3 per cent gender pay gap persists and the employment rate of persons with disabilities remains lower than others.",A/HRC/WG.6/52/DNK/1 para. 8; A/HRC/WG.6/52/DNK/3 para. 47; A/HRC/WG.6/52/DNK/2 para. 32,"National Report (A/HRC/WG.6/52/DNK/1), para. 8 — Denmark: ""In 2024, Denmark ratified ILO convention number 190 concerning the elimination of violence and harassment in the world of work""
Stakeholders' Summary (A/HRC/WG.6/52/DNK/3), para. 47 — Institute for Protection of Women's Rights: ""the average Danish woman earned 12.3 percent less than the average Danish man in 2023, linked to occupational and hierarchical segregation""
UN Compilation (A/HRC/WG.6/52/DNK/2), para. 32 — Committee on the Rights of Persons with Disabilities: ""the employment rate of persons with disabilities was lower than that of others and recommended that Denmark adopt a long-term employment strategy"""
60.173,Kazakhstan,supported,Equality & non-discrimination,Anti-discrimination framework; national action plan against racism,B,"Partially implemented / steps taken, further action needed",Develop comprehensive anti-discrimination legislation that prohibits differential treatment based on all grounds of discrimination,"Denmark has a broad anti-discrimination legal framework and in February 2025 adopted a National Action Plan against Racism with 36 initiatives, alongside successive action plans against antisemitism; CERD and stakeholders nonetheless report persistent gaps - no legislative prohibition of racial or ethnic profiling, weak hate-crime data, and a 2025 plan criticised for limited scope and for lacking a definition of racism.",A/HRC/WG.6/52/DNK/1 para. 112; A/HRC/WG.6/52/DNK/3 para. 21; A/HRC/WG.6/52/DNK/2 para. 9,"National Report (A/HRC/WG.6/52/DNK/1), para. 112 — Denmark: ""In February 2025, the Danish Government presented a national action plan against racism with 36 initiatives and the ambition to fight racism in a variety of areas in society""
Stakeholders' Summary (A/HRC/WG.6/52/DNK/3), para. 21 — Joint submission 1; Joint submission 2: ""welcomed the adoption of a national action plan against racism in February 2025. However, they were concerned that the plan had limitations in scope and lacked a clear definition of racism""
UN Compilation (A/HRC/WG.6/52/DNK/2), para. 9 — Committee on the Elimination of Racial Discrimination: ""expressed concern about the lack of a clear prohibition of racial profiling and of operational guidelines to combat racial profiling"""
60.174,Nepal,supported,Labour rights and right to work,"Equal pay, ILO standards and labour-market inclusion",B,"Partially implemented / steps taken, further action needed",Continue its efforts towards reducing the gender pay gap,"Denmark ratified ILO Convention No. 190 on violence and harassment at work (2024), is implementing the EU Pay Transparency Directive and adopted a 2025-2028 disability employment action plan; a 12.3 per cent gender pay gap persists and the employment rate of persons with disabilities remains lower than others.",A/HRC/WG.6/52/DNK/1 para. 8; A/HRC/WG.6/52/DNK/3 para. 47; A/HRC/WG.6/52/DNK/2 para. 32,"National Report (A/HRC/WG.6/52/DNK/1), para. 8 — Denmark: ""In 2024, Denmark ratified ILO convention number 190 concerning the elimination of violence and harassment in the world of work""
Stakeholders' Summary (A/HRC/WG.6/52/DNK/3), para. 47 — Institute for Protection of Women's Rights: ""the average Danish woman earned 12.3 percent less than the average Danish man in 2023, linked to occupational and hierarchical segregation""
UN Compilation (A/HRC/WG.6/52/DNK/2), para. 32 — Committee on the Rights of Persons with Disabilities: ""the employment rate of persons with disabilities was lower than that of others and recommended that Denmark adopt a long-term employment strategy"""
60.175,Netherlands,supported,Labour rights and right to work,"Equal pay, ILO standards and labour-market inclusion",B,"Partially implemented / steps taken, further action needed","Adopt measures to eliminate the gender pay gap, including legislative changes to ensure transparency about wages","Denmark ratified ILO Convention No. 190 on violence and harassment at work (2024), is implementing the EU Pay Transparency Directive and adopted a 2025-2028 disability employment action plan; a 12.3 per cent gender pay gap persists and the employment rate of persons with disabilities remains lower than others.",A/HRC/WG.6/52/DNK/1 para. 8; A/HRC/WG.6/52/DNK/3 para. 47; A/HRC/WG.6/52/DNK/2 para. 32,"National Report (A/HRC/WG.6/52/DNK/1), para. 8 — Denmark: ""In 2024, Denmark ratified ILO convention number 190 concerning the elimination of violence and harassment in the world of work""
Stakeholders' Summary (A/HRC/WG.6/52/DNK/3), para. 47 — Institute for Protection of Women's Rights: ""the average Danish woman earned 12.3 percent less than the average Danish man in 2023, linked to occupational and hierarchical segregation""
UN Compilation (A/HRC/WG.6/52/DNK/2), para. 32 — Committee on the Rights of Persons with Disabilities: ""the employment rate of persons with disabilities was lower than that of others and recommended that Denmark adopt a long-term employment strategy"""
60.176,South Africa,supported,Labour rights and right to work,"Equal pay, ILO standards and labour-market inclusion",B,"Partially implemented / steps taken, further action needed","Eliminate the gender wage gap, particularly for women with migration backgrounds","Denmark ratified ILO Convention No. 190 on violence and harassment at work (2024), is implementing the EU Pay Transparency Directive and adopted a 2025-2028 disability employment action plan; a 12.3 per cent gender pay gap persists and the employment rate of persons with disabilities remains lower than others.",A/HRC/WG.6/52/DNK/1 para. 8; A/HRC/WG.6/52/DNK/3 para. 47; A/HRC/WG.6/52/DNK/2 para. 32,"National Report (A/HRC/WG.6/52/DNK/1), para. 8 — Denmark: ""In 2024, Denmark ratified ILO convention number 190 concerning the elimination of violence and harassment in the world of work""
Stakeholders' Summary (A/HRC/WG.6/52/DNK/3), para. 47 — Institute for Protection of Women's Rights: ""the average Danish woman earned 12.3 percent less than the average Danish man in 2023, linked to occupational and hierarchical segregation""
UN Compilation (A/HRC/WG.6/52/DNK/2), para. 32 — Committee on the Rights of Persons with Disabilities: ""the employment rate of persons with disabilities was lower than that of others and recommended that Denmark adopt a long-term employment strategy"""
60.177,Uzbekistan,supported,Labour rights and right to work,"Equal pay, ILO standards and labour-market inclusion",B,"Partially implemented / steps taken, further action needed","Continue efforts to reduce the gender pay gap, which mainly affects women with migrant backgrounds","Denmark ratified ILO Convention No. 190 on violence and harassment at work (2024), is implementing the EU Pay Transparency Directive and adopted a 2025-2028 disability employment action plan; a 12.3 per cent gender pay gap persists and the employment rate of persons with disabilities remains lower than others.",A/HRC/WG.6/52/DNK/1 para. 8; A/HRC/WG.6/52/DNK/3 para. 47; A/HRC/WG.6/52/DNK/2 para. 32,"National Report (A/HRC/WG.6/52/DNK/1), para. 8 — Denmark: ""In 2024, Denmark ratified ILO convention number 190 concerning the elimination of violence and harassment in the world of work""
Stakeholders' Summary (A/HRC/WG.6/52/DNK/3), para. 47 — Institute for Protection of Women's Rights: ""the average Danish woman earned 12.3 percent less than the average Danish man in 2023, linked to occupational and hierarchical segregation""
UN Compilation (A/HRC/WG.6/52/DNK/2), para. 32 — Committee on the Rights of Persons with Disabilities: ""the employment rate of persons with disabilities was lower than that of others and recommended that Denmark adopt a long-term employment strategy"""
60.178,Peru,supported,Labour rights and right to work,"Equal pay, ILO standards and labour-market inclusion",B,"Partially implemented / steps taken, further action needed","Continue implementing programmes that promote women’s access to full-time employment under equal conditions, particularly for immigrant women","Denmark ratified ILO Convention No. 190 on violence and harassment at work (2024), is implementing the EU Pay Transparency Directive and adopted a 2025-2028 disability employment action plan; a 12.3 per cent gender pay gap persists and the employment rate of persons with disabilities remains lower than others.",A/HRC/WG.6/52/DNK/1 para. 8; A/HRC/WG.6/52/DNK/3 para. 47; A/HRC/WG.6/52/DNK/2 para. 32,"National Report (A/HRC/WG.6/52/DNK/1), para. 8 — Denmark: ""In 2024, Denmark ratified ILO convention number 190 concerning the elimination of violence and harassment in the world of work""
Stakeholders' Summary (A/HRC/WG.6/52/DNK/3), para. 47 — Institute for Protection of Women's Rights: ""the average Danish woman earned 12.3 percent less than the average Danish man in 2023, linked to occupational and hierarchical segregation""
UN Compilation (A/HRC/WG.6/52/DNK/2), para. 32 — Committee on the Rights of Persons with Disabilities: ""the employment rate of persons with disabilities was lower than that of others and recommended that Denmark adopt a long-term employment strategy"""
60.179,Togo,supported,Labour rights and right to work,"Equal pay, ILO standards and labour-market inclusion",B,"Partially implemented / steps taken, further action needed","Continue to promote equal access for women to employment and close the pay gap between women and men, paying particular attention to women with an immigrant background","Denmark ratified ILO Convention No. 190 on violence and harassment at work (2024), is implementing the EU Pay Transparency Directive and adopted a 2025-2028 disability employment action plan; a 12.3 per cent gender pay gap persists and the employment rate of persons with disabilities remains lower than others.",A/HRC/WG.6/52/DNK/1 para. 8; A/HRC/WG.6/52/DNK/3 para. 47; A/HRC/WG.6/52/DNK/2 para. 32,"National Report (A/HRC/WG.6/52/DNK/1), para. 8 — Denmark: ""In 2024, Denmark ratified ILO convention number 190 concerning the elimination of violence and harassment in the world of work""
Stakeholders' Summary (A/HRC/WG.6/52/DNK/3), para. 47 — Institute for Protection of Women's Rights: ""the average Danish woman earned 12.3 percent less than the average Danish man in 2023, linked to occupational and hierarchical segregation""
UN Compilation (A/HRC/WG.6/52/DNK/2), para. 32 — Committee on the Rights of Persons with Disabilities: ""the employment rate of persons with disabilities was lower than that of others and recommended that Denmark adopt a long-term employment strategy"""
60.180,Uganda,supported,Labour rights and right to work,"Equal pay, ILO standards and labour-market inclusion",B,"Partially implemented / steps taken, further action needed",Continue to promote immigrant women’s equal access to full-time employment and equal pay on the labour market,"Denmark ratified ILO Convention No. 190 on violence and harassment at work (2024), is implementing the EU Pay Transparency Directive and adopted a 2025-2028 disability employment action plan; a 12.3 per cent gender pay gap persists and the employment rate of persons with disabilities remains lower than others.",A/HRC/WG.6/52/DNK/1 para. 8; A/HRC/WG.6/52/DNK/3 para. 47; A/HRC/WG.6/52/DNK/2 para. 32,"National Report (A/HRC/WG.6/52/DNK/1), para. 8 — Denmark: ""In 2024, Denmark ratified ILO convention number 190 concerning the elimination of violence and harassment in the world of work""
Stakeholders' Summary (A/HRC/WG.6/52/DNK/3), para. 47 — Institute for Protection of Women's Rights: ""the average Danish woman earned 12.3 percent less than the average Danish man in 2023, linked to occupational and hierarchical segregation""
UN Compilation (A/HRC/WG.6/52/DNK/2), para. 32 — Committee on the Rights of Persons with Disabilities: ""the employment rate of persons with disabilities was lower than that of others and recommended that Denmark adopt a long-term employment strategy"""
60.181,Zambia,supported,Labour rights and right to work,"Equal pay, ILO standards and labour-market inclusion",B,"Partially implemented / steps taken, further action needed","Continue to promote women’s equal access to full-time employment in all parts of its territory and to eliminate the gender wage gap, particularly for women with immigration backgrounds","Denmark ratified ILO Convention No. 190 on violence and harassment at work (2024), is implementing the EU Pay Transparency Directive and adopted a 2025-2028 disability employment action plan; a 12.3 per cent gender pay gap persists and the employment rate of persons with disabilities remains lower than others.",A/HRC/WG.6/52/DNK/1 para. 8; A/HRC/WG.6/52/DNK/3 para. 47; A/HRC/WG.6/52/DNK/2 para. 32,"National Report (A/HRC/WG.6/52/DNK/1), para. 8 — Denmark: ""In 2024, Denmark ratified ILO convention number 190 concerning the elimination of violence and harassment in the world of work""
Stakeholders' Summary (A/HRC/WG.6/52/DNK/3), para. 47 — Institute for Protection of Women's Rights: ""the average Danish woman earned 12.3 percent less than the average Danish man in 2023, linked to occupational and hierarchical segregation""
UN Compilation (A/HRC/WG.6/52/DNK/2), para. 32 — Committee on the Rights of Persons with Disabilities: ""the employment rate of persons with disabilities was lower than that of others and recommended that Denmark adopt a long-term employment strategy"""
60.182,Czechia,supported,Human rights & poverty,"Combat poverty, including child poverty",C,Not implemented / no relevant action taken,"Reintroduce the national poverty threshold and take active steps to combat increasing poverty among vulnerable individuals, such as children living in Greenland","Denmark maintains an extensive social-protection system but has no official poverty definition and does not intend to adopt one; JS2 reports roughly 49,500 people in poverty and a benefit reform reducing income for an estimated 11,000 children, and calls for a national child-poverty action plan.",A/HRC/WG.6/52/DNK/1 para. 101; A/HRC/WG.6/52/DNK/3 para. 38,"National Report (A/HRC/WG.6/52/DNK/1), para. 101 — Denmark: ""There is no official poverty definition in Denmark. The Government does not intend to introduce an official definition of poverty""
Stakeholders' Summary (A/HRC/WG.6/52/DNK/3), para. 38 — Joint submission 2: ""49,500 persons lived in poverty and the social benefit reform would reduce income for an estimated 11,000 children ... initiate a national action plan to combat child poverty"""
60.183,Austria,supported,Human rights & poverty,"Combat poverty, including child poverty",C,Not implemented / no relevant action taken,"Take steps to reduce child poverty and social exclusion of children, with a particular focus on Greenland and the Faroe Islands, as well as children with a foreign background","Denmark maintains an extensive social-protection system but has no official poverty definition and does not intend to adopt one; JS2 reports roughly 49,500 people in poverty and a benefit reform reducing income for an estimated 11,000 children, and calls for a national child-poverty action plan.",A/HRC/WG.6/52/DNK/1 para. 101; A/HRC/WG.6/52/DNK/3 para. 38,"National Report (A/HRC/WG.6/52/DNK/1), para. 101 — Denmark: ""There is no official poverty definition in Denmark. The Government does not intend to introduce an official definition of poverty""
Stakeholders' Summary (A/HRC/WG.6/52/DNK/3), para. 38 — Joint submission 2: ""49,500 persons lived in poverty and the social benefit reform would reduce income for an estimated 11,000 children ... initiate a national action plan to combat child poverty"""
60.184,Bahamas,supported,Human rights & poverty,"Combat poverty, including child poverty",C,Not implemented / no relevant action taken,"Take measures to combat increasing levels of child poverty, particularly among children with ethnic backgrounds","Denmark maintains an extensive social-protection system but has no official poverty definition and does not intend to adopt one; JS2 reports roughly 49,500 people in poverty and a benefit reform reducing income for an estimated 11,000 children, and calls for a national child-poverty action plan.",A/HRC/WG.6/52/DNK/1 para. 101; A/HRC/WG.6/52/DNK/3 para. 38,"National Report (A/HRC/WG.6/52/DNK/1), para. 101 — Denmark: ""There is no official poverty definition in Denmark. The Government does not intend to introduce an official definition of poverty""
Stakeholders' Summary (A/HRC/WG.6/52/DNK/3), para. 38 — Joint submission 2: ""49,500 persons lived in poverty and the social benefit reform would reduce income for an estimated 11,000 children ... initiate a national action plan to combat child poverty"""
60.185,Rwanda,supported,Right to adequate housing,Right to housing; homelessness,B,"Partially implemented / steps taken, further action needed",Develop and implement a national action plan to combat homelessness and provide long-term solutions and support social reintegration of homeless people,'Housing First' has guided Danish homelessness policy since 2009 and key elements were placed in legislation in October 2023; but CERD and civil society find the 'Parallel Society'/'Ghetto' laws drive housing insecurity and demolition of social housing for residents of 'non-Western' background.,A/HRC/WG.6/52/DNK/1 para. 106; A/HRC/WG.6/52/DNK/3 para. 25,"National Report (A/HRC/WG.6/52/DNK/1), para. 106 — Denmark: ""Since October 2023, key elements of Housing First have been part of national Danish legislation. The main goals are significantly decreasing the number of persons in homelessness and ending long-term homelessness""
Stakeholders' Summary (A/HRC/WG.6/52/DNK/3), para. 25 — Maat Foundation for Peace, Development and Human Rights: ""the Parallel Society Act ... was leading to the reduction or demolition of social housing and the termination of rental contracts, resulting in housing insecurity"""
60.186,Singapore,supported,Equality & non-discrimination,Repeal the 'Parallel Society' / 'Ghetto' laws,C,Not implemented / no relevant action taken,"Review its social housing policies, including the use of derogatory and exclusionary terms such as “non-Western” and “ghetto”, to ensure that there is no inherent discrimination in efforts to enhance social inclusion and provide universal access to adequate housing",CERD and civil society call for repeal of the discriminatory 'non-Western'/'Parallel Society' provisions; Denmark has renamed the terminology but retained the framework.,A/HRC/WG.6/52/DNK/2 para. 7; A/HRC/WG.6/52/DNK/1 para. 105,"UN Compilation (A/HRC/WG.6/52/DNK/2), para. 7 — Committee on the Elimination of Racial Discrimination: ""the laws previously known as the 'Ghetto Package' had a discriminatory impact on ethnic minorities ... (b) repeal discriminatory provisions""
National Report (A/HRC/WG.6/52/DNK/1), para. 105 — Denmark: ""A political agreement has been reached to change the term 'ghetto' ... to 'parallel societies' and 'areas of transformation'"""
60.187,Sri Lanka,supported,Right to adequate housing,Right to housing; homelessness,B,"Partially implemented / steps taken, further action needed",Enhance measures to ensure that evictions and rehousing respect human rights standards,'Housing First' has guided Danish homelessness policy since 2009 and key elements were placed in legislation in October 2023; but CERD and civil society find the 'Parallel Society'/'Ghetto' laws drive housing insecurity and demolition of social housing for residents of 'non-Western' background.,A/HRC/WG.6/52/DNK/1 para. 106; A/HRC/WG.6/52/DNK/3 para. 25,"National Report (A/HRC/WG.6/52/DNK/1), para. 106 — Denmark: ""Since October 2023, key elements of Housing First have been part of national Danish legislation. The main goals are significantly decreasing the number of persons in homelessness and ending long-term homelessness""
Stakeholders' Summary (A/HRC/WG.6/52/DNK/3), para. 25 — Maat Foundation for Peace, Development and Human Rights: ""the Parallel Society Act ... was leading to the reduction or demolition of social housing and the termination of rental contracts, resulting in housing insecurity"""
60.188,Togo,supported,Equality & non-discrimination,Repeal the 'Parallel Society' / 'Ghetto' laws,C,Not implemented / no relevant action taken,"Involve, as part of the implementation of the action plan against the emergence of “parallel societies”, the people concerned and the resident populations in the design of plans and policies",CERD and civil society call for repeal of the discriminatory 'non-Western'/'Parallel Society' provisions; Denmark has renamed the terminology but retained the framework.,A/HRC/WG.6/52/DNK/2 para. 7; A/HRC/WG.6/52/DNK/1 para. 105,"UN Compilation (A/HRC/WG.6/52/DNK/2), para. 7 — Committee on the Elimination of Racial Discrimination: ""the laws previously known as the 'Ghetto Package' had a discriminatory impact on ethnic minorities ... (b) repeal discriminatory provisions""
National Report (A/HRC/WG.6/52/DNK/1), para. 105 — Denmark: ""A political agreement has been reached to change the term 'ghetto' ... to 'parallel societies' and 'areas of transformation'"""
60.189,Australia,noted,Equality & non-discrimination,Repeal the 'Parallel Society' / 'Ghetto' laws,C,Not implemented / no relevant action taken,"Repeal provisions in Regulation L38 and the Act on Policing section 6 (a), which designate so-called “ghettos” and which allow for discrimination based on ethnicity for social housing and law enforcement",CERD and civil society call for repeal of the discriminatory 'non-Western'/'Parallel Society' provisions; Denmark has renamed the terminology but retained the framework.,A/HRC/WG.6/52/DNK/2 para. 7; A/HRC/WG.6/52/DNK/1 para. 105,"UN Compilation (A/HRC/WG.6/52/DNK/2), para. 7 — Committee on the Elimination of Racial Discrimination: ""the laws previously known as the 'Ghetto Package' had a discriminatory impact on ethnic minorities ... (b) repeal discriminatory provisions""
National Report (A/HRC/WG.6/52/DNK/1), para. 105 — Denmark: ""A political agreement has been reached to change the term 'ghetto' ... to 'parallel societies' and 'areas of transformation'"""
60.190,Cambodia,supported,Right to adequate housing,Right to housing; homelessness,B,"Partially implemented / steps taken, further action needed",Consider taking additional measures to uphold the right to adequate housing on a non-discriminatory basis,'Housing First' has guided Danish homelessness policy since 2009 and key elements were placed in legislation in October 2023; but CERD and civil society find the 'Parallel Society'/'Ghetto' laws drive housing insecurity and demolition of social housing for residents of 'non-Western' background.,A/HRC/WG.6/52/DNK/1 para. 106; A/HRC/WG.6/52/DNK/3 para. 25,"National Report (A/HRC/WG.6/52/DNK/1), para. 106 — Denmark: ""Since October 2023, key elements of Housing First have been part of national Danish legislation. The main goals are significantly decreasing the number of persons in homelessness and ending long-term homelessness""
Stakeholders' Summary (A/HRC/WG.6/52/DNK/3), para. 25 — Maat Foundation for Peace, Development and Human Rights: ""the Parallel Society Act ... was leading to the reduction or demolition of social housing and the termination of rental contracts, resulting in housing insecurity"""
60.191,Canada,supported,Equality & non-discrimination,Anti-discrimination framework; national action plan against racism,B,"Partially implemented / steps taken, further action needed",Refrain from using ethnic background as the basis for national housing policies,"Denmark has a broad anti-discrimination legal framework and in February 2025 adopted a National Action Plan against Racism with 36 initiatives, alongside successive action plans against antisemitism; CERD and stakeholders nonetheless report persistent gaps - no legislative prohibition of racial or ethnic profiling, weak hate-crime data, and a 2025 plan criticised for limited scope and for lacking a definition of racism.",A/HRC/WG.6/52/DNK/1 para. 112; A/HRC/WG.6/52/DNK/3 para. 21; A/HRC/WG.6/52/DNK/2 para. 9,"National Report (A/HRC/WG.6/52/DNK/1), para. 112 — Denmark: ""In February 2025, the Danish Government presented a national action plan against racism with 36 initiatives and the ambition to fight racism in a variety of areas in society""
Stakeholders' Summary (A/HRC/WG.6/52/DNK/3), para. 21 — Joint submission 1; Joint submission 2: ""welcomed the adoption of a national action plan against racism in February 2025. However, they were concerned that the plan had limitations in scope and lacked a clear definition of racism""
UN Compilation (A/HRC/WG.6/52/DNK/2), para. 9 — Committee on the Elimination of Racial Discrimination: ""expressed concern about the lack of a clear prohibition of racial profiling and of operational guidelines to combat racial profiling"""
60.192,Malta,supported,Right to adequate housing,Right to housing; homelessness,B,"Partially implemented / steps taken, further action needed","Ensure that any urban regeneration and other programmes that impact housing are non-discriminatory, uphold the right to adequate housing and do not result in forced evictions, homelessness and situations where people are forced to live in inadequate housing",'Housing First' has guided Danish homelessness policy since 2009 and key elements were placed in legislation in October 2023; but CERD and civil society find the 'Parallel Society'/'Ghetto' laws drive housing insecurity and demolition of social housing for residents of 'non-Western' background.,A/HRC/WG.6/52/DNK/1 para. 106; A/HRC/WG.6/52/DNK/3 para. 25,"National Report (A/HRC/WG.6/52/DNK/1), para. 106 — Denmark: ""Since October 2023, key elements of Housing First have been part of national Danish legislation. The main goals are significantly decreasing the number of persons in homelessness and ending long-term homelessness""
Stakeholders' Summary (A/HRC/WG.6/52/DNK/3), para. 25 — Maat Foundation for Peace, Development and Human Rights: ""the Parallel Society Act ... was leading to the reduction or demolition of social housing and the termination of rental contracts, resulting in housing insecurity"""
60.193,Finland,supported,Right to adequate housing,Right to housing; homelessness,B,"Partially implemented / steps taken, further action needed","Increase the stock of affordable and adequate public housing units by means of higher public investments and a better regulatory framework for private investors, and ensure the absence of discrimination when solving social inclusion and housing issues",'Housing First' has guided Danish homelessness policy since 2009 and key elements were placed in legislation in October 2023; but CERD and civil society find the 'Parallel Society'/'Ghetto' laws drive housing insecurity and demolition of social housing for residents of 'non-Western' background.,A/HRC/WG.6/52/DNK/1 para. 106; A/HRC/WG.6/52/DNK/3 para. 25,"National Report (A/HRC/WG.6/52/DNK/1), para. 106 — Denmark: ""Since October 2023, key elements of Housing First have been part of national Danish legislation. The main goals are significantly decreasing the number of persons in homelessness and ending long-term homelessness""
Stakeholders' Summary (A/HRC/WG.6/52/DNK/3), para. 25 — Maat Foundation for Peace, Development and Human Rights: ""the Parallel Society Act ... was leading to the reduction or demolition of social housing and the termination of rental contracts, resulting in housing insecurity"""
60.194,Sri Lanka,noted,Right to health,Access to health care; psychiatric coercion; Greenland,B,"Partially implemented / steps taken, further action needed","Further strengthen efforts to promote access to health care by children and women, particularly those in irregular situations","All residents have free access to public healthcare and Denmark adopted a 10-year psychiatry plan (2025) targeting a 30 per cent cut in coercive measures by 2030; CRPD and JS2 report coercion in psychiatric care remains high with the enabling legal changes not due before 2027, and CEDAW/DIHR flag unaddressed health gaps in Greenland (abortion rate, sexually transmitted infections, suicide).",A/HRC/WG.6/52/DNK/1 para. 87; A/HRC/WG.6/52/DNK/3 para. 27; A/HRC/WG.6/52/DNK/2 para. 57,"National Report (A/HRC/WG.6/52/DNK/1), para. 87 — Denmark: ""The most recent comprehensive political agreement from May 2025 ... contribute to the new and ambitious goal to reduce coercive measures by 30% by 2030""
Stakeholders' Summary (A/HRC/WG.6/52/DNK/3), para. 27 — Joint submission 2: ""coercive measures continued to be excessively used in psychiatric institutions and that the 10-year plan adopted in 2025 ... lacked a necessary preventive approach""
UN Compilation (A/HRC/WG.6/52/DNK/2), para. 57 — Committee on the Elimination of Discrimination against Women: ""the high prevalence of suicide and suicide attempts in Greenland and recommended that Denmark collect comprehensive data on the causes and address them"""
60.195,Timor-Leste,noted,Right to health,Access to health care; psychiatric coercion; Greenland,B,"Partially implemented / steps taken, further action needed",Redouble its efforts to ensure that children and women in irregular situations have access to free health care,"All residents have free access to public healthcare and Denmark adopted a 10-year psychiatry plan (2025) targeting a 30 per cent cut in coercive measures by 2030; CRPD and JS2 report coercion in psychiatric care remains high with the enabling legal changes not due before 2027, and CEDAW/DIHR flag unaddressed health gaps in Greenland (abortion rate, sexually transmitted infections, suicide).",A/HRC/WG.6/52/DNK/1 para. 87; A/HRC/WG.6/52/DNK/3 para. 27; A/HRC/WG.6/52/DNK/2 para. 57,"National Report (A/HRC/WG.6/52/DNK/1), para. 87 — Denmark: ""The most recent comprehensive political agreement from May 2025 ... contribute to the new and ambitious goal to reduce coercive measures by 30% by 2030""
Stakeholders' Summary (A/HRC/WG.6/52/DNK/3), para. 27 — Joint submission 2: ""coercive measures continued to be excessively used in psychiatric institutions and that the 10-year plan adopted in 2025 ... lacked a necessary preventive approach""
UN Compilation (A/HRC/WG.6/52/DNK/2), para. 57 — Committee on the Elimination of Discrimination against Women: ""the high prevalence of suicide and suicide attempts in Greenland and recommended that Denmark collect comprehensive data on the causes and address them"""
60.196,Algeria,noted,Right to health,Access to health care; psychiatric coercion; Greenland,B,"Partially implemented / steps taken, further action needed",Consider facilitating the access of children and women in an irregular situation to free health care,"All residents have free access to public healthcare and Denmark adopted a 10-year psychiatry plan (2025) targeting a 30 per cent cut in coercive measures by 2030; CRPD and JS2 report coercion in psychiatric care remains high with the enabling legal changes not due before 2027, and CEDAW/DIHR flag unaddressed health gaps in Greenland (abortion rate, sexually transmitted infections, suicide).",A/HRC/WG.6/52/DNK/1 para. 87; A/HRC/WG.6/52/DNK/3 para. 27; A/HRC/WG.6/52/DNK/2 para. 57,"National Report (A/HRC/WG.6/52/DNK/1), para. 87 — Denmark: ""The most recent comprehensive political agreement from May 2025 ... contribute to the new and ambitious goal to reduce coercive measures by 30% by 2030""
Stakeholders' Summary (A/HRC/WG.6/52/DNK/3), para. 27 — Joint submission 2: ""coercive measures continued to be excessively used in psychiatric institutions and that the 10-year plan adopted in 2025 ... lacked a necessary preventive approach""
UN Compilation (A/HRC/WG.6/52/DNK/2), para. 57 — Committee on the Elimination of Discrimination against Women: ""the high prevalence of suicide and suicide attempts in Greenland and recommended that Denmark collect comprehensive data on the causes and address them"""
60.197,Australia,supported,Right to health,Access to health care; psychiatric coercion; Greenland,B,"Partially implemented / steps taken, further action needed","Ensure equal access to health care and essential services for persons with an ethnic minority background, including through the provision of quality, affordable translation and interpretation services","All residents have free access to public healthcare and Denmark adopted a 10-year psychiatry plan (2025) targeting a 30 per cent cut in coercive measures by 2030; CRPD and JS2 report coercion in psychiatric care remains high with the enabling legal changes not due before 2027, and CEDAW/DIHR flag unaddressed health gaps in Greenland (abortion rate, sexually transmitted infections, suicide).",A/HRC/WG.6/52/DNK/1 para. 87; A/HRC/WG.6/52/DNK/3 para. 27; A/HRC/WG.6/52/DNK/2 para. 57,"National Report (A/HRC/WG.6/52/DNK/1), para. 87 — Denmark: ""The most recent comprehensive political agreement from May 2025 ... contribute to the new and ambitious goal to reduce coercive measures by 30% by 2030""
Stakeholders' Summary (A/HRC/WG.6/52/DNK/3), para. 27 — Joint submission 2: ""coercive measures continued to be excessively used in psychiatric institutions and that the 10-year plan adopted in 2025 ... lacked a necessary preventive approach""
UN Compilation (A/HRC/WG.6/52/DNK/2), para. 57 — Committee on the Elimination of Discrimination against Women: ""the high prevalence of suicide and suicide attempts in Greenland and recommended that Denmark collect comprehensive data on the causes and address them"""
60.198,Bangladesh,noted,Right to health,Access to health care; psychiatric coercion; Greenland,B,"Partially implemented / steps taken, further action needed","Step up efforts to ensure free and complete health care by all migrants, irrespective of their residence status","All residents have free access to public healthcare and Denmark adopted a 10-year psychiatry plan (2025) targeting a 30 per cent cut in coercive measures by 2030; CRPD and JS2 report coercion in psychiatric care remains high with the enabling legal changes not due before 2027, and CEDAW/DIHR flag unaddressed health gaps in Greenland (abortion rate, sexually transmitted infections, suicide).",A/HRC/WG.6/52/DNK/1 para. 87; A/HRC/WG.6/52/DNK/3 para. 27; A/HRC/WG.6/52/DNK/2 para. 57,"National Report (A/HRC/WG.6/52/DNK/1), para. 87 — Denmark: ""The most recent comprehensive political agreement from May 2025 ... contribute to the new and ambitious goal to reduce coercive measures by 30% by 2030""
Stakeholders' Summary (A/HRC/WG.6/52/DNK/3), para. 27 — Joint submission 2: ""coercive measures continued to be excessively used in psychiatric institutions and that the 10-year plan adopted in 2025 ... lacked a necessary preventive approach""
UN Compilation (A/HRC/WG.6/52/DNK/2), para. 57 — Committee on the Elimination of Discrimination against Women: ""the high prevalence of suicide and suicide attempts in Greenland and recommended that Denmark collect comprehensive data on the causes and address them"""
60.199,Islamic Republic of Iran,noted,Right to health,Access to health care; psychiatric coercion; Greenland,B,"Partially implemented / steps taken, further action needed",Take necessary legislative and administrative measures to ensure access by homeless and unregistered migrants to health services without any discrimination,"All residents have free access to public healthcare and Denmark adopted a 10-year psychiatry plan (2025) targeting a 30 per cent cut in coercive measures by 2030; CRPD and JS2 report coercion in psychiatric care remains high with the enabling legal changes not due before 2027, and CEDAW/DIHR flag unaddressed health gaps in Greenland (abortion rate, sexually transmitted infections, suicide).",A/HRC/WG.6/52/DNK/1 para. 87; A/HRC/WG.6/52/DNK/3 para. 27; A/HRC/WG.6/52/DNK/2 para. 57,"National Report (A/HRC/WG.6/52/DNK/1), para. 87 — Denmark: ""The most recent comprehensive political agreement from May 2025 ... contribute to the new and ambitious goal to reduce coercive measures by 30% by 2030""
Stakeholders' Summary (A/HRC/WG.6/52/DNK/3), para. 27 — Joint submission 2: ""coercive measures continued to be excessively used in psychiatric institutions and that the 10-year plan adopted in 2025 ... lacked a necessary preventive approach""
UN Compilation (A/HRC/WG.6/52/DNK/2), para. 57 — Committee on the Elimination of Discrimination against Women: ""the high prevalence of suicide and suicide attempts in Greenland and recommended that Denmark collect comprehensive data on the causes and address them"""
60.200,Cambodia,noted,Right to health,Access to health care; psychiatric coercion; Greenland,B,"Partially implemented / steps taken, further action needed","Encourage eliminating obstacles and ensuring access to free and complete health care for homeless and socially vulnerable migrants, irrespective of residence status","All residents have free access to public healthcare and Denmark adopted a 10-year psychiatry plan (2025) targeting a 30 per cent cut in coercive measures by 2030; CRPD and JS2 report coercion in psychiatric care remains high with the enabling legal changes not due before 2027, and CEDAW/DIHR flag unaddressed health gaps in Greenland (abortion rate, sexually transmitted infections, suicide).",A/HRC/WG.6/52/DNK/1 para. 87; A/HRC/WG.6/52/DNK/3 para. 27; A/HRC/WG.6/52/DNK/2 para. 57,"National Report (A/HRC/WG.6/52/DNK/1), para. 87 — Denmark: ""The most recent comprehensive political agreement from May 2025 ... contribute to the new and ambitious goal to reduce coercive measures by 30% by 2030""
Stakeholders' Summary (A/HRC/WG.6/52/DNK/3), para. 27 — Joint submission 2: ""coercive measures continued to be excessively used in psychiatric institutions and that the 10-year plan adopted in 2025 ... lacked a necessary preventive approach""
UN Compilation (A/HRC/WG.6/52/DNK/2), para. 57 — Committee on the Elimination of Discrimination against Women: ""the high prevalence of suicide and suicide attempts in Greenland and recommended that Denmark collect comprehensive data on the causes and address them"""
60.201,China,supported,Right to health,Access to health care; psychiatric coercion; Greenland,B,"Partially implemented / steps taken, further action needed","Strengthen efforts to protect people’s right to life and the right to health, especially the life and health of the elderly, the disabled and women","All residents have free access to public healthcare and Denmark adopted a 10-year psychiatry plan (2025) targeting a 30 per cent cut in coercive measures by 2030; CRPD and JS2 report coercion in psychiatric care remains high with the enabling legal changes not due before 2027, and CEDAW/DIHR flag unaddressed health gaps in Greenland (abortion rate, sexually transmitted infections, suicide).",A/HRC/WG.6/52/DNK/1 para. 87; A/HRC/WG.6/52/DNK/3 para. 27; A/HRC/WG.6/52/DNK/2 para. 57,"National Report (A/HRC/WG.6/52/DNK/1), para. 87 — Denmark: ""The most recent comprehensive political agreement from May 2025 ... contribute to the new and ambitious goal to reduce coercive measures by 30% by 2030""
Stakeholders' Summary (A/HRC/WG.6/52/DNK/3), para. 27 — Joint submission 2: ""coercive measures continued to be excessively used in psychiatric institutions and that the 10-year plan adopted in 2025 ... lacked a necessary preventive approach""
UN Compilation (A/HRC/WG.6/52/DNK/2), para. 57 — Committee on the Elimination of Discrimination against Women: ""the high prevalence of suicide and suicide attempts in Greenland and recommended that Denmark collect comprehensive data on the causes and address them"""
60.202,Ethiopia,supported,Right to health,Access to health care; psychiatric coercion; Greenland,B,"Partially implemented / steps taken, further action needed",Redouble efforts on gains in universal health coverage through leaving no one behind,"All residents have free access to public healthcare and Denmark adopted a 10-year psychiatry plan (2025) targeting a 30 per cent cut in coercive measures by 2030; CRPD and JS2 report coercion in psychiatric care remains high with the enabling legal changes not due before 2027, and CEDAW/DIHR flag unaddressed health gaps in Greenland (abortion rate, sexually transmitted infections, suicide).",A/HRC/WG.6/52/DNK/1 para. 87; A/HRC/WG.6/52/DNK/3 para. 27; A/HRC/WG.6/52/DNK/2 para. 57,"National Report (A/HRC/WG.6/52/DNK/1), para. 87 — Denmark: ""The most recent comprehensive political agreement from May 2025 ... contribute to the new and ambitious goal to reduce coercive measures by 30% by 2030""
Stakeholders' Summary (A/HRC/WG.6/52/DNK/3), para. 27 — Joint submission 2: ""coercive measures continued to be excessively used in psychiatric institutions and that the 10-year plan adopted in 2025 ... lacked a necessary preventive approach""
UN Compilation (A/HRC/WG.6/52/DNK/2), para. 57 — Committee on the Elimination of Discrimination against Women: ""the high prevalence of suicide and suicide attempts in Greenland and recommended that Denmark collect comprehensive data on the causes and address them"""
60.203,India,supported,Right to education,Inclusive and non-discriminatory education,C,Not implemented / no relevant action taken,Continue with further measures for ensuring access to education for all sections of the society,"The Committee on the Rights of Persons with Disabilities reports that segregated schooling has increased and barriers to inclusive education persist; an expert group reported recommendations in June 2025 but no legislative change is reported, and stakeholders describe persistent discrimination against ethnic-minority students.",A/HRC/WG.6/52/DNK/2 para. 33; A/HRC/WG.6/52/DNK/1 para. 94,"UN Compilation (A/HRC/WG.6/52/DNK/2), para. 33 — Committee on the Rights of Persons with Disabilities: ""segregated schooling had increased and that barriers to inclusive education had resulted in school refusal and the involuntary absence of children with disabilities""
National Report (A/HRC/WG.6/52/DNK/1), para. 94 — Denmark: ""In May 2024 the Danish Government established an expert group to prepare specific recommendations for adjustments to the legislative framework for inclusion ... The expert group published its recommendations in June 2025"""
60.204,Afghanistan,supported,Right to education,Inclusive and non-discriminatory education,C,Not implemented / no relevant action taken,"Take steps to extend the provision of education to refugee children, irrespective of residence status","The Committee on the Rights of Persons with Disabilities reports that segregated schooling has increased and barriers to inclusive education persist; an expert group reported recommendations in June 2025 but no legislative change is reported, and stakeholders describe persistent discrimination against ethnic-minority students.",A/HRC/WG.6/52/DNK/2 para. 33; A/HRC/WG.6/52/DNK/1 para. 94,"UN Compilation (A/HRC/WG.6/52/DNK/2), para. 33 — Committee on the Rights of Persons with Disabilities: ""segregated schooling had increased and that barriers to inclusive education had resulted in school refusal and the involuntary absence of children with disabilities""
National Report (A/HRC/WG.6/52/DNK/1), para. 94 — Denmark: ""In May 2024 the Danish Government established an expert group to prepare specific recommendations for adjustments to the legislative framework for inclusion ... The expert group published its recommendations in June 2025"""
60.205,Mauritius,supported,Right to education,Inclusive and non-discriminatory education,C,Not implemented / no relevant action taken,"Ensure universal access to education, especially for those children who come from a disadvantaged background","The Committee on the Rights of Persons with Disabilities reports that segregated schooling has increased and barriers to inclusive education persist; an expert group reported recommendations in June 2025 but no legislative change is reported, and stakeholders describe persistent discrimination against ethnic-minority students.",A/HRC/WG.6/52/DNK/2 para. 33; A/HRC/WG.6/52/DNK/1 para. 94,"UN Compilation (A/HRC/WG.6/52/DNK/2), para. 33 — Committee on the Rights of Persons with Disabilities: ""segregated schooling had increased and that barriers to inclusive education had resulted in school refusal and the involuntary absence of children with disabilities""
National Report (A/HRC/WG.6/52/DNK/1), para. 94 — Denmark: ""In May 2024 the Danish Government established an expert group to prepare specific recommendations for adjustments to the legislative framework for inclusion ... The expert group published its recommendations in June 2025"""
60.206,Peru,supported,Right to education,Inclusive and non-discriminatory education,C,Not implemented / no relevant action taken,"Consider developing initiatives that promote the integration of minorities, migrants and refugees into the educational system","The Committee on the Rights of Persons with Disabilities reports that segregated schooling has increased and barriers to inclusive education persist; an expert group reported recommendations in June 2025 but no legislative change is reported, and stakeholders describe persistent discrimination against ethnic-minority students.",A/HRC/WG.6/52/DNK/2 para. 33; A/HRC/WG.6/52/DNK/1 para. 94,"UN Compilation (A/HRC/WG.6/52/DNK/2), para. 33 — Committee on the Rights of Persons with Disabilities: ""segregated schooling had increased and that barriers to inclusive education had resulted in school refusal and the involuntary absence of children with disabilities""
National Report (A/HRC/WG.6/52/DNK/1), para. 94 — Denmark: ""In May 2024 the Danish Government established an expert group to prepare specific recommendations for adjustments to the legislative framework for inclusion ... The expert group published its recommendations in June 2025"""
60.207,Qatar,supported,Right to education,Inclusive and non-discriminatory education,C,Not implemented / no relevant action taken,Exert more efforts to ensure access to quality and inclusive education for all children,"The Committee on the Rights of Persons with Disabilities reports that segregated schooling has increased and barriers to inclusive education persist; an expert group reported recommendations in June 2025 but no legislative change is reported, and stakeholders describe persistent discrimination against ethnic-minority students.",A/HRC/WG.6/52/DNK/2 para. 33; A/HRC/WG.6/52/DNK/1 para. 94,"UN Compilation (A/HRC/WG.6/52/DNK/2), para. 33 — Committee on the Rights of Persons with Disabilities: ""segregated schooling had increased and that barriers to inclusive education had resulted in school refusal and the involuntary absence of children with disabilities""
National Report (A/HRC/WG.6/52/DNK/1), para. 94 — Denmark: ""In May 2024 the Danish Government established an expert group to prepare specific recommendations for adjustments to the legislative framework for inclusion ... The expert group published its recommendations in June 2025"""
60.208,Spain,supported,Right to education,Inclusive and non-discriminatory education,C,Not implemented / no relevant action taken,"Continue working on greater accessibility in schools for children with disabilities, guaranteeing an adequate allocation of financial resources","The Committee on the Rights of Persons with Disabilities reports that segregated schooling has increased and barriers to inclusive education persist; an expert group reported recommendations in June 2025 but no legislative change is reported, and stakeholders describe persistent discrimination against ethnic-minority students.",A/HRC/WG.6/52/DNK/2 para. 33; A/HRC/WG.6/52/DNK/1 para. 94,"UN Compilation (A/HRC/WG.6/52/DNK/2), para. 33 — Committee on the Rights of Persons with Disabilities: ""segregated schooling had increased and that barriers to inclusive education had resulted in school refusal and the involuntary absence of children with disabilities""
National Report (A/HRC/WG.6/52/DNK/1), para. 94 — Denmark: ""In May 2024 the Danish Government established an expert group to prepare specific recommendations for adjustments to the legislative framework for inclusion ... The expert group published its recommendations in June 2025"""
60.209,Ecuador,supported,Violence against women,Prevent and address violence against women,B,"Partially implemented / steps taken, further action needed",Continue its efforts to guarantee gender equality both in law and in practice and to eliminate all forms of violence against women and girls,"Denmark maintains national action plans against intimate-partner violence since 2002 (current plan 2023-2026), a consent-based rape law (2020), crisis shelters and a victims' hotline; stakeholders report rising femicide, gaps in restraining-order use, and that the current plan expires in 2026 without a successor.",A/HRC/WG.6/52/DNK/1 para. 49; A/HRC/WG.6/52/DNK/3 para. 44; A/HRC/WG.6/52/DNK/3 para. 9,"National Report (A/HRC/WG.6/52/DNK/1), para. 49 — Denmark: ""Since 2002, national action plans to combat intimate partner violence and intimate partner killings have been in place. The current National Action Plan (2023-2026)""
Stakeholders' Summary (A/HRC/WG.6/52/DNK/3), para. 44 — Maat Foundation for Peace, Development and Human Rights: ""47.5 percent of women had experienced physical or sexual violence or threats thereof, and referred to an increase in femicides""
Stakeholders' Summary (A/HRC/WG.6/52/DNK/3), para. 9 — Danish Institute for Human Rights: ""recommended that Denmark adopt a renewed national action plan to combat violence against women and introduce a dedicated offence code for intimate partner homicide"""
60.210,India,supported,Equality & non-discrimination,Anti-discrimination framework; national action plan against racism,B,"Partially implemented / steps taken, further action needed","Continue with initiatives in furtherance of gender equality, including wage parity, in Denmark as well as Greenland and the Faroe Islands","Denmark has a broad anti-discrimination legal framework and in February 2025 adopted a National Action Plan against Racism with 36 initiatives, alongside successive action plans against antisemitism; CERD and stakeholders nonetheless report persistent gaps - no legislative prohibition of racial or ethnic profiling, weak hate-crime data, and a 2025 plan criticised for limited scope and for lacking a definition of racism.",A/HRC/WG.6/52/DNK/1 para. 112; A/HRC/WG.6/52/DNK/3 para. 21; A/HRC/WG.6/52/DNK/2 para. 9,"National Report (A/HRC/WG.6/52/DNK/1), para. 112 — Denmark: ""In February 2025, the Danish Government presented a national action plan against racism with 36 initiatives and the ambition to fight racism in a variety of areas in society""
Stakeholders' Summary (A/HRC/WG.6/52/DNK/3), para. 21 — Joint submission 1; Joint submission 2: ""welcomed the adoption of a national action plan against racism in February 2025. However, they were concerned that the plan had limitations in scope and lacked a clear definition of racism""
UN Compilation (A/HRC/WG.6/52/DNK/2), para. 9 — Committee on the Elimination of Racial Discrimination: ""expressed concern about the lack of a clear prohibition of racial profiling and of operational guidelines to combat racial profiling"""
60.211,France,supported,Sexual & gender-based violence,Prevent and address sexual and gender-based violence,B,"Partially implemented / steps taken, further action needed","Continue to combat all forms of gender-based violence, particularly in the workplace, including by implementing a national system for collecting data on violence against women","Denmark adopted a consent-based rape law (2020), a National Action Plan on Intimate Partner Violence and Killings 2023-2026, psychological-violence provisions, a victims' hotline and new shelters (including for men, 2024); CEDAW, CAT and JS2 report rising gender-based violence, few rape convictions, and the Istanbul Convention still not applied to Greenland and the Faroe Islands.",A/HRC/WG.6/52/DNK/2 para. 35; A/HRC/WG.6/52/DNK/2 para. 36; A/HRC/WG.6/52/DNK/3 para. 46,"UN Compilation (A/HRC/WG.6/52/DNK/2), para. 35 — Committee against Torture: ""welcomed the adoption of the National Action Plan to Combat Intimate Partner Violence and Intimate Partner Killings 2023-2026""
UN Compilation (A/HRC/WG.6/52/DNK/2), para. 36 — Committee on the Elimination of Discrimination against Women: ""it noted with concern the rise in gender-based violence against women, high incidences of sexual violence against women with disabilities and the reported high prevalence of sexual harassment in the workplace and the education system""
Stakeholders' Summary (A/HRC/WG.6/52/DNK/3), para. 46 — Joint submission 2: ""a small proportion of reported cases of rape resulting in convictions, and a high number of suspected femicides in the first half of 2025"""
60.212,Belgium,supported,Advancement of women,Advance women's participation and equality,B,"Partially implemented / steps taken, further action needed",Step up efforts to increase women’s representation in politics and in companies,"Denmark reformed parental leave (2022), set a 40/60 board gender-balance target for large listed companies (2024) and introduced equal military conscription (2025); women remain under-represented in leadership and high-paying occupations.",A/HRC/WG.6/52/DNK/1 para. 20,"National Report (A/HRC/WG.6/52/DNK/1), para. 20 — Denmark: ""Full equality between men and women in relation to military conscription was introduced in 2025"""
60.213,Maldives,supported,Violence against women,Prevent and address violence against women,B,"Partially implemented / steps taken, further action needed",Strengthen its efforts in combating violence against women,"Denmark maintains national action plans against intimate-partner violence since 2002 (current plan 2023-2026), a consent-based rape law (2020), crisis shelters and a victims' hotline; stakeholders report rising femicide, gaps in restraining-order use, and that the current plan expires in 2026 without a successor.",A/HRC/WG.6/52/DNK/1 para. 49; A/HRC/WG.6/52/DNK/3 para. 44; A/HRC/WG.6/52/DNK/3 para. 9,"National Report (A/HRC/WG.6/52/DNK/1), para. 49 — Denmark: ""Since 2002, national action plans to combat intimate partner violence and intimate partner killings have been in place. The current National Action Plan (2023-2026)""
Stakeholders' Summary (A/HRC/WG.6/52/DNK/3), para. 44 — Maat Foundation for Peace, Development and Human Rights: ""47.5 percent of women had experienced physical or sexual violence or threats thereof, and referred to an increase in femicides""
Stakeholders' Summary (A/HRC/WG.6/52/DNK/3), para. 9 — Danish Institute for Human Rights: ""recommended that Denmark adopt a renewed national action plan to combat violence against women and introduce a dedicated offence code for intimate partner homicide"""
60.214,Norway,supported,Violence against women,Prevent and address violence against women,B,"Partially implemented / steps taken, further action needed","Continue efforts to combat violence against women, including increasing the attention paid to female victims of gender-based violence in policy documents and ensuring funding as recommended by the Group of Experts on Action against Violence against Women and Domestic Violence","Denmark maintains national action plans against intimate-partner violence since 2002 (current plan 2023-2026), a consent-based rape law (2020), crisis shelters and a victims' hotline; stakeholders report rising femicide, gaps in restraining-order use, and that the current plan expires in 2026 without a successor.",A/HRC/WG.6/52/DNK/1 para. 49; A/HRC/WG.6/52/DNK/3 para. 44; A/HRC/WG.6/52/DNK/3 para. 9,"National Report (A/HRC/WG.6/52/DNK/1), para. 49 — Denmark: ""Since 2002, national action plans to combat intimate partner violence and intimate partner killings have been in place. The current National Action Plan (2023-2026)""
Stakeholders' Summary (A/HRC/WG.6/52/DNK/3), para. 44 — Maat Foundation for Peace, Development and Human Rights: ""47.5 percent of women had experienced physical or sexual violence or threats thereof, and referred to an increase in femicides""
Stakeholders' Summary (A/HRC/WG.6/52/DNK/3), para. 9 — Danish Institute for Human Rights: ""recommended that Denmark adopt a renewed national action plan to combat violence against women and introduce a dedicated offence code for intimate partner homicide"""
60.215,Philippines,supported,Sexual & gender-based violence,Prevent and address sexual and gender-based violence,B,"Partially implemented / steps taken, further action needed",Ensure that concerns and the situation of migrant women are adequately reflected in strategies to address gender-based violence and harassment,"Denmark adopted a consent-based rape law (2020), a National Action Plan on Intimate Partner Violence and Killings 2023-2026, psychological-violence provisions, a victims' hotline and new shelters (including for men, 2024); CEDAW, CAT and JS2 report rising gender-based violence, few rape convictions, and the Istanbul Convention still not applied to Greenland and the Faroe Islands.",A/HRC/WG.6/52/DNK/2 para. 35; A/HRC/WG.6/52/DNK/2 para. 36; A/HRC/WG.6/52/DNK/3 para. 46,"UN Compilation (A/HRC/WG.6/52/DNK/2), para. 35 — Committee against Torture: ""welcomed the adoption of the National Action Plan to Combat Intimate Partner Violence and Intimate Partner Killings 2023-2026""
UN Compilation (A/HRC/WG.6/52/DNK/2), para. 36 — Committee on the Elimination of Discrimination against Women: ""it noted with concern the rise in gender-based violence against women, high incidences of sexual violence against women with disabilities and the reported high prevalence of sexual harassment in the workplace and the education system""
Stakeholders' Summary (A/HRC/WG.6/52/DNK/3), para. 46 — Joint submission 2: ""a small proportion of reported cases of rape resulting in convictions, and a high number of suspected femicides in the first half of 2025"""
60.216,Somalia,supported,Violence against women,Prevent and address violence against women,B,"Partially implemented / steps taken, further action needed","Further strengthen its commitment to protect women from violence and discrimination, including through effective measures for its prevention, investigation, prosecution and conviction of the perpetrators of such violence","Denmark maintains national action plans against intimate-partner violence since 2002 (current plan 2023-2026), a consent-based rape law (2020), crisis shelters and a victims' hotline; stakeholders report rising femicide, gaps in restraining-order use, and that the current plan expires in 2026 without a successor.",A/HRC/WG.6/52/DNK/1 para. 49; A/HRC/WG.6/52/DNK/3 para. 44; A/HRC/WG.6/52/DNK/3 para. 9,"National Report (A/HRC/WG.6/52/DNK/1), para. 49 — Denmark: ""Since 2002, national action plans to combat intimate partner violence and intimate partner killings have been in place. The current National Action Plan (2023-2026)""
Stakeholders' Summary (A/HRC/WG.6/52/DNK/3), para. 44 — Maat Foundation for Peace, Development and Human Rights: ""47.5 percent of women had experienced physical or sexual violence or threats thereof, and referred to an increase in femicides""
Stakeholders' Summary (A/HRC/WG.6/52/DNK/3), para. 9 — Danish Institute for Human Rights: ""recommended that Denmark adopt a renewed national action plan to combat violence against women and introduce a dedicated offence code for intimate partner homicide"""
60.217,Spain,noted,Violence against women,Prevent and address violence against women,B,"Partially implemented / steps taken, further action needed",Adopt a specific law on violence against women and girls,"Denmark maintains national action plans against intimate-partner violence since 2002 (current plan 2023-2026), a consent-based rape law (2020), crisis shelters and a victims' hotline; stakeholders report rising femicide, gaps in restraining-order use, and that the current plan expires in 2026 without a successor.",A/HRC/WG.6/52/DNK/1 para. 49; A/HRC/WG.6/52/DNK/3 para. 44; A/HRC/WG.6/52/DNK/3 para. 9,"National Report (A/HRC/WG.6/52/DNK/1), para. 49 — Denmark: ""Since 2002, national action plans to combat intimate partner violence and intimate partner killings have been in place. The current National Action Plan (2023-2026)""
Stakeholders' Summary (A/HRC/WG.6/52/DNK/3), para. 44 — Maat Foundation for Peace, Development and Human Rights: ""47.5 percent of women had experienced physical or sexual violence or threats thereof, and referred to an increase in femicides""
Stakeholders' Summary (A/HRC/WG.6/52/DNK/3), para. 9 — Danish Institute for Human Rights: ""recommended that Denmark adopt a renewed national action plan to combat violence against women and introduce a dedicated offence code for intimate partner homicide"""
60.218,Austria,supported,Violence against women,Prevent and address violence against women,B,"Partially implemented / steps taken, further action needed","Continue efforts to address violence against women and children, with a particular focus on Greenland, where strengthened data collection on that matter is needed","Denmark maintains national action plans against intimate-partner violence since 2002 (current plan 2023-2026), a consent-based rape law (2020), crisis shelters and a victims' hotline; stakeholders report rising femicide, gaps in restraining-order use, and that the current plan expires in 2026 without a successor.",A/HRC/WG.6/52/DNK/1 para. 49; A/HRC/WG.6/52/DNK/3 para. 44; A/HRC/WG.6/52/DNK/3 para. 9,"National Report (A/HRC/WG.6/52/DNK/1), para. 49 — Denmark: ""Since 2002, national action plans to combat intimate partner violence and intimate partner killings have been in place. The current National Action Plan (2023-2026)""
Stakeholders' Summary (A/HRC/WG.6/52/DNK/3), para. 44 — Maat Foundation for Peace, Development and Human Rights: ""47.5 percent of women had experienced physical or sexual violence or threats thereof, and referred to an increase in femicides""
Stakeholders' Summary (A/HRC/WG.6/52/DNK/3), para. 9 — Danish Institute for Human Rights: ""recommended that Denmark adopt a renewed national action plan to combat violence against women and introduce a dedicated offence code for intimate partner homicide"""
60.219,Bahrain,supported,Violence against women,Prevent and address violence against women,B,"Partially implemented / steps taken, further action needed",Adopt an effective action plan to combat violence against women,"Denmark maintains national action plans against intimate-partner violence since 2002 (current plan 2023-2026), a consent-based rape law (2020), crisis shelters and a victims' hotline; stakeholders report rising femicide, gaps in restraining-order use, and that the current plan expires in 2026 without a successor.",A/HRC/WG.6/52/DNK/1 para. 49; A/HRC/WG.6/52/DNK/3 para. 44; A/HRC/WG.6/52/DNK/3 para. 9,"National Report (A/HRC/WG.6/52/DNK/1), para. 49 — Denmark: ""Since 2002, national action plans to combat intimate partner violence and intimate partner killings have been in place. The current National Action Plan (2023-2026)""
Stakeholders' Summary (A/HRC/WG.6/52/DNK/3), para. 44 — Maat Foundation for Peace, Development and Human Rights: ""47.5 percent of women had experienced physical or sexual violence or threats thereof, and referred to an increase in femicides""
Stakeholders' Summary (A/HRC/WG.6/52/DNK/3), para. 9 — Danish Institute for Human Rights: ""recommended that Denmark adopt a renewed national action plan to combat violence against women and introduce a dedicated offence code for intimate partner homicide"""
60.220,Chile,supported,Violence against women,Prevent and address violence against women,B,"Partially implemented / steps taken, further action needed",Intensify the efforts to combat all forms of violence against women and girls,"Denmark maintains national action plans against intimate-partner violence since 2002 (current plan 2023-2026), a consent-based rape law (2020), crisis shelters and a victims' hotline; stakeholders report rising femicide, gaps in restraining-order use, and that the current plan expires in 2026 without a successor.",A/HRC/WG.6/52/DNK/1 para. 49; A/HRC/WG.6/52/DNK/3 para. 44; A/HRC/WG.6/52/DNK/3 para. 9,"National Report (A/HRC/WG.6/52/DNK/1), para. 49 — Denmark: ""Since 2002, national action plans to combat intimate partner violence and intimate partner killings have been in place. The current National Action Plan (2023-2026)""
Stakeholders' Summary (A/HRC/WG.6/52/DNK/3), para. 44 — Maat Foundation for Peace, Development and Human Rights: ""47.5 percent of women had experienced physical or sexual violence or threats thereof, and referred to an increase in femicides""
Stakeholders' Summary (A/HRC/WG.6/52/DNK/3), para. 9 — Danish Institute for Human Rights: ""recommended that Denmark adopt a renewed national action plan to combat violence against women and introduce a dedicated offence code for intimate partner homicide"""
60.221,Croatia,supported,Violence against women,Prevent and address violence against women,B,"Partially implemented / steps taken, further action needed",Take further steps to address violence against women by using a gender-based concept of violence,"Denmark maintains national action plans against intimate-partner violence since 2002 (current plan 2023-2026), a consent-based rape law (2020), crisis shelters and a victims' hotline; stakeholders report rising femicide, gaps in restraining-order use, and that the current plan expires in 2026 without a successor.",A/HRC/WG.6/52/DNK/1 para. 49; A/HRC/WG.6/52/DNK/3 para. 44; A/HRC/WG.6/52/DNK/3 para. 9,"National Report (A/HRC/WG.6/52/DNK/1), para. 49 — Denmark: ""Since 2002, national action plans to combat intimate partner violence and intimate partner killings have been in place. The current National Action Plan (2023-2026)""
Stakeholders' Summary (A/HRC/WG.6/52/DNK/3), para. 44 — Maat Foundation for Peace, Development and Human Rights: ""47.5 percent of women had experienced physical or sexual violence or threats thereof, and referred to an increase in femicides""
Stakeholders' Summary (A/HRC/WG.6/52/DNK/3), para. 9 — Danish Institute for Human Rights: ""recommended that Denmark adopt a renewed national action plan to combat violence against women and introduce a dedicated offence code for intimate partner homicide"""
60.222,Slovakia,supported,Children: definition,Child protection; violence against children,B,"Partially implemented / steps taken, further action needed","Raise the awareness of children of their rights, including through developing programmes and campaigns in schools to increase their knowledge about the Convention on the Rights of the Child","The Danish Child's Act entered into force on 1 January 2024 incorporating CRC obligations, and psychological violence against children has been criminalised; CAT and JS2 remain concerned about children in social care placed in closed facilities and the very low number of psychological-violence cases reaching the courts.",A/HRC/WG.6/52/DNK/1 para. 96; A/HRC/WG.6/52/DNK/3 para. 48,"National Report (A/HRC/WG.6/52/DNK/1), para. 96 — Denmark: ""The Danish Child's Act entered into force on January 1st 2024. The law ensures that the obligations of Denmark in relation to the UN Convention on the Rights of the Child ... are respected""
Stakeholders' Summary (A/HRC/WG.6/52/DNK/3), para. 48 — Joint submission 2: ""a significant number of children in Denmark continued to be subjected to corporal and psychological violence ... only very few cases of psychological violence were brought to the judicial system"""
60.223,Montenegro,supported,Children: family environment & alternative care,Quality and stability of alternative care,B,"Partially implemented / steps taken, further action needed","Strengthen the foster care system for children separated from families, with a view to reducing their institutionalization","Since 2021 Denmark has issued initiatives to improve foster-care quality and stability, with implementation funding from 2025, and the 2024 Child's Act tightened safeguards on non-consensual placement; CAT remains concerned about children placed in closed facilities alongside sentenced children.",A/HRC/WG.6/52/DNK/1 para. 99; A/HRC/WG.6/52/DNK/2 para. 37,"National Report (A/HRC/WG.6/52/DNK/1), para. 99 — Denmark: ""Since 2021, new initiatives have been issued to improve the quality of foster care and to ensure stability and continuity in the upbringing of children living in foster homes""
UN Compilation (A/HRC/WG.6/52/DNK/2), para. 37 — Committee against Torture: ""children in social care were placed in secure residential facilities along with children serving custodial sentences"""
60.224,North Macedonia,supported,Children: family environment & alternative care,Quality and stability of alternative care,B,"Partially implemented / steps taken, further action needed","Further facilitate family-based care and strengthen the foster care system for children who cannot stay with their families, in particular for children with disabilities","Since 2021 Denmark has issued initiatives to improve foster-care quality and stability, with implementation funding from 2025, and the 2024 Child's Act tightened safeguards on non-consensual placement; CAT remains concerned about children placed in closed facilities alongside sentenced children.",A/HRC/WG.6/52/DNK/1 para. 99; A/HRC/WG.6/52/DNK/2 para. 37,"National Report (A/HRC/WG.6/52/DNK/1), para. 99 — Denmark: ""Since 2021, new initiatives have been issued to improve the quality of foster care and to ensure stability and continuity in the upbringing of children living in foster homes""
UN Compilation (A/HRC/WG.6/52/DNK/2), para. 37 — Committee against Torture: ""children in social care were placed in secure residential facilities along with children serving custodial sentences"""
60.225,Czechia,supported,Children: family environment & alternative care,Quality and stability of alternative care,B,"Partially implemented / steps taken, further action needed","Respect international standards in the implementation of the so-called “Children’s Law”, especially in regards to the forced removal of children from families","Since 2021 Denmark has issued initiatives to improve foster-care quality and stability, with implementation funding from 2025, and the 2024 Child's Act tightened safeguards on non-consensual placement; CAT remains concerned about children placed in closed facilities alongside sentenced children.",A/HRC/WG.6/52/DNK/1 para. 99; A/HRC/WG.6/52/DNK/2 para. 37,"National Report (A/HRC/WG.6/52/DNK/1), para. 99 — Denmark: ""Since 2021, new initiatives have been issued to improve the quality of foster care and to ensure stability and continuity in the upbringing of children living in foster homes""
UN Compilation (A/HRC/WG.6/52/DNK/2), para. 37 — Committee against Torture: ""children in social care were placed in secure residential facilities along with children serving custodial sentences"""
60.226,Panama,noted,Children: definition,Child protection; violence against children,B,"Partially implemented / steps taken, further action needed","Guarantee the protection of the rights of Danish children who are involuntarily in conflict zones, including their repatriation and the right to acquire Danish nationality under the ius sanguinis, taking into account the best interests of the child","The Danish Child's Act entered into force on 1 January 2024 incorporating CRC obligations, and psychological violence against children has been criminalised; CAT and JS2 remain concerned about children in social care placed in closed facilities and the very low number of psychological-violence cases reaching the courts.",A/HRC/WG.6/52/DNK/1 para. 96; A/HRC/WG.6/52/DNK/3 para. 48,"National Report (A/HRC/WG.6/52/DNK/1), para. 96 — Denmark: ""The Danish Child's Act entered into force on January 1st 2024. The law ensures that the obligations of Denmark in relation to the UN Convention on the Rights of the Child ... are respected""
Stakeholders' Summary (A/HRC/WG.6/52/DNK/3), para. 48 — Joint submission 2: ""a significant number of children in Denmark continued to be subjected to corporal and psychological violence ... only very few cases of psychological violence were brought to the judicial system"""
60.227,Liechtenstein,supported,Children: definition,Child protection; violence against children,B,"Partially implemented / steps taken, further action needed",Increase its efforts to raise awareness of the unlawfulness of violence against children and promote non-violent forms of child-rearing,"The Danish Child's Act entered into force on 1 January 2024 incorporating CRC obligations, and psychological violence against children has been criminalised; CAT and JS2 remain concerned about children in social care placed in closed facilities and the very low number of psychological-violence cases reaching the courts.",A/HRC/WG.6/52/DNK/1 para. 96; A/HRC/WG.6/52/DNK/3 para. 48,"National Report (A/HRC/WG.6/52/DNK/1), para. 96 — Denmark: ""The Danish Child's Act entered into force on January 1st 2024. The law ensures that the obligations of Denmark in relation to the UN Convention on the Rights of the Child ... are respected""
Stakeholders' Summary (A/HRC/WG.6/52/DNK/3), para. 48 — Joint submission 2: ""a significant number of children in Denmark continued to be subjected to corporal and psychological violence ... only very few cases of psychological violence were brought to the judicial system"""
60.228,Bolivarian Republic of Venezuela,supported,Children: definition,Child protection; violence against children,B,"Partially implemented / steps taken, further action needed",Combat sexual abuse of minors and take more effective measures for their protection from domestic violence,"The Danish Child's Act entered into force on 1 January 2024 incorporating CRC obligations, and psychological violence against children has been criminalised; CAT and JS2 remain concerned about children in social care placed in closed facilities and the very low number of psychological-violence cases reaching the courts.",A/HRC/WG.6/52/DNK/1 para. 96; A/HRC/WG.6/52/DNK/3 para. 48,"National Report (A/HRC/WG.6/52/DNK/1), para. 96 — Denmark: ""The Danish Child's Act entered into force on January 1st 2024. The law ensures that the obligations of Denmark in relation to the UN Convention on the Rights of the Child ... are respected""
Stakeholders' Summary (A/HRC/WG.6/52/DNK/3), para. 48 — Joint submission 2: ""a significant number of children in Denmark continued to be subjected to corporal and psychological violence ... only very few cases of psychological violence were brought to the judicial system"""
60.229,Zambia,supported,Children: definition,Child protection; violence against children,B,"Partially implemented / steps taken, further action needed",Increase efforts to raise awareness about the unlawfulness of violence against children and ensure that they are informed about their right to be free from violence,"The Danish Child's Act entered into force on 1 January 2024 incorporating CRC obligations, and psychological violence against children has been criminalised; CAT and JS2 remain concerned about children in social care placed in closed facilities and the very low number of psychological-violence cases reaching the courts.",A/HRC/WG.6/52/DNK/1 para. 96; A/HRC/WG.6/52/DNK/3 para. 48,"National Report (A/HRC/WG.6/52/DNK/1), para. 96 — Denmark: ""The Danish Child's Act entered into force on January 1st 2024. The law ensures that the obligations of Denmark in relation to the UN Convention on the Rights of the Child ... are respected""
Stakeholders' Summary (A/HRC/WG.6/52/DNK/3), para. 48 — Joint submission 2: ""a significant number of children in Denmark continued to be subjected to corporal and psychological violence ... only very few cases of psychological violence were brought to the judicial system"""
60.230,Luxembourg,noted,Children: juvenile justice,Juvenile justice safeguards,C,Not implemented / no relevant action taken,"Create specialized courts for minors, nominate specialized judges for children and ensure that these judges receive appropriate training",The National Report notes that minors may be placed in a penalty cell for up to 7 days as a disciplinary sanction (longer if violent against staff); CAT continues to recommend ending solitary confinement of children.,A/HRC/WG.6/52/DNK/1 para. 81; A/HRC/WG.6/52/DNK/2 para. 18,"National Report (A/HRC/WG.6/52/DNK/1), para. 81 — Denmark: ""Minors can be imposed penalty cell as a disciplinary sanction for no more than 7 days, unless the minor has been violent against staff in the institution""
UN Compilation (A/HRC/WG.6/52/DNK/2), para. 18 — Committee against Torture: ""solitary confinement could last up to four weeks and was still allowed for juveniles"""
60.231,Mauritius,supported,"Persons with disabilities: definition, general principles",Rights of persons with disabilities,C,Not implemented / no relevant action taken,Adopt comprehensive legislation to include measures to combat discrimination against people with disabilities,"CRPD finds continued forced treatment, guardianship-based restrictions on legal capacity and no general duty of reasonable accommodation in the disability-discrimination Act; Denmark points to a 2025-2028 inclusion action plan and a 2025 awareness campaign.",A/HRC/WG.6/52/DNK/2 para. 38; A/HRC/WG.6/52/DNK/1 para. 36,"UN Compilation (A/HRC/WG.6/52/DNK/2), para. 38 — Committee on the Rights of Persons with Disabilities: ""repeal all laws and abolish all practices that allowed for the deprivation of liberty on the basis of impairment and forced treatment""
National Report (A/HRC/WG.6/52/DNK/1), para. 36 — Denmark: ""In 2025, a national disability week and an information campaign ... was initiated"""
60.232,Philippines,supported,"Persons with disabilities: definition, general principles",Rights of persons with disabilities,C,Not implemented / no relevant action taken,"Take concrete measures to address stigma, discrimination and exclusion faced by persons living with Down syndrome and ensure provision of adequate support for them and their families and carers","CRPD finds continued forced treatment, guardianship-based restrictions on legal capacity and no general duty of reasonable accommodation in the disability-discrimination Act; Denmark points to a 2025-2028 inclusion action plan and a 2025 awareness campaign.",A/HRC/WG.6/52/DNK/2 para. 38; A/HRC/WG.6/52/DNK/1 para. 36,"UN Compilation (A/HRC/WG.6/52/DNK/2), para. 38 — Committee on the Rights of Persons with Disabilities: ""repeal all laws and abolish all practices that allowed for the deprivation of liberty on the basis of impairment and forced treatment""
National Report (A/HRC/WG.6/52/DNK/1), para. 36 — Denmark: ""In 2025, a national disability week and an information campaign ... was initiated"""
60.233,Bulgaria,noted,"Persons with disabilities: definition, general principles",Rights of persons with disabilities,C,Not implemented / no relevant action taken,Adopt a comprehensive national disability action plan with specific and measurable targets for the implementation of the Convention on the Rights of Persons with Disabilities,"CRPD finds continued forced treatment, guardianship-based restrictions on legal capacity and no general duty of reasonable accommodation in the disability-discrimination Act; Denmark points to a 2025-2028 inclusion action plan and a 2025 awareness campaign.",A/HRC/WG.6/52/DNK/2 para. 38; A/HRC/WG.6/52/DNK/1 para. 36,"UN Compilation (A/HRC/WG.6/52/DNK/2), para. 38 — Committee on the Rights of Persons with Disabilities: ""repeal all laws and abolish all practices that allowed for the deprivation of liberty on the basis of impairment and forced treatment""
National Report (A/HRC/WG.6/52/DNK/1), para. 36 — Denmark: ""In 2025, a national disability week and an information campaign ... was initiated"""
60.234,Dominican Republic,supported,"Persons with disabilities: independence, inclusion",De-institutionalisation; legal capacity; accommodation,C,Not implemented / no relevant action taken,Continue strengthening the dissemination and implementation of the mechanisms provided in the law on combating discrimination on grounds of disability that allow greater inclusion of people with disabilities in the labour market,"The Committee on the Rights of Persons with Disabilities finds no comprehensive de-institutionalisation strategy, continued forced treatment and guardianship-based restrictions on legal capacity, and that the disability-discrimination Act still imposes no general duty of reasonable accommodation; a 2025-2028 action plan on education and employment is noted.",A/HRC/WG.6/52/DNK/2 para. 43; A/HRC/WG.6/52/DNK/2 para. 44; A/HRC/WG.6/52/DNK/1 para. 35,"UN Compilation (A/HRC/WG.6/52/DNK/2), para. 43 — Committee on the Rights of Persons with Disabilities: ""amend the Guardianship Act to guarantee full legal capacity and replace substituted decision-making systems with supported decision-making systems""
UN Compilation (A/HRC/WG.6/52/DNK/2), para. 44 — Committee on the Rights of Persons with Disabilities: ""the Act on Prohibition of Discrimination on Grounds of Disability did not impose an obligation to provide reasonable accommodation or to ensure accessibility""
National Report (A/HRC/WG.6/52/DNK/1), para. 35 — Denmark: ""The Danish Government has allocated 25.7 million DKK from 2025-2028 for an action plan for better inclusion for people with disabilities in education and in the labour market"""
60.235,Algeria,supported,"Persons with disabilities: independence, inclusion",De-institutionalisation; legal capacity; accommodation,C,Not implemented / no relevant action taken,Increase measures to develop inclusive education and improve accessibility to schools for people with disabilities,"The Committee on the Rights of Persons with Disabilities finds no comprehensive de-institutionalisation strategy, continued forced treatment and guardianship-based restrictions on legal capacity, and that the disability-discrimination Act still imposes no general duty of reasonable accommodation; a 2025-2028 action plan on education and employment is noted.",A/HRC/WG.6/52/DNK/2 para. 43; A/HRC/WG.6/52/DNK/2 para. 44; A/HRC/WG.6/52/DNK/1 para. 35,"UN Compilation (A/HRC/WG.6/52/DNK/2), para. 43 — Committee on the Rights of Persons with Disabilities: ""amend the Guardianship Act to guarantee full legal capacity and replace substituted decision-making systems with supported decision-making systems""
UN Compilation (A/HRC/WG.6/52/DNK/2), para. 44 — Committee on the Rights of Persons with Disabilities: ""the Act on Prohibition of Discrimination on Grounds of Disability did not impose an obligation to provide reasonable accommodation or to ensure accessibility""
National Report (A/HRC/WG.6/52/DNK/1), para. 35 — Denmark: ""The Danish Government has allocated 25.7 million DKK from 2025-2028 for an action plan for better inclusion for people with disabilities in education and in the labour market"""
60.236,Maldives,supported,"Persons with disabilities: independence, inclusion",De-institutionalisation; legal capacity; accommodation,C,Not implemented / no relevant action taken,"Ensure the allocation of necessary funds for disability-related projects such as inclusive education, to protect the rights of children with disabilities","The Committee on the Rights of Persons with Disabilities finds no comprehensive de-institutionalisation strategy, continued forced treatment and guardianship-based restrictions on legal capacity, and that the disability-discrimination Act still imposes no general duty of reasonable accommodation; a 2025-2028 action plan on education and employment is noted.",A/HRC/WG.6/52/DNK/2 para. 43; A/HRC/WG.6/52/DNK/2 para. 44; A/HRC/WG.6/52/DNK/1 para. 35,"UN Compilation (A/HRC/WG.6/52/DNK/2), para. 43 — Committee on the Rights of Persons with Disabilities: ""amend the Guardianship Act to guarantee full legal capacity and replace substituted decision-making systems with supported decision-making systems""
UN Compilation (A/HRC/WG.6/52/DNK/2), para. 44 — Committee on the Rights of Persons with Disabilities: ""the Act on Prohibition of Discrimination on Grounds of Disability did not impose an obligation to provide reasonable accommodation or to ensure accessibility""
National Report (A/HRC/WG.6/52/DNK/1), para. 35 — Denmark: ""The Danish Government has allocated 25.7 million DKK from 2025-2028 for an action plan for better inclusion for people with disabilities in education and in the labour market"""
60.237,Philippines,supported,"Persons with disabilities: independence, inclusion",De-institutionalisation; legal capacity; accommodation,C,Not implemented / no relevant action taken,Take steps to strengthen community-based care for children with disabilities,"The Committee on the Rights of Persons with Disabilities finds no comprehensive de-institutionalisation strategy, continued forced treatment and guardianship-based restrictions on legal capacity, and that the disability-discrimination Act still imposes no general duty of reasonable accommodation; a 2025-2028 action plan on education and employment is noted.",A/HRC/WG.6/52/DNK/2 para. 43; A/HRC/WG.6/52/DNK/2 para. 44; A/HRC/WG.6/52/DNK/1 para. 35,"UN Compilation (A/HRC/WG.6/52/DNK/2), para. 43 — Committee on the Rights of Persons with Disabilities: ""amend the Guardianship Act to guarantee full legal capacity and replace substituted decision-making systems with supported decision-making systems""
UN Compilation (A/HRC/WG.6/52/DNK/2), para. 44 — Committee on the Rights of Persons with Disabilities: ""the Act on Prohibition of Discrimination on Grounds of Disability did not impose an obligation to provide reasonable accommodation or to ensure accessibility""
National Report (A/HRC/WG.6/52/DNK/1), para. 35 — Denmark: ""The Danish Government has allocated 25.7 million DKK from 2025-2028 for an action plan for better inclusion for people with disabilities in education and in the labour market"""
60.238,Viet Nam,supported,Members of minorities,Rights of ethnic and religious minorities,C,Not implemented / no relevant action taken,"Strengthen the integration process for minority groups and non-citizens so that they can enjoy equal access to, inter alia, employment, education, housing, health services and justice","CERD and stakeholders find the 'non-Western'/'Parallel Society' framework in law and policy stigmatising and discriminatory toward ethnic minorities, and Denmark has renamed rather than repealed it.",A/HRC/WG.6/52/DNK/2 para. 7; A/HRC/WG.6/52/DNK/1 para. 105,"UN Compilation (A/HRC/WG.6/52/DNK/2), para. 7 — Committee on the Elimination of Racial Discrimination: ""the laws previously known as the 'Ghetto Package' had a discriminatory impact on ethnic minorities ... (b) repeal discriminatory provisions""
National Report (A/HRC/WG.6/52/DNK/1), para. 105 — Denmark: ""A political agreement has been reached to change the term 'ghetto' ... to 'parallel societies' and 'areas of transformation'"""
60.239,Montenegro,supported,Members of minorities,Rights of ethnic and religious minorities,C,Not implemented / no relevant action taken,Improve the integration of non-citizens and minorities into mainstream society,"CERD and stakeholders find the 'non-Western'/'Parallel Society' framework in law and policy stigmatising and discriminatory toward ethnic minorities, and Denmark has renamed rather than repealed it.",A/HRC/WG.6/52/DNK/2 para. 7; A/HRC/WG.6/52/DNK/1 para. 105,"UN Compilation (A/HRC/WG.6/52/DNK/2), para. 7 — Committee on the Elimination of Racial Discrimination: ""the laws previously known as the 'Ghetto Package' had a discriminatory impact on ethnic minorities ... (b) repeal discriminatory provisions""
National Report (A/HRC/WG.6/52/DNK/1), para. 105 — Denmark: ""A political agreement has been reached to change the term 'ghetto' ... to 'parallel societies' and 'areas of transformation'"""
60.240,Sri Lanka,noted,Ratification of & accession to international instruments,Ratify the Migrant Workers Convention (ICRMW),E,"Contrary measures taken, or recommendation rejected","Strengthen protection for migrant workers, including through ratification of the International Convention on the Protection of the Rights of All Migrant Workers and Members of Their Families","Denmark has expressly decided not to sign the International Convention on the Protection of the Rights of All Migrant Workers, contrary to the recommendation.",A/HRC/WG.6/52/DNK/1 para. 6; A/HRC/WG.6/52/DNK/2 para. 2,"National Report (A/HRC/WG.6/52/DNK/1), para. 6 — Denmark: ""As explained in more detail in the Annex, Denmark has decided not to sign ICRMW""
UN Compilation (A/HRC/WG.6/52/DNK/2), para. 2 — Committee on the Elimination of Discrimination against Women; Committee on the Elimination of Racial Discrimination: ""encouraged Denmark to ratify the International Convention on the Protection of the Rights of All Migrant Workers and Members of Their Families"""
60.241,Tunisia,supported,Labour rights and right to work,"Equal pay, ILO standards and labour-market inclusion",B,"Partially implemented / steps taken, further action needed",Continue efforts to integrate immigrants into the society and into the labour market,"Denmark ratified ILO Convention No. 190 on violence and harassment at work (2024), is implementing the EU Pay Transparency Directive and adopted a 2025-2028 disability employment action plan; a 12.3 per cent gender pay gap persists and the employment rate of persons with disabilities remains lower than others.",A/HRC/WG.6/52/DNK/1 para. 8; A/HRC/WG.6/52/DNK/3 para. 47; A/HRC/WG.6/52/DNK/2 para. 32,"National Report (A/HRC/WG.6/52/DNK/1), para. 8 — Denmark: ""In 2024, Denmark ratified ILO convention number 190 concerning the elimination of violence and harassment in the world of work""
Stakeholders' Summary (A/HRC/WG.6/52/DNK/3), para. 47 — Institute for Protection of Women's Rights: ""the average Danish woman earned 12.3 percent less than the average Danish man in 2023, linked to occupational and hierarchical segregation""
UN Compilation (A/HRC/WG.6/52/DNK/2), para. 32 — Committee on the Rights of Persons with Disabilities: ""the employment rate of persons with disabilities was lower than that of others and recommended that Denmark adopt a long-term employment strategy"""
60.242,Albania,supported,Labour rights and right to work,"Equal pay, ILO standards and labour-market inclusion",B,"Partially implemented / steps taken, further action needed",Pursue action in favour of the integration of foreigners by strengthening their active participation in the labour market and in Danish society,"Denmark ratified ILO Convention No. 190 on violence and harassment at work (2024), is implementing the EU Pay Transparency Directive and adopted a 2025-2028 disability employment action plan; a 12.3 per cent gender pay gap persists and the employment rate of persons with disabilities remains lower than others.",A/HRC/WG.6/52/DNK/1 para. 8; A/HRC/WG.6/52/DNK/3 para. 47; A/HRC/WG.6/52/DNK/2 para. 32,"National Report (A/HRC/WG.6/52/DNK/1), para. 8 — Denmark: ""In 2024, Denmark ratified ILO convention number 190 concerning the elimination of violence and harassment in the world of work""
Stakeholders' Summary (A/HRC/WG.6/52/DNK/3), para. 47 — Institute for Protection of Women's Rights: ""the average Danish woman earned 12.3 percent less than the average Danish man in 2023, linked to occupational and hierarchical segregation""
UN Compilation (A/HRC/WG.6/52/DNK/2), para. 32 — Committee on the Rights of Persons with Disabilities: ""the employment rate of persons with disabilities was lower than that of others and recommended that Denmark adopt a long-term employment strategy"""
60.243,Democratic People’s Republic of Korea,supported,Migrants,Limit immigration detention; family reunification,B,"Partially implemented / steps taken, further action needed",Stop implementing policies and measures violating rights of the migrants and effectively protect their fundamental rights,"The Human Rights Committee asked Denmark to amend the Aliens Act to limit immigration detention and reduce restrictions on family reunification for persons under temporary protection; the National Report describes detention as a last resort and states minors are 'as a general rule' not detained, but CAT remains concerned the option to detain children remains in law and that the 'tolerated stay' regime bars work.",A/HRC/WG.6/52/DNK/2 para. 48; A/HRC/WG.6/52/DNK/1 para. 63; A/HRC/WG.6/52/DNK/2 para. 51,"UN Compilation (A/HRC/WG.6/52/DNK/2), para. 48 — Human Rights Committee: ""asked Denmark to indicate the steps taken to amend the Aliens Act, with a view to limiting the detention of migrants and asylum-seekers to the shortest possible period""
National Report (A/HRC/WG.6/52/DNK/1), para. 63 — Denmark: ""detention according to the Danish Aliens Act only takes place as a last resort ... as a general rule, Denmark does not detain minors""
UN Compilation (A/HRC/WG.6/52/DNK/2), para. 51 — Committee against Torture: ""while noting information provided by Denmark that children would not be detained for the purpose of return, the Committee remained concerned that such an option continued to exist in law"""
60.244,Georgia,supported,Migrants,Limit immigration detention; family reunification,B,"Partially implemented / steps taken, further action needed",Continue measures aimed at promoting and strengthening the integration of immigrants,"The Human Rights Committee asked Denmark to amend the Aliens Act to limit immigration detention and reduce restrictions on family reunification for persons under temporary protection; the National Report describes detention as a last resort and states minors are 'as a general rule' not detained, but CAT remains concerned the option to detain children remains in law and that the 'tolerated stay' regime bars work.",A/HRC/WG.6/52/DNK/2 para. 48; A/HRC/WG.6/52/DNK/1 para. 63; A/HRC/WG.6/52/DNK/2 para. 51,"UN Compilation (A/HRC/WG.6/52/DNK/2), para. 48 — Human Rights Committee: ""asked Denmark to indicate the steps taken to amend the Aliens Act, with a view to limiting the detention of migrants and asylum-seekers to the shortest possible period""
National Report (A/HRC/WG.6/52/DNK/1), para. 63 — Denmark: ""detention according to the Danish Aliens Act only takes place as a last resort ... as a general rule, Denmark does not detain minors""
UN Compilation (A/HRC/WG.6/52/DNK/2), para. 51 — Committee against Torture: ""while noting information provided by Denmark that children would not be detained for the purpose of return, the Committee remained concerned that such an option continued to exist in law"""
60.245,Ireland,supported,Refugees & asylum seekers,Fair asylum procedures; end externalisation,E,"Contrary measures taken, or recommendation rejected",Undertake further efforts to ensure refugees and asylum seekers are afforded due protection and support,"Denmark has enacted legislation enabling the externalisation of its asylum policy and the processing of asylum claims in a third country, contrary to recommendations for fair and accessible asylum; CAT, UNHCR and the DIHR call for this to be revisited, and CAT also criticises reliance on diplomatic assurances and prison-like conditions in the Ellebaek return centre.",A/HRC/WG.6/52/DNK/2 para. 47; A/HRC/WG.6/52/DNK/3 para. 11; A/HRC/WG.6/52/DNK/3 para. 53,"UN Compilation (A/HRC/WG.6/52/DNK/2), para. 47 — Committee against Torture: ""concerned about legislation enabling the externalization of the asylum policy of Denmark, and about plans to process asylum claims in a third country. The Committee recommended that Denmark revisit legislation and plans for such externalization""
Stakeholders' Summary (A/HRC/WG.6/52/DNK/3), para. 11 — Danish Institute for Human Rights: ""legislation allowing the transfer of asylum seekers to a third country, to have their asylum case processed, lacked important legal safeguards""
Stakeholders' Summary (A/HRC/WG.6/52/DNK/3), para. 53 — Council of Europe (CPT); Joint submission 2: ""the conditions at the Ellebaek return centre were prison-like"""
60.246,Mexico,supported,"Prohibition of torture & ill-treatment (including cruel, inhuman or degrading treatment)",Criminalise torture; safeguards against ill-treatment,C,Not implemented / no relevant action taken,Ensure that migration and refugee policies respect the principle of non-refoulement and incorporate a human rights approach in the Act on Foreigners,"Torture is still not a stand-alone offence in Danish, Greenlandic or Faroese criminal law despite repeated CAT recommendations; safeguards from the outset of detention and limits on strip-searching are also found wanting.",A/HRC/WG.6/52/DNK/2 para. 12; A/HRC/WG.6/52/DNK/2 para. 16,"UN Compilation (A/HRC/WG.6/52/DNK/2), para. 12 — Committee against Torture: ""torture was not criminalized as a distinct offence in the Danish Penal Code, the Military Criminal Code or the Greenlandic or Faroese criminal law""
UN Compilation (A/HRC/WG.6/52/DNK/2), para. 16 — Committee against Torture: ""sufficient legal safeguards, including timely access to legal representation and adequate interpretation and translation, were not always guaranteed from the outset of detention"""
60.247,Portugal,supported,Refugees & asylum seekers,Fair asylum procedures; end externalisation,E,"Contrary measures taken, or recommendation rejected",Conform the current rules for revoking resident permits granted for humanitarian purposes with the international norms and commitments in this area,"Denmark has enacted legislation enabling the externalisation of its asylum policy and the processing of asylum claims in a third country, contrary to recommendations for fair and accessible asylum; CAT, UNHCR and the DIHR call for this to be revisited, and CAT also criticises reliance on diplomatic assurances and prison-like conditions in the Ellebaek return centre.",A/HRC/WG.6/52/DNK/2 para. 47; A/HRC/WG.6/52/DNK/3 para. 11; A/HRC/WG.6/52/DNK/3 para. 53,"UN Compilation (A/HRC/WG.6/52/DNK/2), para. 47 — Committee against Torture: ""concerned about legislation enabling the externalization of the asylum policy of Denmark, and about plans to process asylum claims in a third country. The Committee recommended that Denmark revisit legislation and plans for such externalization""
Stakeholders' Summary (A/HRC/WG.6/52/DNK/3), para. 11 — Danish Institute for Human Rights: ""legislation allowing the transfer of asylum seekers to a third country, to have their asylum case processed, lacked important legal safeguards""
Stakeholders' Summary (A/HRC/WG.6/52/DNK/3), para. 53 — Council of Europe (CPT); Joint submission 2: ""the conditions at the Ellebaek return centre were prison-like"""
60.248,Russian Federation,supported,Refugees & asylum seekers,Fair asylum procedures; end externalisation,E,"Contrary measures taken, or recommendation rejected",Take measures to address the problem of overcrowding in Danish temporary detention centres for refugees and to create appropriate conditions for those who are kept in those centres and who have been refused asylum,"Denmark has enacted legislation enabling the externalisation of its asylum policy and the processing of asylum claims in a third country, contrary to recommendations for fair and accessible asylum; CAT, UNHCR and the DIHR call for this to be revisited, and CAT also criticises reliance on diplomatic assurances and prison-like conditions in the Ellebaek return centre.",A/HRC/WG.6/52/DNK/2 para. 47; A/HRC/WG.6/52/DNK/3 para. 11; A/HRC/WG.6/52/DNK/3 para. 53,"UN Compilation (A/HRC/WG.6/52/DNK/2), para. 47 — Committee against Torture: ""concerned about legislation enabling the externalization of the asylum policy of Denmark, and about plans to process asylum claims in a third country. The Committee recommended that Denmark revisit legislation and plans for such externalization""
Stakeholders' Summary (A/HRC/WG.6/52/DNK/3), para. 11 — Danish Institute for Human Rights: ""legislation allowing the transfer of asylum seekers to a third country, to have their asylum case processed, lacked important legal safeguards""
Stakeholders' Summary (A/HRC/WG.6/52/DNK/3), para. 53 — Council of Europe (CPT); Joint submission 2: ""the conditions at the Ellebaek return centre were prison-like"""
60.249,Russian Federation,supported,Migrants,Limit immigration detention; family reunification,B,"Partially implemented / steps taken, further action needed","Take measures to ensure the rights of migrants and refugees, including their access to the labour market, health care and education, and their social integration into Danish society","The Human Rights Committee asked Denmark to amend the Aliens Act to limit immigration detention and reduce restrictions on family reunification for persons under temporary protection; the National Report describes detention as a last resort and states minors are 'as a general rule' not detained, but CAT remains concerned the option to detain children remains in law and that the 'tolerated stay' regime bars work.",A/HRC/WG.6/52/DNK/2 para. 48; A/HRC/WG.6/52/DNK/1 para. 63; A/HRC/WG.6/52/DNK/2 para. 51,"UN Compilation (A/HRC/WG.6/52/DNK/2), para. 48 — Human Rights Committee: ""asked Denmark to indicate the steps taken to amend the Aliens Act, with a view to limiting the detention of migrants and asylum-seekers to the shortest possible period""
National Report (A/HRC/WG.6/52/DNK/1), para. 63 — Denmark: ""detention according to the Danish Aliens Act only takes place as a last resort ... as a general rule, Denmark does not detain minors""
UN Compilation (A/HRC/WG.6/52/DNK/2), para. 51 — Committee against Torture: ""while noting information provided by Denmark that children would not be detained for the purpose of return, the Committee remained concerned that such an option continued to exist in law"""
60.250,Ukraine,supported,Research & other measures of implementation,Data collection and disaggregated statistics,C,Not implemented / no relevant action taken,Further increase efforts aimed at protection of asylum seekers and migrants,CERD and the DIHR report that Denmark still does not collect adequate data on ethnicity or disaggregated data on hate crimes and on Greenland.,A/HRC/WG.6/52/DNK/2 para. 10,"UN Compilation (A/HRC/WG.6/52/DNK/2), para. 10 — Committee on the Elimination of Racial Discrimination: ""the lack of data on the ethnicity of persons residing in Denmark ... revise its data-collection processes to ensure that it collected data on ethnicity"""
60.251,Uruguay,supported,Refugees & asylum seekers,Fair asylum procedures; end externalisation,E,"Contrary measures taken, or recommendation rejected","Ensure that the review or termination of international protection is limited to cases in which the standards of the 1951 Convention are clearly present, the circumstances that led to the granting of protection have ceased to exist, or significant changes have occurred that ensure that the person no longer faces a real risk of serious harm","Denmark has enacted legislation enabling the externalisation of its asylum policy and the processing of asylum claims in a third country, contrary to recommendations for fair and accessible asylum; CAT, UNHCR and the DIHR call for this to be revisited, and CAT also criticises reliance on diplomatic assurances and prison-like conditions in the Ellebaek return centre.",A/HRC/WG.6/52/DNK/2 para. 47; A/HRC/WG.6/52/DNK/3 para. 11; A/HRC/WG.6/52/DNK/3 para. 53,"UN Compilation (A/HRC/WG.6/52/DNK/2), para. 47 — Committee against Torture: ""concerned about legislation enabling the externalization of the asylum policy of Denmark, and about plans to process asylum claims in a third country. The Committee recommended that Denmark revisit legislation and plans for such externalization""
Stakeholders' Summary (A/HRC/WG.6/52/DNK/3), para. 11 — Danish Institute for Human Rights: ""legislation allowing the transfer of asylum seekers to a third country, to have their asylum case processed, lacked important legal safeguards""
Stakeholders' Summary (A/HRC/WG.6/52/DNK/3), para. 53 — Council of Europe (CPT); Joint submission 2: ""the conditions at the Ellebaek return centre were prison-like"""
60.252,Argentina,supported,Liberty & security of the person,Detention safeguards; deprivation of liberty on grounds of disability,C,Not implemented / no relevant action taken,"Ensure that policies related to the return and expulsion of migrants and asylum seekers respect the principle of non-refoulement and that the detention of migrants and asylum seekers is reasonable, necessary and proportionate",CRPD calls on Denmark to repeal laws allowing detention and compulsory treatment based on impairment; no such repeal is reported.,A/HRC/WG.6/52/DNK/2 para. 38,"UN Compilation (A/HRC/WG.6/52/DNK/2), para. 38 — Committee on the Rights of Persons with Disabilities: ""repeal all laws and abolish all practices that allowed for the deprivation of liberty on the basis of impairment and forced treatment, including mental health laws and institutionalization policies"""
60.253,Brazil,supported,Liberty & security of the person,Detention safeguards; deprivation of liberty on grounds of disability,C,Not implemented / no relevant action taken,Ensure that policies regarding migrants and asylum seekers respect the principle of non-refoulement and that detention is a measure of last resort,CRPD calls on Denmark to repeal laws allowing detention and compulsory treatment based on impairment; no such repeal is reported.,A/HRC/WG.6/52/DNK/2 para. 38,"UN Compilation (A/HRC/WG.6/52/DNK/2), para. 38 — Committee on the Rights of Persons with Disabilities: ""repeal all laws and abolish all practices that allowed for the deprivation of liberty on the basis of impairment and forced treatment, including mental health laws and institutionalization policies"""
60.254,Czechia,supported,Refugees & asylum seekers,Fair asylum procedures; end externalisation,E,"Contrary measures taken, or recommendation rejected",Ensure that the policies on detention and return of migrants and asylum seekers respect the international standards and the principle of non-refoulement,"Denmark has enacted legislation enabling the externalisation of its asylum policy and the processing of asylum claims in a third country, contrary to recommendations for fair and accessible asylum; CAT, UNHCR and the DIHR call for this to be revisited, and CAT also criticises reliance on diplomatic assurances and prison-like conditions in the Ellebaek return centre.",A/HRC/WG.6/52/DNK/2 para. 47; A/HRC/WG.6/52/DNK/3 para. 11; A/HRC/WG.6/52/DNK/3 para. 53,"UN Compilation (A/HRC/WG.6/52/DNK/2), para. 47 — Committee against Torture: ""concerned about legislation enabling the externalization of the asylum policy of Denmark, and about plans to process asylum claims in a third country. The Committee recommended that Denmark revisit legislation and plans for such externalization""
Stakeholders' Summary (A/HRC/WG.6/52/DNK/3), para. 11 — Danish Institute for Human Rights: ""legislation allowing the transfer of asylum seekers to a third country, to have their asylum case processed, lacked important legal safeguards""
Stakeholders' Summary (A/HRC/WG.6/52/DNK/3), para. 53 — Council of Europe (CPT); Joint submission 2: ""the conditions at the Ellebaek return centre were prison-like"""
60.255,Bahrain,noted,Refugees & asylum seekers,Fair asylum procedures; end externalisation,E,"Contrary measures taken, or recommendation rejected",Allow refugees and asylum seekers to reunite with their families without a waiting period,"Denmark has enacted legislation enabling the externalisation of its asylum policy and the processing of asylum claims in a third country, contrary to recommendations for fair and accessible asylum; CAT, UNHCR and the DIHR call for this to be revisited, and CAT also criticises reliance on diplomatic assurances and prison-like conditions in the Ellebaek return centre.",A/HRC/WG.6/52/DNK/2 para. 47; A/HRC/WG.6/52/DNK/3 para. 11; A/HRC/WG.6/52/DNK/3 para. 53,"UN Compilation (A/HRC/WG.6/52/DNK/2), para. 47 — Committee against Torture: ""concerned about legislation enabling the externalization of the asylum policy of Denmark, and about plans to process asylum claims in a third country. The Committee recommended that Denmark revisit legislation and plans for such externalization""
Stakeholders' Summary (A/HRC/WG.6/52/DNK/3), para. 11 — Danish Institute for Human Rights: ""legislation allowing the transfer of asylum seekers to a third country, to have their asylum case processed, lacked important legal safeguards""
Stakeholders' Summary (A/HRC/WG.6/52/DNK/3), para. 53 — Council of Europe (CPT); Joint submission 2: ""the conditions at the Ellebaek return centre were prison-like"""
60.256,Sudan,noted,Refugees & asylum seekers,Fair asylum procedures; end externalisation,E,"Contrary measures taken, or recommendation rejected",Take further measures to grant refugees and asylum seekers the right to family reunification,"Denmark has enacted legislation enabling the externalisation of its asylum policy and the processing of asylum claims in a third country, contrary to recommendations for fair and accessible asylum; CAT, UNHCR and the DIHR call for this to be revisited, and CAT also criticises reliance on diplomatic assurances and prison-like conditions in the Ellebaek return centre.",A/HRC/WG.6/52/DNK/2 para. 47; A/HRC/WG.6/52/DNK/3 para. 11; A/HRC/WG.6/52/DNK/3 para. 53,"UN Compilation (A/HRC/WG.6/52/DNK/2), para. 47 — Committee against Torture: ""concerned about legislation enabling the externalization of the asylum policy of Denmark, and about plans to process asylum claims in a third country. The Committee recommended that Denmark revisit legislation and plans for such externalization""
Stakeholders' Summary (A/HRC/WG.6/52/DNK/3), para. 11 — Danish Institute for Human Rights: ""legislation allowing the transfer of asylum seekers to a third country, to have their asylum case processed, lacked important legal safeguards""
Stakeholders' Summary (A/HRC/WG.6/52/DNK/3), para. 53 — Council of Europe (CPT); Joint submission 2: ""the conditions at the Ellebaek return centre were prison-like"""
60.257,Belarus,noted,Constitutional & legislative framework,"Legislative reforms (torture offence, defamation, expression)",C,Not implemented / no relevant action taken,Remove legislative and administrative barriers for women who are beneficiaries of international protection to ensure family reunification,"Torture is still not a distinct criminal offence in Danish, Greenlandic or Faroese law; defamation remains criminalised; and a 2023 provision criminalising 'improper treatment of objects with significant religious significance' has drawn Human Rights Committee and civil-society concern over vagueness and chilling effects on expression.",A/HRC/WG.6/52/DNK/2 para. 12; A/HRC/WG.6/52/DNK/2 para. 24; A/HRC/WG.6/52/DNK/2 para. 23,"UN Compilation (A/HRC/WG.6/52/DNK/2), para. 12 — Committee against Torture: ""torture was not criminalized as a distinct offence in the Danish Penal Code, the Military Criminal Code or the Greenlandic or Faroese criminal law""
UN Compilation (A/HRC/WG.6/52/DNK/2), para. 24 — Human Rights Committee: ""the amendment to section 110 (e) of the Penal Code, which criminalized the 'improper treatment of objects with significant religious significance' ... concerns about the vagueness of the terms and potential chilling effects on legitimate expression""
UN Compilation (A/HRC/WG.6/52/DNK/2), para. 23 — UNESCO: ""defamation was a criminal offence under Danish law and recommended that Denmark decriminalize defamation"""
60.258,China,supported,Legal & institutional reform,Legal and institutional reform,C,Not implemented / no relevant action taken,Abolish policies that violate the rights of refugees and migrants,"Key reforms sought - a stand-alone torture offence, decriminalisation of defamation, a duty of reasonable accommodation - are not reported as carried out.",A/HRC/WG.6/52/DNK/2 para. 12,"UN Compilation (A/HRC/WG.6/52/DNK/2), para. 12 — Committee against Torture: ""torture was not criminalized as a distinct offence in the Danish Penal Code, the Military Criminal Code or the Greenlandic or Faroese criminal law"""
60.259,Costa Rica,supported,Labour rights and right to work,"Equal pay, ILO standards and labour-market inclusion",B,"Partially implemented / steps taken, further action needed","Adopt support programmes for migrants and refugees, which grant them social inclusion and, in particular, labour integration","Denmark ratified ILO Convention No. 190 on violence and harassment at work (2024), is implementing the EU Pay Transparency Directive and adopted a 2025-2028 disability employment action plan; a 12.3 per cent gender pay gap persists and the employment rate of persons with disabilities remains lower than others.",A/HRC/WG.6/52/DNK/1 para. 8; A/HRC/WG.6/52/DNK/3 para. 47; A/HRC/WG.6/52/DNK/2 para. 32,"National Report (A/HRC/WG.6/52/DNK/1), para. 8 — Denmark: ""In 2024, Denmark ratified ILO convention number 190 concerning the elimination of violence and harassment in the world of work""
Stakeholders' Summary (A/HRC/WG.6/52/DNK/3), para. 47 — Institute for Protection of Women's Rights: ""the average Danish woman earned 12.3 percent less than the average Danish man in 2023, linked to occupational and hierarchical segregation""
UN Compilation (A/HRC/WG.6/52/DNK/2), para. 32 — Committee on the Rights of Persons with Disabilities: ""the employment rate of persons with disabilities was lower than that of others and recommended that Denmark adopt a long-term employment strategy"""
60.260,Dominican Republic,supported,Equality & non-discrimination,Anti-discrimination framework; national action plan against racism,B,"Partially implemented / steps taken, further action needed",Promote additional measures that allow greater integration of migrants and refugees,"Denmark has a broad anti-discrimination legal framework and in February 2025 adopted a National Action Plan against Racism with 36 initiatives, alongside successive action plans against antisemitism; CERD and stakeholders nonetheless report persistent gaps - no legislative prohibition of racial or ethnic profiling, weak hate-crime data, and a 2025 plan criticised for limited scope and for lacking a definition of racism.",A/HRC/WG.6/52/DNK/1 para. 112; A/HRC/WG.6/52/DNK/3 para. 21; A/HRC/WG.6/52/DNK/2 para. 9,"National Report (A/HRC/WG.6/52/DNK/1), para. 112 — Denmark: ""In February 2025, the Danish Government presented a national action plan against racism with 36 initiatives and the ambition to fight racism in a variety of areas in society""
Stakeholders' Summary (A/HRC/WG.6/52/DNK/3), para. 21 — Joint submission 1; Joint submission 2: ""welcomed the adoption of a national action plan against racism in February 2025. However, they were concerned that the plan had limitations in scope and lacked a clear definition of racism""
UN Compilation (A/HRC/WG.6/52/DNK/2), para. 9 — Committee on the Elimination of Racial Discrimination: ""expressed concern about the lack of a clear prohibition of racial profiling and of operational guidelines to combat racial profiling"""
60.261,Uganda,supported,Refugees & asylum seekers,Fair asylum procedures; end externalisation,E,"Contrary measures taken, or recommendation rejected",Take measures to reduce the detention period for asylum seekers and consider the use of such detention as an option of last resort,"Denmark has enacted legislation enabling the externalisation of its asylum policy and the processing of asylum claims in a third country, contrary to recommendations for fair and accessible asylum; CAT, UNHCR and the DIHR call for this to be revisited, and CAT also criticises reliance on diplomatic assurances and prison-like conditions in the Ellebaek return centre.",A/HRC/WG.6/52/DNK/2 para. 47; A/HRC/WG.6/52/DNK/3 para. 11; A/HRC/WG.6/52/DNK/3 para. 53,"UN Compilation (A/HRC/WG.6/52/DNK/2), para. 47 — Committee against Torture: ""concerned about legislation enabling the externalization of the asylum policy of Denmark, and about plans to process asylum claims in a third country. The Committee recommended that Denmark revisit legislation and plans for such externalization""
Stakeholders' Summary (A/HRC/WG.6/52/DNK/3), para. 11 — Danish Institute for Human Rights: ""legislation allowing the transfer of asylum seekers to a third country, to have their asylum case processed, lacked important legal safeguards""
Stakeholders' Summary (A/HRC/WG.6/52/DNK/3), para. 53 — Council of Europe (CPT); Joint submission 2: ""the conditions at the Ellebaek return centre were prison-like"""
60.262,Germany,noted,Migrants,Limit immigration detention; family reunification,B,"Partially implemented / steps taken, further action needed",Review conditions and treatment of foreign nationals without residence entitlements at the Ellebaek Centre for Foreigners,"The Human Rights Committee asked Denmark to amend the Aliens Act to limit immigration detention and reduce restrictions on family reunification for persons under temporary protection; the National Report describes detention as a last resort and states minors are 'as a general rule' not detained, but CAT remains concerned the option to detain children remains in law and that the 'tolerated stay' regime bars work.",A/HRC/WG.6/52/DNK/2 para. 48; A/HRC/WG.6/52/DNK/1 para. 63; A/HRC/WG.6/52/DNK/2 para. 51,"UN Compilation (A/HRC/WG.6/52/DNK/2), para. 48 — Human Rights Committee: ""asked Denmark to indicate the steps taken to amend the Aliens Act, with a view to limiting the detention of migrants and asylum-seekers to the shortest possible period""
National Report (A/HRC/WG.6/52/DNK/1), para. 63 — Denmark: ""detention according to the Danish Aliens Act only takes place as a last resort ... as a general rule, Denmark does not detain minors""
UN Compilation (A/HRC/WG.6/52/DNK/2), para. 51 — Committee against Torture: ""while noting information provided by Denmark that children would not be detained for the purpose of return, the Committee remained concerned that such an option continued to exist in law"""
60.263,Ghana,noted,Conditions of detention,Improve detention conditions; reduce pre-trial detention,B,"Partially implemented / steps taken, further action needed",Continue efforts to strengthen measures and strategies to improve detention procedures and living conditions in migration detention centres,"A new disciplinary system (September 2023) reduced long-term solitary confinement over 14 days and prison capacity is being expanded, but CAT, the CPT and the DIHR report continuing overcrowding, extensive and lengthening pre-trial detention, and remand prisoners in de facto isolation up to 23 hours a day.",A/HRC/WG.6/52/DNK/1 para. 80; A/HRC/WG.6/52/DNK/3 para. 3; A/HRC/WG.6/52/DNK/2 para. 14,"National Report (A/HRC/WG.6/52/DNK/1), para. 80 — Denmark: ""A new disciplinary penalty system entered into force in September 2023, which has led to ... a substantial decrease in long-term solitary confinement exceeding 14 days""
Stakeholders' Summary (A/HRC/WG.6/52/DNK/3), para. 3 — Danish Institute for Human Rights: ""some detainees stayed in their cells close to 23 hours a day, often without access to meaningful activities and with restrictions on contact with the outside world""
UN Compilation (A/HRC/WG.6/52/DNK/2), para. 14 — Committee against Torture: ""a high proportion of remand detention and an increase in the duration of pretrial detention, with low usage of alternatives to detention"""
60.264,Thailand,supported,Migrants,Limit immigration detention; family reunification,B,"Partially implemented / steps taken, further action needed",Step up its efforts to refrain from placing asylum-seeking children awaiting deportation in detention and consider utilizing alternatives to detention for them and for those unaccompanied children in immigration cases,"The Human Rights Committee asked Denmark to amend the Aliens Act to limit immigration detention and reduce restrictions on family reunification for persons under temporary protection; the National Report describes detention as a last resort and states minors are 'as a general rule' not detained, but CAT remains concerned the option to detain children remains in law and that the 'tolerated stay' regime bars work.",A/HRC/WG.6/52/DNK/2 para. 48; A/HRC/WG.6/52/DNK/1 para. 63; A/HRC/WG.6/52/DNK/2 para. 51,"UN Compilation (A/HRC/WG.6/52/DNK/2), para. 48 — Human Rights Committee: ""asked Denmark to indicate the steps taken to amend the Aliens Act, with a view to limiting the detention of migrants and asylum-seekers to the shortest possible period""
National Report (A/HRC/WG.6/52/DNK/1), para. 63 — Denmark: ""detention according to the Danish Aliens Act only takes place as a last resort ... as a general rule, Denmark does not detain minors""
UN Compilation (A/HRC/WG.6/52/DNK/2), para. 51 — Committee against Torture: ""while noting information provided by Denmark that children would not be detained for the purpose of return, the Committee remained concerned that such an option continued to exist in law"""
60.265,Turkey,supported,Refugees & asylum seekers,Fair asylum procedures; end externalisation,E,"Contrary measures taken, or recommendation rejected",Take necessary measures to ensure that the medical examinations of asylum seekers at the reception centres are performed by independent institutions,"Denmark has enacted legislation enabling the externalisation of its asylum policy and the processing of asylum claims in a third country, contrary to recommendations for fair and accessible asylum; CAT, UNHCR and the DIHR call for this to be revisited, and CAT also criticises reliance on diplomatic assurances and prison-like conditions in the Ellebaek return centre.",A/HRC/WG.6/52/DNK/2 para. 47; A/HRC/WG.6/52/DNK/3 para. 11; A/HRC/WG.6/52/DNK/3 para. 53,"UN Compilation (A/HRC/WG.6/52/DNK/2), para. 47 — Committee against Torture: ""concerned about legislation enabling the externalization of the asylum policy of Denmark, and about plans to process asylum claims in a third country. The Committee recommended that Denmark revisit legislation and plans for such externalization""
Stakeholders' Summary (A/HRC/WG.6/52/DNK/3), para. 11 — Danish Institute for Human Rights: ""legislation allowing the transfer of asylum seekers to a third country, to have their asylum case processed, lacked important legal safeguards""
Stakeholders' Summary (A/HRC/WG.6/52/DNK/3), para. 53 — Council of Europe (CPT); Joint submission 2: ""the conditions at the Ellebaek return centre were prison-like"""
60.266,Uruguay,noted,Migrants,Limit immigration detention; family reunification,B,"Partially implemented / steps taken, further action needed","Promote the increase of the age limit from 15 to 18 years, so that children have the right to family reunification recognized, and the revision of the Immigration Law, according to which people in a situation of temporary protection cannot benefit from family reunification for the first 3 years of residence, in line with the recommendations of the Committee on Children’s Rights","The Human Rights Committee asked Denmark to amend the Aliens Act to limit immigration detention and reduce restrictions on family reunification for persons under temporary protection; the National Report describes detention as a last resort and states minors are 'as a general rule' not detained, but CAT remains concerned the option to detain children remains in law and that the 'tolerated stay' regime bars work.",A/HRC/WG.6/52/DNK/2 para. 48; A/HRC/WG.6/52/DNK/1 para. 63; A/HRC/WG.6/52/DNK/2 para. 51,"UN Compilation (A/HRC/WG.6/52/DNK/2), para. 48 — Human Rights Committee: ""asked Denmark to indicate the steps taken to amend the Aliens Act, with a view to limiting the detention of migrants and asylum-seekers to the shortest possible period""
National Report (A/HRC/WG.6/52/DNK/1), para. 63 — Denmark: ""detention according to the Danish Aliens Act only takes place as a last resort ... as a general rule, Denmark does not detain minors""
UN Compilation (A/HRC/WG.6/52/DNK/2), para. 51 — Committee against Torture: ""while noting information provided by Denmark that children would not be detained for the purpose of return, the Committee remained concerned that such an option continued to exist in law"""
60.267,Uruguay,supported,Migrants,Limit immigration detention; family reunification,B,"Partially implemented / steps taken, further action needed",Ensure that the best interests of the child are a primary consideration in all decisions made on immigration cases involving children,"The Human Rights Committee asked Denmark to amend the Aliens Act to limit immigration detention and reduce restrictions on family reunification for persons under temporary protection; the National Report describes detention as a last resort and states minors are 'as a general rule' not detained, but CAT remains concerned the option to detain children remains in law and that the 'tolerated stay' regime bars work.",A/HRC/WG.6/52/DNK/2 para. 48; A/HRC/WG.6/52/DNK/1 para. 63; A/HRC/WG.6/52/DNK/2 para. 51,"UN Compilation (A/HRC/WG.6/52/DNK/2), para. 48 — Human Rights Committee: ""asked Denmark to indicate the steps taken to amend the Aliens Act, with a view to limiting the detention of migrants and asylum-seekers to the shortest possible period""
National Report (A/HRC/WG.6/52/DNK/1), para. 63 — Denmark: ""detention according to the Danish Aliens Act only takes place as a last resort ... as a general rule, Denmark does not detain minors""
UN Compilation (A/HRC/WG.6/52/DNK/2), para. 51 — Committee against Torture: ""while noting information provided by Denmark that children would not be detained for the purpose of return, the Committee remained concerned that such an option continued to exist in law"""
60.268,Canada,noted,Refugees & asylum seekers,Fair asylum procedures; end externalisation,E,"Contrary measures taken, or recommendation rejected",Refrain from shifting its asylum and protection obligations to third countries and ensure adequate protection in law and practice for asylum seekers,"Denmark has enacted legislation enabling the externalisation of its asylum policy and the processing of asylum claims in a third country, contrary to recommendations for fair and accessible asylum; CAT, UNHCR and the DIHR call for this to be revisited, and CAT also criticises reliance on diplomatic assurances and prison-like conditions in the Ellebaek return centre.",A/HRC/WG.6/52/DNK/2 para. 47; A/HRC/WG.6/52/DNK/3 para. 11; A/HRC/WG.6/52/DNK/3 para. 53,"UN Compilation (A/HRC/WG.6/52/DNK/2), para. 47 — Committee against Torture: ""concerned about legislation enabling the externalization of the asylum policy of Denmark, and about plans to process asylum claims in a third country. The Committee recommended that Denmark revisit legislation and plans for such externalization""
Stakeholders' Summary (A/HRC/WG.6/52/DNK/3), para. 11 — Danish Institute for Human Rights: ""legislation allowing the transfer of asylum seekers to a third country, to have their asylum case processed, lacked important legal safeguards""
Stakeholders' Summary (A/HRC/WG.6/52/DNK/3), para. 53 — Council of Europe (CPT); Joint submission 2: ""the conditions at the Ellebaek return centre were prison-like"""
60.269,Egypt,noted,Administration of justice & fair trial,Access to justice; police complaints; safeguards,C,Not implemented / no relevant action taken,"Enhance training of police forces concerning the treatment of migrants, refugees and asylum seekers","CRPD reports persistent barriers to access to justice for persons with disabilities, and the DIHR calls for the Independent Police Complaints Authority's mandate to be expanded to assess human-rights violations; no responsive legislative change is reported.",A/HRC/WG.6/52/DNK/2 para. 21; A/HRC/WG.6/52/DNK/3 para. 4,"UN Compilation (A/HRC/WG.6/52/DNK/2), para. 21 — Committee on the Rights of Persons with Disabilities: ""barriers to access to justice for persons with disabilities, across Denmark, the Faroe Islands and Greenland, including the insufficient provision of procedural accommodation""
Stakeholders' Summary (A/HRC/WG.6/52/DNK/3), para. 4 — Danish Institute for Human Rights: ""expand the mandate of the Independent Police Complaints Authority to include assessing and deciding on whether individuals who file complaints against the police had been subjected to human rights violations"""
60.270,Indonesia,supported,Migrants,Limit immigration detention; family reunification,B,"Partially implemented / steps taken, further action needed",Ensure migrants and migrant children receive equal and fair treatment in the delivery of programmes and social benefit,"The Human Rights Committee asked Denmark to amend the Aliens Act to limit immigration detention and reduce restrictions on family reunification for persons under temporary protection; the National Report describes detention as a last resort and states minors are 'as a general rule' not detained, but CAT remains concerned the option to detain children remains in law and that the 'tolerated stay' regime bars work.",A/HRC/WG.6/52/DNK/2 para. 48; A/HRC/WG.6/52/DNK/1 para. 63; A/HRC/WG.6/52/DNK/2 para. 51,"UN Compilation (A/HRC/WG.6/52/DNK/2), para. 48 — Human Rights Committee: ""asked Denmark to indicate the steps taken to amend the Aliens Act, with a view to limiting the detention of migrants and asylum-seekers to the shortest possible period""
National Report (A/HRC/WG.6/52/DNK/1), para. 63 — Denmark: ""detention according to the Danish Aliens Act only takes place as a last resort ... as a general rule, Denmark does not detain minors""
UN Compilation (A/HRC/WG.6/52/DNK/2), para. 51 — Committee against Torture: ""while noting information provided by Denmark that children would not be detained for the purpose of return, the Committee remained concerned that such an option continued to exist in law"""
60.271,Belgium,noted,"Rights related to name, identity & nationality",Legal gender recognition; nationality of stateless children,B,"Partially implemented / steps taken, further action needed","Take the necessary measures to prevent statelessness, in line with national law and the 1961 Convention on the Reduction of Statelessness, specifically regarding children born in Denmark","Denmark allows administrative legal gender change from age 18 and since 2023 a procedure for minors to obtain an identification number reflecting their gender identity; legal gender recognition regardless of age was rejected by Parliament in January 2025, and children born stateless still do not acquire nationality automatically at birth.",A/HRC/WG.6/52/DNK/3 para. 50; A/HRC/WG.6/52/DNK/2 para. 53,"Stakeholders' Summary (A/HRC/WG.6/52/DNK/3), para. 50 — Joint submission 2: ""legal gender recognition regardless of age had not been adopted, following the rejection of a parliamentary proposal in January 2025""
UN Compilation (A/HRC/WG.6/52/DNK/2), para. 53 — Committee on the Elimination of Discrimination against Women; UNHCR: ""children born stateless in Denmark did not automatically acquire nationality at birth ... ensure, by law, that children born in the country were automatically granted Danish citizenship if they would otherwise be stateless"""
60.272,Chile,noted,"Rights related to name, identity & nationality",Legal gender recognition; nationality of stateless children,B,"Partially implemented / steps taken, further action needed","Establish effective mechanisms to eradicate and prevent statelessness of children born within the country, in accordance with the provisions of the 1961 Convention on the Reduction of Statelessness","Denmark allows administrative legal gender change from age 18 and since 2023 a procedure for minors to obtain an identification number reflecting their gender identity; legal gender recognition regardless of age was rejected by Parliament in January 2025, and children born stateless still do not acquire nationality automatically at birth.",A/HRC/WG.6/52/DNK/3 para. 50; A/HRC/WG.6/52/DNK/2 para. 53,"Stakeholders' Summary (A/HRC/WG.6/52/DNK/3), para. 50 — Joint submission 2: ""legal gender recognition regardless of age had not been adopted, following the rejection of a parliamentary proposal in January 2025""
UN Compilation (A/HRC/WG.6/52/DNK/2), para. 53 — Committee on the Elimination of Discrimination against Women; UNHCR: ""children born stateless in Denmark did not automatically acquire nationality at birth ... ensure, by law, that children born in the country were automatically granted Danish citizenship if they would otherwise be stateless"""
60.273,Lebanon,supported,Human rights & counter-terrorism,Counter-terrorism measures and safeguards,D,No information available on implementation,Continue efforts made in fighting terrorism and its financing in addition to violent extremism,The National Report notes only that combating terrorism is a 'highly important priority' with initiatives since 2015; the 4th-cycle documentation contains no specific information on measures responsive to these recommendations or on Danish counter-terrorism safeguards.,A/HRC/WG.6/52/DNK/1 para. 77,"National Report (A/HRC/WG.6/52/DNK/1), para. 77 — Denmark: ""Substantial counter-terrorism initiatives have been launched since the 2015 terror attacks in Copenhagen"""
60.274,Indonesia,supported,Human rights & counter-terrorism,Counter-terrorism measures and safeguards,D,No information available on implementation,Uphold the rule of law and international human rights obligations in its effort to combat terrorism and terror-related crimes,The National Report notes only that combating terrorism is a 'highly important priority' with initiatives since 2015; the 4th-cycle documentation contains no specific information on measures responsive to these recommendations or on Danish counter-terrorism safeguards.,A/HRC/WG.6/52/DNK/1 para. 77,"National Report (A/HRC/WG.6/52/DNK/1), para. 77 — Denmark: ""Substantial counter-terrorism initiatives have been launched since the 2015 terror attacks in Copenhagen"""
60.275,Islamic Republic of Iran,supported,Human rights & counter-terrorism,Counter-terrorism measures and safeguards,D,No information available on implementation,"Ensure Denmark’s compliance with its international obligations by refraining from providing support to those who are accused or convicted of terrorism, and prevent the abuse of refugees or asylum status for terrorist activities against other States",The National Report notes only that combating terrorism is a 'highly important priority' with initiatives since 2015; the 4th-cycle documentation contains no specific information on measures responsive to these recommendations or on Danish counter-terrorism safeguards.,A/HRC/WG.6/52/DNK/1 para. 77,"National Report (A/HRC/WG.6/52/DNK/1), para. 77 — Denmark: ""Substantial counter-terrorism initiatives have been launched since the 2015 terror attacks in Copenhagen"""
60.276,Mexico,noted,Human rights & counter-terrorism,Counter-terrorism measures and safeguards,D,No information available on implementation,"Review the legislative framework relating to the fight against terrorism to align it with international human rights law, including provisions on the issue of nationality",The National Report notes only that combating terrorism is a 'highly important priority' with initiatives since 2015; the 4th-cycle documentation contains no specific information on measures responsive to these recommendations or on Danish counter-terrorism safeguards.,A/HRC/WG.6/52/DNK/1 para. 77,"National Report (A/HRC/WG.6/52/DNK/1), para. 77 — Denmark: ""Substantial counter-terrorism initiatives have been launched since the 2015 terror attacks in Copenhagen"""
60.277,Pakistan,noted,Human rights & counter-terrorism,Counter-terrorism measures and safeguards,D,No information available on implementation,Review counter-terrorism legislation and ensure its conformity with international law,The National Report notes only that combating terrorism is a 'highly important priority' with initiatives since 2015; the 4th-cycle documentation contains no specific information on measures responsive to these recommendations or on Danish counter-terrorism safeguards.,A/HRC/WG.6/52/DNK/1 para. 77,"National Report (A/HRC/WG.6/52/DNK/1), para. 77 — Denmark: ""Substantial counter-terrorism initiatives have been launched since the 2015 terror attacks in Copenhagen"""
60.278,Ukraine,supported,Human rights & counter-terrorism,Counter-terrorism measures and safeguards,D,No information available on implementation,Ensure that counter-terrorism measures are in full conformity with the provisions of the International Covenant on Civil and Political Rights,The National Report notes only that combating terrorism is a 'highly important priority' with initiatives since 2015; the 4th-cycle documentation contains no specific information on measures responsive to these recommendations or on Danish counter-terrorism safeguards.,A/HRC/WG.6/52/DNK/1 para. 77,"National Report (A/HRC/WG.6/52/DNK/1), para. 77 — Denmark: ""Substantial counter-terrorism initiatives have been launched since the 2015 terror attacks in Copenhagen"""
60.279,Belarus,supported,Human rights & counter-terrorism,Counter-terrorism measures and safeguards,D,No information available on implementation,Bring national counter-terrorism legislation in line with Denmark’s international human rights obligations,The National Report notes only that combating terrorism is a 'highly important priority' with initiatives since 2015; the 4th-cycle documentation contains no specific information on measures responsive to these recommendations or on Danish counter-terrorism safeguards.,A/HRC/WG.6/52/DNK/1 para. 77,"National Report (A/HRC/WG.6/52/DNK/1), para. 77 — Denmark: ""Substantial counter-terrorism initiatives have been launched since the 2015 terror attacks in Copenhagen"""
60.280,Lithuania,supported,Human rights & poverty,"Combat poverty, including child poverty",C,Not implemented / no relevant action taken,Develop specific poverty reduction measures to protect children living in Greenland and on the Faroe Islands,"Denmark maintains an extensive social-protection system but has no official poverty definition and does not intend to adopt one; JS2 reports roughly 49,500 people in poverty and a benefit reform reducing income for an estimated 11,000 children, and calls for a national child-poverty action plan.",A/HRC/WG.6/52/DNK/1 para. 101; A/HRC/WG.6/52/DNK/3 para. 38,"National Report (A/HRC/WG.6/52/DNK/1), para. 101 — Denmark: ""There is no official poverty definition in Denmark. The Government does not intend to introduce an official definition of poverty""
Stakeholders' Summary (A/HRC/WG.6/52/DNK/3), para. 38 — Joint submission 2: ""49,500 persons lived in poverty and the social benefit reform would reduce income for an estimated 11,000 children ... initiate a national action plan to combat child poverty"""
60.281,Iceland,supported,Equality & non-discrimination,Protect LGBTI persons from discrimination,B,"Partially implemented / steps taken, further action needed","Adopt comprehensive anti-discrimination legislation in Greenland that encompasses all the prohibited grounds of discrimination, including sexual orientation and gender identity","Denmark strengthened protection of LGBT+ people in December 2021 by adding gender identity, gender expression and sex characteristics to the hate-crime, hate-speech and discrimination laws, funds LGBT+ action plans and introduced 'co-fatherhood' in 2025; legal gender recognition for minors regardless of age was rejected by Parliament in January 2025.",A/HRC/WG.6/52/DNK/1 para. 29; A/HRC/WG.6/52/DNK/3 para. 50,"National Report (A/HRC/WG.6/52/DNK/1), para. 29 — Denmark: ""In December 2021, Denmark strengthened the protection of LGBT+ people by explicitly referring to gender identity, gender expression and sex characteristics as grounds of protection in the Danish laws covering hate crimes, hate speech and discrimination""
Stakeholders' Summary (A/HRC/WG.6/52/DNK/3), para. 50 — Joint submission 2: ""legal gender recognition regardless of age had not been adopted, following the rejection of a parliamentary proposal in January 2025"""
60.282,United States of America,supported,Sexual & gender-based violence,Prevent and address sexual and gender-based violence,B,"Partially implemented / steps taken, further action needed",Continue the development of programmes to combat the sexual abuse of children in Greenland,"Denmark adopted a consent-based rape law (2020), a National Action Plan on Intimate Partner Violence and Killings 2023-2026, psychological-violence provisions, a victims' hotline and new shelters (including for men, 2024); CEDAW, CAT and JS2 report rising gender-based violence, few rape convictions, and the Istanbul Convention still not applied to Greenland and the Faroe Islands.",A/HRC/WG.6/52/DNK/2 para. 35; A/HRC/WG.6/52/DNK/2 para. 36; A/HRC/WG.6/52/DNK/3 para. 46,"UN Compilation (A/HRC/WG.6/52/DNK/2), para. 35 — Committee against Torture: ""welcomed the adoption of the National Action Plan to Combat Intimate Partner Violence and Intimate Partner Killings 2023-2026""
UN Compilation (A/HRC/WG.6/52/DNK/2), para. 36 — Committee on the Elimination of Discrimination against Women: ""it noted with concern the rise in gender-based violence against women, high incidences of sexual violence against women with disabilities and the reported high prevalence of sexual harassment in the workplace and the education system""
Stakeholders' Summary (A/HRC/WG.6/52/DNK/3), para. 46 — Joint submission 2: ""a small proportion of reported cases of rape resulting in convictions, and a high number of suspected femicides in the first half of 2025"""
60.283,Canada,supported,Equality & non-discrimination,Anti-discrimination framework; national action plan against racism,B,"Partially implemented / steps taken, further action needed","Introduce legislation to protect residents of Greenland against discrimination on all recognized grounds, within and outside the labour market, including establishing an independent appeals board","Denmark has a broad anti-discrimination legal framework and in February 2025 adopted a National Action Plan against Racism with 36 initiatives, alongside successive action plans against antisemitism; CERD and stakeholders nonetheless report persistent gaps - no legislative prohibition of racial or ethnic profiling, weak hate-crime data, and a 2025 plan criticised for limited scope and for lacking a definition of racism.",A/HRC/WG.6/52/DNK/1 para. 112; A/HRC/WG.6/52/DNK/3 para. 21; A/HRC/WG.6/52/DNK/2 para. 9,"National Report (A/HRC/WG.6/52/DNK/1), para. 112 — Denmark: ""In February 2025, the Danish Government presented a national action plan against racism with 36 initiatives and the ambition to fight racism in a variety of areas in society""
Stakeholders' Summary (A/HRC/WG.6/52/DNK/3), para. 21 — Joint submission 1; Joint submission 2: ""welcomed the adoption of a national action plan against racism in February 2025. However, they were concerned that the plan had limitations in scope and lacked a clear definition of racism""
UN Compilation (A/HRC/WG.6/52/DNK/2), para. 9 — Committee on the Elimination of Racial Discrimination: ""expressed concern about the lack of a clear prohibition of racial profiling and of operational guidelines to combat racial profiling"""
60.284,Iceland,supported,Sexual & gender-based violence,Prevent and address sexual and gender-based violence,B,"Partially implemented / steps taken, further action needed",Address violence against women and provide the appropriate support services to rape and sexual assault survivors in the Faroe Islands,"Denmark adopted a consent-based rape law (2020), a National Action Plan on Intimate Partner Violence and Killings 2023-2026, psychological-violence provisions, a victims' hotline and new shelters (including for men, 2024); CEDAW, CAT and JS2 report rising gender-based violence, few rape convictions, and the Istanbul Convention still not applied to Greenland and the Faroe Islands.",A/HRC/WG.6/52/DNK/2 para. 35; A/HRC/WG.6/52/DNK/2 para. 36; A/HRC/WG.6/52/DNK/3 para. 46,"UN Compilation (A/HRC/WG.6/52/DNK/2), para. 35 — Committee against Torture: ""welcomed the adoption of the National Action Plan to Combat Intimate Partner Violence and Intimate Partner Killings 2023-2026""
UN Compilation (A/HRC/WG.6/52/DNK/2), para. 36 — Committee on the Elimination of Discrimination against Women: ""it noted with concern the rise in gender-based violence against women, high incidences of sexual violence against women with disabilities and the reported high prevalence of sexual harassment in the workplace and the education system""
Stakeholders' Summary (A/HRC/WG.6/52/DNK/3), para. 46 — Joint submission 2: ""a small proportion of reported cases of rape resulting in convictions, and a high number of suspected femicides in the first half of 2025"""
60.285,the Paris Principles; India,supported,National Human Rights Institution (NHRI),Strengthen the national human rights institution,B,"Partially implemented / steps taken, further action needed",Consider establishing a human rights institution for the Faroe Islands in accordance with the principles relating to the status of national institutions for the promotion and protection of human rights,"The Danish Institute for Human Rights retains A-status accreditation; the Human Rights Committee has asked Denmark to amend the DIHR Act to secure an independent board-removal procedure, liability protection and adequate funding, and no NHRI has yet been established in the Faroe Islands.",A/HRC/WG.6/52/DNK/2 para. 4; A/HRC/WG.6/52/DNK/1 para. 150,"UN Compilation (A/HRC/WG.6/52/DNK/2), para. 4 — Human Rights Committee: ""amending the Act on the Danish Institute for Human Rights to establish an independent procedure for removal of board members ... guaranteeing adequate funding to fulfil its mandate""
National Report (A/HRC/WG.6/52/DNK/1), para. 150 — Denmark: ""The Government has explored different options for establishing a national human rights institution [in the Faroe Islands], adapted to the small Faroese society, and will continue to do so"""
60.286,Rwanda,supported,National Human Rights Institution (NHRI),Strengthen the national human rights institution,B,"Partially implemented / steps taken, further action needed","Expedite the establishment of a human rights institution in the Faroe Islands, in compliance with the Paris Principles","The Danish Institute for Human Rights retains A-status accreditation; the Human Rights Committee has asked Denmark to amend the DIHR Act to secure an independent board-removal procedure, liability protection and adequate funding, and no NHRI has yet been established in the Faroe Islands.",A/HRC/WG.6/52/DNK/2 para. 4; A/HRC/WG.6/52/DNK/1 para. 150,"UN Compilation (A/HRC/WG.6/52/DNK/2), para. 4 — Human Rights Committee: ""amending the Act on the Danish Institute for Human Rights to establish an independent procedure for removal of board members ... guaranteeing adequate funding to fulfil its mandate""
National Report (A/HRC/WG.6/52/DNK/1), para. 150 — Denmark: ""The Government has explored different options for establishing a national human rights institution [in the Faroe Islands], adapted to the small Faroese society, and will continue to do so"""
60.287,Peru,supported,National Human Rights Institution (NHRI),Strengthen the national human rights institution,B,"Partially implemented / steps taken, further action needed","Evaluate establishing a national human rights institution in the Faroe Islands, in accordance with the Paris Principles","The Danish Institute for Human Rights retains A-status accreditation; the Human Rights Committee has asked Denmark to amend the DIHR Act to secure an independent board-removal procedure, liability protection and adequate funding, and no NHRI has yet been established in the Faroe Islands.",A/HRC/WG.6/52/DNK/2 para. 4; A/HRC/WG.6/52/DNK/1 para. 150,"UN Compilation (A/HRC/WG.6/52/DNK/2), para. 4 — Human Rights Committee: ""amending the Act on the Danish Institute for Human Rights to establish an independent procedure for removal of board members ... guaranteeing adequate funding to fulfil its mandate""
National Report (A/HRC/WG.6/52/DNK/1), para. 150 — Denmark: ""The Government has explored different options for establishing a national human rights institution [in the Faroe Islands], adapted to the small Faroese society, and will continue to do so"""
60.288,,supported,National Human Rights Institution (NHRI),Strengthen the national human rights institution,B,"Partially implemented / steps taken, further action needed","Establish a national human rights institution covering the Faroe Islands according to recommendations made by the General Assembly in 1994 and by the Committee on Economic, Social and Cultural Rights in 2013 (Poland).","The Danish Institute for Human Rights retains A-status accreditation; the Human Rights Committee has asked Denmark to amend the DIHR Act to secure an independent board-removal procedure, liability protection and adequate funding, and no NHRI has yet been established in the Faroe Islands.",A/HRC/WG.6/52/DNK/2 para. 4; A/HRC/WG.6/52/DNK/1 para. 150,"UN Compilation (A/HRC/WG.6/52/DNK/2), para. 4 — Human Rights Committee: ""amending the Act on the Danish Institute for Human Rights to establish an independent procedure for removal of board members ... guaranteeing adequate funding to fulfil its mandate""
National Report (A/HRC/WG.6/52/DNK/1), para. 150 — Denmark: ""The Government has explored different options for establishing a national human rights institution [in the Faroe Islands], adapted to the small Faroese society, and will continue to do so"""
